calendrier,mois,jour,adriaan,dieu_donne,v2,v3_score,v3
11,1,1,vide,vide,vide,,non lu
11,1,2,vide,vide,vide,,non lu
11,1,3,vide,vide,vide,,non lu
11,1,4,vide,vide,vide,,non lu
11,1,5,vide,vide,vide,,non lu
11,1,6,vide,vide,vide,,non lu
11,1,7,vide,vide,vide,,non lu
11,1,8,vide,vide,vide,,non lu
11,1,9,vide,vide,vide,,non lu
11,1,10,vide,vide,vide,,non lu
11,1,11,vide,vide,vide,,non lu
11,1,12,vide,vide,vide,,non lu
11,1,13,vide,vide,vide,,non lu
11,1,14,vide,vide,vide,,non lu
11,1,15,vide,vide,vide,,non lu
11,1,16,vide,vide,vide,,non lu
11,1,17,vide,vide,vide,,non lu
11,1,18,vide,vide,vide,,non lu
11,1,19,vide,vide,vide,,non lu
11,1,20,vide,vide,vide,,non lu
11,1,21,vide,vide,vide,,non lu
11,1,22,vide,vide,vide,,non lu
11,1,23,vide,vide,vide,,non lu
11,1,24,vide,vide,vide,,non lu
11,1,25,vide,vide,vide,,non lu
11,1,26,vide,vide,vide,,non lu
11,1,27,vide,vide,vide,,non lu
11,1,28,vide,vide,vide,,non lu
11,1,29,vide,vide,vide,,non lu
11,1,30,vide,vide,vide,,non lu
11,1,31,vide,vide,vide,,non lu
11,2,1,vide,vide,vide,,non lu
11,2,2,vide,vide,vide,,non lu
11,2,3,vide,vide,vide,,non lu
11,2,4,vide,vide,vide,,non lu
11,2,5,vide,vide,vide,,non lu
11,2,6,vide,vide,vide,,non lu
11,2,7,vide,vide,vide,,non lu
11,2,8,vide,vide,vide,,non lu
11,2,9,vide,vide,vide,,non lu
11,2,10,vide,vide,vide,,non lu
11,2,11,vide,vide,vide,,non lu
11,2,12,vide,vide,vide,,non lu
11,2,13,vide,vide,vide,,non lu
11,2,14,vide,vide,vide,,non lu
11,2,15,vide,vide,vide,,non lu
11,2,16,vide,vide,vide,,non lu
11,2,17,vide,vide,vide,,non lu
11,2,18,vide,vide,vide,,non lu
11,2,19,vide,vide,vide,,non lu
11,2,20,vide,vide,vide,,non lu
11,2,21,vide,vide,vide,,non lu
11,2,22,vide,vide,vide,,non lu
11,2,23,vide,vide,vide,,non lu
11,2,24,vide,vide,vide,,non lu
11,2,25,vide,vide,vide,,non lu
11,2,26,vide,vide,vide,,non lu
11,2,27,vide,vide,vide,,non lu
11,2,28,vide,vide,vide,,non lu
11,3,1,vide,vide,vide,,non lu
11,3,2,vide,vide,vide,,non lu
11,3,3,vide,vide,vide,,non lu
11,3,4,vide,vide,vide,,non lu
11,3,5,vide,vide,vide,,non lu
11,3,6,vide,vide,vide,,non lu
11,3,7,vide,vide,vide,,non lu
11,3,8,vide,vide,vide,,non lu
11,3,9,vide,vide,vide,,non lu
11,3,10,vide,vide,vide,,non lu
11,3,11,vide,vide,vide,,non lu
11,3,12,vide,vide,vide,,non lu
11,3,13,vide,vide,vide,,non lu
11,3,14,vide,vide,vide,,non lu
11,3,15,vide,vide,vide,,non lu
11,3,16,vide,vide,vide,,non lu
11,3,17,vide,vide,vide,,non lu
11,3,18,vide,vide,vide,,non lu
11,3,19,vide,vide,vide,,non lu
11,3,20,vide,vide,vide,,non lu
11,3,21,vide,vide,vide,,non lu
11,3,22,vide,vide,vide,,non lu
11,3,23,vide,vide,vide,,non lu
11,3,24,vide,vide,vide,,non lu
11,3,25,vide,vide,vide,,non lu
11,3,26,vide,vide,vide,,non lu
11,3,27,vide,vide,vide,,non lu
11,3,28,vide,vide,vide,,non lu
11,3,29,vide,vide,vide,,non lu
11,3,30,vide,vide,vide,,non lu
11,3,31,vide,vide,vide,,non lu
11,4,1,vide,vide,vide,,non lu
11,4,2,vide,vide,vide,,non lu
11,4,3,vide,vide,vide,,non lu
11,4,4,vide,vide,vide,,non lu
11,4,5,vide,vide,vide,,non lu
11,4,6,vide,vide,vide,,non lu
11,4,7,vide,vide,vide,,non lu
11,4,8,vide,vide,vide,,non lu
11,4,9,vide,vide,vide,,non lu
11,4,10,vide,vide,vide,,non lu
11,4,11,vide,vide,vide,,non lu
11,4,12,vide,vide,vide,,non lu
11,4,13,vide,vide,vide,,non lu
11,4,14,vide,vide,vide,,non lu
11,4,15,vide,vide,vide,,non lu
11,4,16,vide,vide,vide,,non lu
11,4,17,vide,vide,vide,,non lu
11,4,18,vide,vide,vide,,non lu
11,4,19,vide,vide,vide,,non lu
11,4,20,vide,vide,vide,,non lu
11,4,21,vide,vide,vide,,non lu
11,4,22,vide,vide,vide,,non lu
11,4,23,vide,vide,vide,,non lu
11,4,24,vide,vide,vide,,non lu
11,4,25,vide,vide,vide,,non lu
11,4,26,vide,vide,vide,,non lu
11,4,27,vide,vide,vide,,non lu
11,4,28,vide,vide,vide,,non lu
11,4,29,vide,vide,vide,,non lu
11,4,30,vide,vide,vide,,non lu
11,5,1,vide,vide,vide,,non lu
11,5,2,vide,vide,vide,,non lu
11,5,3,vide,vide,vide,,non lu
11,5,4,vide,vide,vide,,non lu
11,5,5,vide,vide,vide,,non lu
11,5,6,vide,vide,vide,,non lu
11,5,7,vide,vide,vide,,non lu
11,5,8,vide,vide,vide,,non lu
11,5,9,vide,vide,vide,,non lu
11,5,10,vide,vide,vide,,non lu
11,5,11,vide,vide,vide,,non lu
11,5,12,vide,vide,vide,,non lu
11,5,13,vide,vide,vide,,non lu
11,5,14,vide,vide,vide,,non lu
11,5,15,vide,vide,vide,,non lu
11,5,16,vide,vide,vide,,non lu
11,5,17,vide,vide,vide,,non lu
11,5,18,X,X,vide,,non lu
11,5,19,vide,vide,vide,,non lu
11,5,20,vide,vide,vide,,non lu
11,5,21,vide,vide,vide,,non lu
12,1,1,vide,vide,vide,0.0000,vide
12,1,2,vide,vide,vide,0.0000,vide
12,1,3,vide,vide,vide,0.0000,vide
12,1,4,vide,vide,vide,0.0000,vide
12,1,5,vide,vide,vide,0.0000,vide
12,1,6,vide,vide,vide,0.0000,vide
12,1,7,vide,vide,vide,0.0012,vide
12,1,8,vide,vide,vide,0.0004,vide
12,1,9,vide,vide,vide,0.0001,vide
12,1,10,vide,vide,vide,0.0005,vide
12,1,11,vide,vide,vide,0.0012,vide
12,1,12,vide,vide,vide,0.0009,vide
12,1,13,vide,vide,vide,0.0007,vide
12,1,14,vide,vide,vide,0.0008,vide
12,1,15,vide,vide,vide,0.0004,vide
12,1,16,vide,vide,vide,0.0002,vide
12,1,17,vide,vide,vide,0.0004,vide
12,1,18,vide,vide,vide,0.0006,vide
12,1,19,vide,vide,vide,0.0000,vide
12,1,20,vide,vide,vide,0.0000,vide
12,1,21,vide,vide,vide,0.0000,vide
12,1,22,vide,vide,vide,0.0000,vide
12,1,23,vide,vide,vide,0.0000,vide
12,1,24,vide,vide,vide,0.0000,vide
12,1,25,vide,vide,vide,0.0001,vide
12,1,26,vide,vide,vide,0.0000,vide
12,1,27,vide,vide,vide,0.0000,vide
12,1,28,vide,vide,vide,0.0000,vide
12,1,29,vide,vide,vide,0.0000,vide
12,1,30,vide,vide,vide,0.0000,vide
12,1,31,vide,vide,vide,0.0000,vide
12,2,1,vide,vide,vide,0.0007,vide
12,2,2,vide,vide,vide,0.0013,vide
12,2,3,vide,vide,vide,0.0010,vide
12,2,4,vide,vide,vide,0.0006,vide
12,2,5,vide,vide,vide,0.0005,vide
12,2,6,vide,vide,vide,0.0014,vide
12,2,7,vide,vide,vide,0.0009,vide
12,2,8,vide,vide,vide,0.0007,vide
12,2,9,vide,vide,vide,0.0007,vide
12,2,10,vide,vide,vide,0.0016,vide
12,2,11,vide,vide,vide,0.0010,vide
12,2,12,vide,vide,vide,0.0014,vide
12,2,13,vide,vide,vide,0.0010,vide
12,2,14,vide,vide,vide,0.0001,vide
12,2,15,vide,vide,vide,0.0005,vide
12,2,16,vide,vide,vide,0.0016,vide
12,2,17,vide,vide,vide,0.0011,vide
12,2,18,vide,vide,vide,0.0010,vide
12,2,19,vide,vide,vide,0.0001,vide
12,2,20,vide,vide,vide,0.0002,vide
12,2,21,vide,vide,vide,0.0002,vide
12,2,22,vide,vide,vide,0.0005,vide
12,2,23,vide,vide,vide,0.0028,vide
12,2,24,vide,vide,vide,0.0019,vide
12,2,25,vide,vide,vide,0.0010,vide
12,2,26,vide,vide,vide,0.0007,vide
12,2,27,vide,vide,vide,0.0014,vide
12,2,28,vide,vide,vide,0.0011,vide
12,3,1,vide,vide,vide,0.0000,vide
12,3,2,vide,vide,vide,0.0000,vide
12,3,3,vide,vide,vide,0.0000,vide
12,3,4,vide,vide,vide,0.0000,vide
12,3,5,vide,vide,vide,0.0000,vide
12,3,6,vide,vide,vide,0.0007,vide
12,3,7,vide,vide,vide,0.0005,vide
12,3,8,vide,vide,vide,0.0000,vide
12,3,9,vide,vide,vide,0.0004,vide
12,3,10,vide,vide,vide,0.0014,vide
14,1,1,vide,vide,vide,0.0000,vide
14,1,2,vide,vide,vide,0.0003,vide
14,1,3,vide,vide,vide,0.0024,vide
14,1,4,vide,vide,vide,0.0014,vide
14,1,5,vide,vide,vide,0.0023,vide
14,1,6,vide,vide,vide,0.0002,vide
14,1,7,vide,vide,vide,0.0009,vide
14,1,8,vide,vide,vide,0.0000,vide
14,1,9,vide,vide,vide,0.0002,vide
14,1,10,vide,vide,vide,0.0000,vide
14,1,11,vide,vide,vide,0.0002,vide
14,1,12,vide,vide,vide,0.0027,vide
14,1,13,vide,vide,vide,0.0033,vide
14,1,14,vide,vide,vide,0.0025,vide
14,1,15,vide,vide,vide,0.0000,vide
14,1,16,vide,vide,vide,0.0001,vide
14,1,17,vide,vide,vide,0.0000,vide
14,1,18,vide,vide,vide,0.0001,vide
14,1,19,vide,vide,vide,0.0000,vide
14,1,20,vide,vide,vide,0.0000,vide
14,1,21,vide,vide,vide,0.0000,vide
14,1,22,vide,vide,vide,0.0000,vide
14,1,23,vide,vide,vide,0.0000,vide
14,1,24,vide,vide,vide,0.0000,vide
14,1,25,vide,vide,vide,0.0000,vide
14,1,26,vide,vide,vide,0.0000,vide
14,1,27,vide,vide,vide,0.0000,vide
14,1,28,vide,vide,vide,0.0000,vide
14,1,29,vide,vide,vide,0.0000,vide
14,1,30,vide,vide,vide,0.0000,vide
14,1,31,vide,vide,vide,0.0021,vide
14,2,1,vide,vide,vide,0.0533,vide
14,2,2,vide,vide,vide,0.0183,vide
14,2,3,vide,vide,vide,0.0588,vide
14,2,4,vide,vide,vide,0.0622,vide
14,2,5,vide,vide,vide,0.0281,vide
14,2,6,vide,vide,vide,0.0210,vide
14,2,7,vide,vide,vide,0.0188,vide
14,2,8,vide,vide,vide,0.0193,vide
14,2,9,vide,vide,vide,0.0203,vide
14,2,10,vide,vide,vide,0.0148,vide
14,2,11,vide,vide,vide,0.0190,vide
14,2,12,vide,vide,vide,0.0134,vide
14,2,13,vide,vide,vide,0.0132,vide
14,2,14,vide,vide,vide,0.0147,vide
14,2,15,vide,vide,vide,0.0098,vide
14,2,16,vide,vide,vide,0.0174,vide
14,2,17,vide,vide,vide,0.0161,vide
14,2,18,vide,vide,vide,0.0189,vide
14,2,19,vide,vide,vide,0.0118,vide
14,2,20,vide,vide,vide,0.0113,vide
14,2,21,vide,vide,vide,0.0097,vide
14,2,22,vide,vide,vide,0.0041,vide
14,2,23,vide,vide,vide,0.0105,vide
14,2,24,vide,vide,vide,0.0097,vide
14,2,25,vide,vide,vide,0.0137,vide
14,2,26,vide,vide,vide,0.0067,vide
14,2,27,vide,vide,vide,0.0070,vide
14,2,28,vide,vide,vide,0.0068,vide
14,2,29,vide,vide,vide,0.0209,vide
14,3,1,vide,vide,vide,0.0165,vide
14,3,2,vide,vide,vide,0.0138,vide
14,3,3,vide,vide,vide,0.0159,vide
14,3,4,vide,vide,vide,0.0097,vide
14,3,5,vide,vide,vide,0.0088,vide
14,3,6,vide,vide,vide,0.0176,vide
14,3,7,vide,vide,vide,0.0090,vide
14,3,8,vide,vide,vide,0.0169,vide
14,3,9,vide,vide,vide,0.0122,vide
14,3,10,vide,vide,vide,0.0161,vide
14,3,11,vide,vide,vide,0.0086,vide
14,3,12,vide,vide,vide,0.0082,vide
14,3,13,vide,vide,vide,0.0132,vide
14,3,14,vide,vide,vide,0.0110,vide
14,3,15,vide,vide,vide,0.0189,vide
14,3,16,vide,vide,vide,0.0164,vide
14,3,17,vide,vide,vide,0.0147,vide
14,3,18,vide,vide,vide,0.0106,vide
14,3,19,vide,vide,vide,0.0093,vide
14,3,20,vide,vide,vide,0.0094,vide
14,3,21,vide,vide,vide,0.0078,vide
14,3,22,vide,vide,vide,0.0138,vide
14,3,23,vide,vide,vide,0.0114,vide
14,3,24,vide,vide,vide,0.0105,vide
14,3,25,vide,vide,vide,0.0041,vide
14,3,26,vide,vide,vide,0.0022,vide
14,3,27,vide,vide,vide,0.0053,vide
14,3,28,vide,vide,vide,0.0044,vide
14,3,29,vide,vide,vide,0.0049,vide
14,3,30,vide,vide,vide,0.0014,vide
14,3,31,vide,vide,vide,0.0029,vide
14,4,1,vide,vide,vide,0.0114,vide
14,4,2,vide,vide,vide,0.0082,vide
14,4,3,vide,vide,vide,0.0148,vide
14,4,4,vide,vide,vide,0.0109,vide
14,4,5,vide,vide,vide,0.0175,vide
14,4,6,vide,vide,vide,0.0131,vide
14,4,7,vide,vide,vide,0.0159,vide
14,4,8,vide,vide,vide,0.0101,vide
14,4,9,vide,vide,vide,0.0091,vide
14,4,10,vide,vide,vide,0.0133,vide
14,4,11,vide,vide,vide,0.0094,vide
14,4,12,vide,vide,vide,0.0169,vide
14,4,13,vide,vide,vide,0.0136,vide
14,4,14,vide,vide,vide,0.0172,vide
14,4,15,vide,vide,vide,0.0121,vide
14,4,16,vide,vide,vide,0.0086,vide
14,4,17,vide,vide,vide,0.0144,vide
14,4,18,vide,vide,vide,0.0093,vide
14,4,19,vide,vide,vide,0.0157,vide
14,4,20,vide,vide,vide,0.0126,vide
14,4,21,vide,vide,vide,0.0139,vide
14,4,22,vide,vide,vide,0.0086,vide
14,4,23,vide,vide,vide,0.0070,vide
14,4,24,vide,vide,vide,0.0092,vide
14,4,25,vide,vide,vide,0.0031,vide
14,4,26,vide,vide,vide,0.0073,vide
14,4,27,vide,vide,vide,0.0064,vide
14,4,28,vide,vide,vide,0.0086,vide
14,4,29,vide,vide,vide,0.0049,vide
14,4,30,vide,vide,vide,0.0031,vide
14,5,1,vide,vide,vide,0.0164,vide
14,5,2,vide,vide,vide,0.0096,vide
14,5,3,vide,vide,vide,0.0146,vide
14,5,4,vide,vide,vide,0.0127,vide
14,5,5,vide,vide,vide,0.0171,vide
14,5,6,vide,vide,vide,0.0071,vide
14,5,7,vide,vide,vide,0.0097,vide
14,5,8,vide,vide,vide,0.0121,vide
14,5,9,vide,?,vide,0.0116,vide
14,5,10,vide,?,vide,0.0115,vide
14,5,11,vide,?,vide,0.0210,vide
14,5,12,vide,?,vide,0.0136,vide
14,5,13,vide,?,vide,0.0045,vide
14,5,14,vide,?,vide,0.0282,vide
14,5,15,vide,?,vide,0.0135,vide
14,5,16,vide,?,vide,0.0109,vide
14,5,17,vide,vide,vide,0.0072,vide
14,5,18,vide,?,vide,0.0205,vide
14,5,19,vide,vide,vide,0.0095,vide
14,5,20,vide,vide,vide,0.0016,vide
14,5,21,vide,vide,vide,0.0018,vide
14,5,22,vide,vide,vide,0.0039,vide
14,5,23,vide,vide,vide,0.0047,vide
14,5,24,vide,vide,vide,0.0070,vide
14,5,25,vide,vide,vide,0.0150,vide
14,5,26,vide,vide,vide,0.0121,vide
14,5,27,vide,vide,vide,0.0140,vide
14,5,28,vide,vide,vide,0.0058,vide
14,5,29,vide,vide,vide,0.0050,vide
14,5,30,vide,vide,vide,0.0027,vide
14,5,31,vide,vide,vide,0.0000,vide
14,6,1,vide,vide,vide,0.0134,vide
14,6,2,vide,vide,vide,0.0170,vide
14,6,3,vide,vide,vide,0.0085,vide
14,6,4,vide,vide,vide,0.0107,vide
14,6,5,vide,vide,vide,0.0091,vide
14,6,6,vide,vide,vide,0.0044,vide
14,6,7,vide,vide,vide,0.0101,vide
14,6,8,vide,vide,vide,0.0056,vide
14,6,9,vide,vide,vide,0.0070,vide
14,6,10,vide,vide,vide,0.0038,vide
14,6,11,vide,vide,vide,0.0014,vide
14,6,12,vide,vide,vide,0.0004,vide
14,6,13,vide,vide,vide,0.0000,vide
14,6,14,vide,vide,vide,0.0158,vide
14,6,15,vide,vide,vide,0.0000,vide
14,6,16,vide,vide,vide,0.0000,vide
14,6,17,vide,vide,vide,0.0000,vide
14,6,18,vide,vide,vide,0.0000,vide
14,6,19,vide,vide,vide,0.0000,vide
14,6,20,vide,vide,vide,0.0000,vide
14,6,21,vide,vide,vide,0.0005,vide
14,6,22,vide,vide,vide,0.0000,vide
14,6,23,vide,vide,vide,0.0000,vide
14,6,24,vide,X,vide,0.0042,vide
14,6,25,vide,vide,vide,0.0000,vide
14,6,26,vide,vide,vide,0.0000,vide
14,6,27,vide,vide,vide,0.0000,vide
14,6,28,vide,vide,vide,0.0000,vide
14,6,29,vide,vide,vide,0.0000,vide
14,6,30,vide,vide,vide,0.0049,vide
14,7,1,vide,vide,vide,0.0769,vide
14,7,2,vide,vide,vide,0.0898,vide
14,7,3,vide,vide,vide,0.0799,vide
14,7,4,vide,vide,vide,0.0856,vide
14,7,5,vide,vide,vide,0.0517,vide
14,7,6,vide,vide,vide,0.1055,vide
14,7,7,vide,vide,vide,0.0423,vide
14,7,8,vide,vide,vide,0.0909,vide
14,7,9,vide,vide,vide,0.0731,vide
14,7,10,vide,vide,vide,0.0690,vide
14,7,11,vide,vide,vide,0.0522,vide
14,7,12,vide,vide,vide,0.0322,vide
14,7,13,vide,vide,vide,0.0763,vide
14,7,14,vide,vide,vide,0.0402,vide
14,7,15,vide,vide,vide,0.0651,vide
14,7,16,vide,vide,vide,0.0646,vide
14,7,17,vide,vide,vide,0.0529,vide
14,7,18,vide,vide,vide,0.0418,vide
14,7,19,vide,vide,vide,0.0343,vide
14,7,20,vide,vide,vide,0.0485,vide
14,7,21,vide,vide,vide,0.0398,vide
14,7,22,vide,vide,vide,0.0483,vide
14,7,23,vide,vide,vide,0.0393,vide
14,7,24,vide,vide,vide,0.0301,vide
14,7,25,vide,vide,vide,0.0408,vide
14,7,26,vide,vide,vide,0.0404,vide
14,7,27,vide,vide,vide,0.0349,vide
14,7,28,vide,vide,vide,0.0743,vide
14,7,29,vide,vide,vide,0.0583,vide
14,7,30,vide,vide,vide,0.0835,vide
14,7,31,vide,vide,vide,0.0898,vide
14,8,1,vide,vide,vide,0.0937,vide
14,8,2,vide,vide,vide,0.0811,vide
14,8,3,vide,vide,vide,0.0984,vide
14,8,4,vide,vide,vide,0.0776,vide
14,8,5,vide,vide,vide,0.0499,vide
14,8,6,vide,vide,vide,0.0907,vide
14,8,7,vide,vide,vide,0.0467,vide
14,8,8,vide,vide,vide,0.0080,vide
14,8,9,vide,vide,vide,0.0673,vide
14,8,10,vide,vide,vide,0.1050,vide
14,8,11,vide,vide,vide,0.0400,vide
14,8,12,vide,vide,vide,0.0756,vide
14,8,13,vide,vide,vide,0.1037,vide
14,8,14,vide,vide,vide,0.0396,vide
14,8,15,vide,vide,vide,0.0982,vide
14,8,16,vide,vide,vide,0.0844,vide
14,8,17,vide,vide,vide,0.0751,vide
14,8,18,vide,vide,vide,0.0630,vide
14,8,19,vide,vide,vide,0.1148,vide
14,8,20,vide,vide,vide,0.1233,vide
14,8,21,vide,vide,vide,0.1455,X
14,8,22,vide,vide,vide,0.1252,vide
14,8,23,vide,vide,vide,0.1230,vide
14,8,24,vide,vide,vide,0.1126,vide
14,8,25,vide,vide,vide,0.1100,vide
14,8,26,vide,vide,vide,0.0894,vide
14,8,27,vide,vide,vide,0.0829,vide
14,8,28,vide,vide,vide,0.1041,vide
14,8,29,vide,vide,vide,0.0921,vide
14,8,30,vide,vide,vide,0.0914,vide
14,8,31,vide,vide,vide,0.0225,vide
14,9,1,vide,vide,vide,0.1398,X
14,9,2,vide,vide,vide,0.0446,vide
14,9,3,vide,vide,vide,0.0468,vide
14,9,4,vide,vide,vide,0.0436,vide
14,9,5,vide,vide,vide,0.0540,vide
14,9,6,vide,vide,vide,0.0647,vide
14,9,7,vide,vide,vide,0.0666,vide
14,9,8,vide,vide,vide,0.0816,vide
14,9,9,vide,vide,vide,0.0915,vide
14,9,10,vide,vide,vide,0.1241,vide
14,9,11,vide,vide,vide,0.1190,vide
14,9,12,vide,vide,vide,0.0845,vide
14,9,13,vide,vide,vide,0.0764,vide
14,9,14,vide,vide,vide,0.1000,vide
14,9,15,vide,vide,vide,0.1159,vide
14,9,16,vide,vide,vide,0.1483,X
14,9,17,vide,vide,vide,0.1606,X
14,9,18,vide,vide,vide,0.1593,X
14,9,19,vide,vide,vide,0.1644,X
14,9,20,vide,vide,vide,0.1832,X
14,9,21,vide,vide,vide,0.1296,vide
14,9,22,vide,vide,vide,0.1558,X
14,9,23,vide,vide,vide,0.1419,X
14,9,24,vide,vide,vide,0.1056,vide
14,9,25,vide,vide,vide,0.1062,vide
14,9,26,vide,vide,vide,0.1135,vide
14,9,27,vide,vide,vide,0.0927,vide
14,9,28,vide,vide,vide,0.0643,vide
14,9,29,vide,vide,vide,0.0596,vide
14,9,30,vide,vide,vide,0.0358,vide
14,10,1,vide,vide,vide,0.1725,X
14,10,2,vide,vide,vide,0.0804,vide
14,10,3,vide,vide,vide,0.0838,vide
14,10,4,vide,vide,vide,0.0779,vide
14,10,5,vide,vide,vide,0.0561,vide
14,10,6,vide,vide,vide,0.0897,vide
14,10,7,vide,vide,vide,0.0606,vide
14,10,8,vide,vide,vide,0.0837,vide
14,10,9,vide,X,vide,0.0960,vide
14,10,10,vide,vide,vide,0.0400,vide
14,10,11,vide,vide,vide,0.0816,vide
14,10,12,vide,vide,vide,0.0535,vide
14,10,13,vide,vide,vide,0.0244,vide
14,10,14,vide,vide,vide,0.0384,vide
14,10,15,vide,vide,vide,0.0576,vide
14,10,16,vide,vide,vide,0.0978,vide
14,10,17,vide,vide,vide,0.1297,vide
14,10,18,vide,vide,vide,0.1194,vide
14,10,19,vide,vide,vide,0.1482,X
14,10,20,vide,vide,vide,0.1183,vide
14,10,21,vide,vide,vide,0.1188,vide
14,10,22,vide,vide,vide,0.1094,vide
14,10,23,vide,vide,vide,0.0965,vide
14,10,24,vide,vide,vide,0.0918,vide
14,10,25,vide,vide,vide,0.0709,vide
14,10,26,vide,vide,vide,0.0720,vide
14,10,27,vide,vide,vide,0.0847,vide
14,10,28,vide,vide,vide,0.0718,vide
14,10,29,vide,vide,vide,0.0765,vide
14,10,30,vide,vide,vide,0.0703,vide
14,10,31,vide,vide,vide,0.0145,vide
14,11,1,vide,vide,vide,0.0546,vide
14,11,2,vide,vide,vide,0.0000,vide
14,11,3,vide,vide,vide,0.0598,vide
14,11,4,vide,vide,vide,0.0109,vide
14,11,5,vide,vide,vide,0.0000,vide
14,11,6,vide,vide,vide,0.0000,vide
14,11,7,vide,vide,vide,0.0000,vide
14,11,8,vide,vide,vide,0.0000,vide
14,11,9,vide,vide,vide,0.0000,vide
14,11,10,vide,vide,vide,0.0000,vide
14,11,11,vide,vide,vide,0.0000,vide
14,11,12,vide,vide,vide,0.0000,vide
14,11,13,vide,vide,vide,0.0000,vide
14,11,14,vide,vide,vide,0.0000,vide
14,11,15,vide,vide,vide,0.0000,vide
14,11,16,vide,vide,vide,0.0000,vide
14,11,17,vide,vide,vide,0.0000,vide
14,11,18,vide,vide,vide,0.0000,vide
14,11,19,vide,vide,vide,0.0000,vide
14,11,20,vide,vide,vide,0.0000,vide
14,11,21,vide,vide,vide,0.0000,vide
14,11,22,vide,vide,vide,0.0000,vide
14,11,23,vide,vide,vide,0.0000,vide
14,11,24,vide,vide,vide,0.0000,vide
14,11,25,vide,vide,vide,0.0000,vide
14,11,26,vide,vide,vide,0.0000,vide
14,11,27,vide,vide,vide,0.0000,vide
14,11,28,vide,vide,vide,0.0000,vide
14,11,29,vide,vide,vide,0.0000,vide
14,11,30,vide,vide,vide,0.0000,vide
14,12,1,vide,vide,vide,0.0321,vide
14,12,2,vide,vide,vide,0.0355,vide
14,12,3,vide,vide,vide,0.0534,vide
14,12,4,vide,vide,vide,0.0542,vide
14,12,5,vide,vide,vide,0.0737,vide
14,12,6,vide,vide,vide,0.0847,vide
14,12,7,vide,vide,vide,0.0976,vide
14,12,8,vide,vide,vide,0.0554,vide
14,12,9,vide,vide,vide,0.0203,vide
14,12,10,vide,vide,vide,0.0387,vide
14,12,11,vide,vide,vide,0.0417,vide
14,12,12,vide,vide,vide,0.0127,vide
14,12,13,vide,vide,vide,0.0197,vide
14,12,14,vide,vide,vide,0.0200,vide
14,12,15,vide,vide,vide,0.0287,vide
14,12,16,vide,vide,vide,0.0151,vide
14,12,17,vide,vide,vide,0.0147,vide
14,12,18,vide,vide,vide,0.0145,vide
14,12,19,vide,vide,vide,0.0049,vide
14,12,20,vide,vide,vide,0.0134,vide
14,12,21,vide,vide,vide,0.0101,vide
14,12,22,vide,vide,vide,0.0158,vide
14,12,23,vide,vide,vide,0.0087,vide
14,12,24,vide,vide,vide,0.0070,vide
14,12,25,vide,vide,vide,0.0110,vide
14,12,26,vide,vide,vide,0.0033,vide
14,12,27,vide,vide,vide,0.0158,vide
14,12,28,vide,vide,vide,0.0143,vide
14,12,29,vide,vide,vide,0.0135,vide
14,12,30,vide,vide,vide,0.0111,vide
14,12,31,vide,vide,vide,0.0146,vide
16,1,1,vide,vide,vide,0.0658,vide
16,1,2,vide,vide,vide,0.0565,vide
16,1,3,vide,vide,vide,0.0550,vide
16,1,4,vide,vide,vide,0.0751,vide
16,1,5,vide,vide,vide,0.0455,vide
16,1,6,vide,vide,vide,0.0654,vide
16,1,7,vide,vide,vide,0.0679,vide
16,1,8,vide,vide,vide,0.0651,vide
16,1,9,vide,vide,vide,0.0413,vide
16,1,10,vide,vide,vide,0.0239,vide
16,1,11,vide,vide,vide,0.0250,vide
16,1,12,vide,vide,vide,0.0070,vide
16,1,13,vide,vide,vide,0.0082,vide
16,1,14,vide,vide,vide,0.0124,vide
16,1,15,vide,vide,vide,0.0138,vide
16,1,16,vide,vide,vide,0.0093,vide
16,1,17,vide,vide,vide,0.0054,vide
16,1,18,vide,vide,vide,0.0072,vide
16,1,19,vide,vide,vide,0.0034,vide
16,1,20,vide,vide,vide,0.0064,vide
16,1,21,vide,vide,vide,0.0123,vide
16,1,22,vide,vide,vide,0.0147,vide
16,1,23,vide,vide,vide,0.0051,vide
16,1,24,vide,vide,vide,0.0018,vide
16,1,25,vide,vide,vide,0.0097,vide
16,1,26,vide,vide,vide,0.0107,vide
16,1,27,vide,vide,vide,0.0096,vide
16,1,28,vide,vide,vide,0.0077,vide
16,1,29,vide,vide,vide,0.0000,vide
16,1,30,vide,vide,vide,0.0159,vide
16,1,31,vide,vide,vide,0.0000,vide
16,2,1,vide,vide,vide,0.0000,vide
16,2,2,vide,vide,vide,0.0000,vide
16,2,3,vide,vide,vide,0.0000,vide
16,2,4,vide,vide,vide,0.0000,vide
16,2,5,vide,vide,vide,0.0000,vide
16,2,6,vide,vide,vide,0.1788,X
16,2,7,vide,vide,vide,0.1842,X
16,2,8,vide,vide,vide,0.2414,X
16,2,9,vide,vide,vide,0.2247,X
16,2,10,vide,vide,vide,0.1349,vide
16,2,11,vide,vide,vide,0.1670,X
16,2,12,vide,vide,vide,0.1424,X
16,2,13,vide,vide,vide,0.1944,X
16,2,14,vide,vide,vide,0.2195,X
16,2,15,vide,vide,vide,0.1857,X
16,2,16,vide,vide,vide,0.1327,vide
16,2,17,vide,vide,vide,0.1330,vide
16,2,18,vide,vide,vide,0.1021,vide
16,2,19,vide,vide,vide,0.0661,vide
16,2,20,vide,vide,vide,0.0650,vide
16,2,21,vide,vide,vide,0.0469,vide
16,2,22,vide,vide,vide,0.0318,vide
16,2,23,vide,vide,vide,0.0114,vide
16,2,24,vide,vide,vide,0.0048,vide
16,2,25,vide,vide,vide,0.0073,vide
16,2,26,vide,vide,vide,0.0017,vide
16,2,27,vide,vide,vide,0.0000,vide
16,2,28,vide,vide,vide,0.0000,vide
16,3,1,vide,vide,vide,0.0554,vide
16,3,2,vide,vide,vide,0.0528,vide
16,3,3,vide,vide,vide,0.0579,vide
16,3,4,vide,vide,vide,0.0422,vide
16,3,5,vide,vide,vide,0.0741,vide
16,3,6,vide,vide,vide,0.0576,vide
16,3,7,vide,vide,vide,0.0576,vide
16,3,8,vide,vide,vide,0.0476,vide
16,3,9,vide,vide,vide,0.0342,vide
16,3,10,vide,vide,vide,0.0145,vide
16,3,11,vide,vide,vide,0.0002,vide
16,3,12,vide,vide,vide,0.0000,vide
16,3,13,vide,vide,vide,0.0000,vide
16,3,14,vide,vide,vide,0.0000,vide
16,3,15,vide,vide,vide,0.0000,vide
16,3,16,vide,vide,vide,0.0000,vide
16,3,17,vide,vide,vide,0.0000,vide
16,3,18,vide,vide,vide,0.0000,vide
16,3,19,vide,vide,vide,0.0000,vide
16,3,20,vide,vide,vide,0.0000,vide
16,3,21,vide,vide,vide,0.0000,vide
16,3,22,vide,vide,vide,0.0000,vide
16,3,23,vide,vide,vide,0.0000,vide
16,3,24,vide,vide,vide,0.0000,vide
16,3,25,vide,vide,vide,0.0000,vide
16,3,26,vide,vide,vide,0.0430,vide
16,3,27,vide,vide,vide,0.0000,vide
16,3,28,vide,vide,vide,0.0000,vide
16,3,29,vide,vide,vide,0.0000,vide
16,3,30,vide,vide,vide,0.0000,vide
16,3,31,vide,vide,vide,0.0000,vide
16,4,1,vide,vide,vide,0.0169,vide
16,4,2,vide,vide,vide,0.0092,vide
16,4,3,vide,vide,vide,0.0099,vide
16,4,4,vide,vide,vide,0.0063,vide
16,4,5,vide,vide,vide,0.0080,vide
16,4,6,vide,vide,vide,0.0133,vide
16,4,7,vide,vide,vide,0.0103,vide
16,4,8,vide,vide,vide,0.0089,vide
16,4,9,vide,vide,vide,0.0043,vide
16,4,10,vide,vide,vide,0.0042,vide
16,4,11,vide,vide,vide,0.0077,vide
16,4,12,vide,vide,vide,0.0119,vide
16,4,13,vide,vide,vide,0.0094,vide
16,4,14,vide,vide,vide,0.0070,vide
16,4,15,vide,vide,vide,0.0048,vide
16,4,16,vide,vide,vide,0.0029,vide
16,4,17,vide,vide,vide,0.0050,vide
16,4,18,vide,vide,vide,0.0077,vide
16,4,19,vide,vide,vide,0.0118,vide
16,4,20,vide,vide,vide,0.0095,vide
16,4,21,vide,vide,vide,0.0063,vide
16,4,22,vide,vide,vide,0.0401,vide
16,4,23,vide,vide,vide,0.0414,vide
16,4,24,vide,vide,vide,0.0077,vide
16,4,25,vide,vide,vide,0.0032,vide
16,4,26,vide,vide,vide,0.0005,vide
16,4,27,vide,vide,vide,0.0000,vide
16,4,28,vide,vide,vide,0.0000,vide
16,4,29,vide,vide,vide,0.0169,vide
16,4,30,vide,vide,vide,0.0032,vide
16,5,1,vide,vide,vide,0.0055,vide
16,5,2,vide,vide,vide,0.0081,vide
16,5,3,vide,vide,vide,0.0062,vide
16,5,4,vide,vide,vide,0.0120,vide
16,5,5,vide,vide,vide,0.0074,vide
16,5,6,vide,vide,vide,0.0063,vide
16,5,7,vide,vide,vide,0.0021,vide
16,5,8,vide,vide,vide,0.0050,vide
16,5,9,vide,vide,vide,0.0094,vide
16,5,10,vide,vide,vide,0.0126,vide
16,5,11,vide,vide,vide,0.0129,vide
16,5,12,vide,vide,vide,0.0090,vide
16,5,13,vide,vide,vide,0.0080,vide
16,5,14,vide,vide,vide,0.0043,vide
16,5,15,vide,vide,vide,0.0055,vide
16,5,16,vide,vide,vide,0.0083,vide
16,5,17,vide,vide,vide,0.0085,vide
16,5,18,vide,vide,vide,0.0148,vide
16,5,19,vide,vide,vide,0.0050,vide
16,5,20,vide,vide,vide,0.0071,vide
16,5,21,vide,vide,vide,0.0067,vide
16,5,22,vide,vide,vide,0.0120,vide
16,5,23,vide,vide,vide,0.0322,vide
16,5,24,vide,vide,vide,0.0130,vide
16,5,25,vide,vide,vide,0.0209,vide
16,5,26,vide,vide,vide,0.0034,vide
16,5,27,vide,vide,vide,0.0000,vide
16,5,28,vide,vide,vide,0.0009,vide
16,5,29,vide,vide,vide,0.0011,vide
16,5,30,vide,vide,vide,0.0038,vide
16,5,31,vide,vide,vide,0.0171,vide
16,6,1,vide,vide,vide,0.0205,vide
16,6,2,vide,vide,vide,0.0236,vide
16,6,3,vide,vide,vide,0.0060,vide
16,6,4,vide,vide,vide,0.0075,vide
16,6,5,vide,vide,vide,0.0108,vide
16,6,6,vide,vide,vide,0.0132,vide
16,6,7,vide,vide,vide,0.0142,vide
16,6,8,vide,vide,vide,0.0131,vide
16,6,9,vide,vide,vide,0.0106,vide
16,6,10,vide,vide,vide,0.0044,vide
16,6,11,vide,vide,vide,0.0036,vide
16,6,12,vide,vide,vide,0.0079,vide
16,6,13,vide,vide,vide,0.0052,vide
16,6,14,vide,vide,vide,0.0119,vide
16,6,15,vide,vide,vide,0.0132,vide
16,6,16,vide,vide,vide,0.0098,vide
16,6,17,vide,vide,vide,0.0094,vide
16,6,18,vide,vide,vide,0.0075,vide
16,6,19,vide,vide,vide,0.0077,vide
16,6,20,vide,vide,vide,0.0099,vide
16,6,21,vide,vide,vide,0.0170,vide
16,6,22,vide,vide,vide,0.0155,vide
16,6,23,vide,vide,vide,0.0080,vide
16,6,24,vide,vide,vide,0.0036,vide
16,6,25,vide,vide,vide,0.0062,vide
18,1,1,vide,vide,vide,0.0342,vide
18,1,2,vide,vide,vide,0.0760,vide
18,1,3,vide,vide,vide,0.0361,vide
18,1,4,vide,vide,vide,0.0473,vide
18,1,5,vide,vide,?,0.0801,vide
18,1,6,vide,vide,?,0.0838,vide
18,1,7,X,?,vide,0.0562,vide
18,1,8,vide,vide,vide,0.0787,vide
18,1,9,vide,vide,vide,0.0243,vide
18,1,10,vide,vide,vide,0.0196,vide
18,1,11,vide,vide,vide,0.0232,vide
18,1,12,vide,vide,vide,0.0362,vide
19,1,1,vide,vide,vide,0.0000,vide
19,1,2,vide,vide,vide,0.0000,vide
19,1,3,vide,vide,vide,0.0000,vide
19,1,4,vide,vide,vide,0.0000,vide
19,1,5,vide,vide,vide,0.0000,vide
19,1,6,vide,vide,vide,0.0000,vide
19,1,7,vide,vide,vide,0.0000,vide
19,1,8,vide,vide,vide,0.0000,vide
19,1,9,vide,vide,vide,0.0000,vide
19,1,10,vide,vide,vide,0.0000,vide
19,1,11,vide,vide,vide,0.0000,vide
19,1,12,vide,vide,vide,0.0000,vide
19,1,13,vide,vide,vide,0.0000,vide
19,1,14,vide,vide,vide,0.0000,vide
19,1,15,vide,vide,vide,0.0000,vide
19,1,16,vide,vide,vide,0.0000,vide
19,1,17,vide,vide,vide,0.0000,vide
19,1,18,vide,vide,vide,0.0000,vide
19,1,19,vide,vide,vide,0.0082,vide
19,1,20,vide,vide,vide,0.0646,vide
19,1,21,vide,vide,vide,0.0978,vide
19,1,22,vide,vide,vide,0.1496,X
19,1,23,vide,vide,vide,0.1632,X
19,1,24,vide,vide,vide,0.1950,X
19,1,25,vide,vide,vide,0.1889,X
19,1,26,vide,vide,vide,0.2230,X
19,1,27,vide,vide,vide,0.1806,X
19,1,28,vide,vide,vide,0.2035,X
19,1,29,vide,vide,vide,0.0000,vide
19,1,30,vide,vide,vide,0.0000,vide
19,1,31,vide,vide,vide,0.0000,vide
19,2,1,vide,vide,vide,0.0585,vide
19,2,2,vide,vide,vide,0.0537,vide
19,2,3,vide,vide,vide,0.0500,vide
19,2,4,vide,vide,vide,0.0353,vide
19,2,5,vide,vide,vide,0.0120,vide
19,2,6,vide,vide,vide,0.0036,vide
19,2,7,vide,vide,vide,0.0026,vide
19,2,8,vide,vide,vide,0.0022,vide
19,2,9,vide,vide,vide,0.0032,vide
19,2,10,vide,vide,vide,0.0038,vide
19,2,11,vide,vide,vide,0.0022,vide
19,2,12,vide,vide,vide,0.0096,vide
19,2,13,vide,vide,vide,0.0032,vide
19,2,14,vide,vide,vide,0.0020,vide
19,2,15,vide,vide,vide,0.0049,vide
19,2,16,vide,vide,vide,0.0033,vide
19,2,17,vide,vide,vide,0.0019,vide
19,2,18,vide,vide,vide,0.0000,vide
19,2,19,vide,vide,vide,0.0000,vide
19,2,20,vide,vide,vide,0.0000,vide
19,2,21,vide,vide,vide,0.0000,vide
19,2,22,vide,vide,vide,0.0000,vide
19,2,23,vide,vide,vide,0.0000,vide
19,2,24,vide,vide,vide,0.0000,vide
19,2,25,vide,vide,vide,0.0000,vide
19,2,26,vide,vide,vide,0.0000,vide
19,2,27,vide,vide,vide,0.0001,vide
19,2,28,vide,vide,vide,0.0032,vide
19,3,1,vide,vide,vide,0.0529,vide
19,3,2,vide,vide,vide,0.0482,vide
19,3,3,vide,vide,vide,0.0518,vide
19,3,4,vide,vide,vide,0.0196,vide
19,3,5,vide,vide,vide,0.0177,vide
19,3,6,vide,vide,vide,0.0028,vide
19,3,7,vide,vide,vide,0.0019,vide
19,3,8,vide,vide,vide,0.0037,vide
19,3,9,vide,vide,vide,0.0053,vide
19,3,10,vide,vide,vide,0.0032,vide
19,3,11,vide,vide,vide,0.0015,vide
19,3,12,vide,vide,vide,0.0009,vide
19,3,13,vide,vide,vide,0.0023,vide
19,3,14,vide,vide,vide,0.0022,vide
19,3,15,vide,vide,vide,0.0046,vide
19,3,16,vide,vide,vide,0.0062,vide
19,3,17,vide,vide,vide,0.0028,vide
19,3,18,vide,vide,vide,0.0016,vide
19,3,19,vide,vide,vide,0.0008,vide
19,3,20,vide,vide,vide,0.0023,vide
19,3,21,vide,vide,vide,0.0032,vide
19,3,22,vide,vide,vide,0.0020,vide
19,3,23,vide,vide,vide,0.0045,vide
19,3,24,vide,vide,vide,0.0012,vide
19,3,25,vide,vide,vide,0.0017,vide
19,3,26,vide,vide,vide,0.0002,vide
19,3,27,vide,vide,vide,0.0000,vide
19,3,28,vide,vide,vide,0.0012,vide
19,3,29,vide,vide,vide,0.0045,vide
19,3,30,vide,vide,vide,0.0027,vide
19,3,31,vide,vide,vide,0.0162,vide
19,4,1,vide,vide,vide,0.0011,vide
19,4,2,vide,vide,vide,0.0063,vide
19,4,3,vide,vide,vide,0.0036,vide
19,4,4,vide,vide,vide,0.0018,vide
19,4,5,vide,vide,vide,0.0063,vide
19,4,6,vide,vide,vide,0.0035,vide
19,4,7,vide,vide,vide,0.0022,vide
19,4,8,vide,vide,vide,0.0025,vide
19,4,9,vide,vide,vide,0.0035,vide
19,4,10,vide,vide,vide,0.0017,vide
19,4,11,vide,vide,vide,0.0016,vide
19,4,12,vide,vide,vide,0.0036,vide
19,4,13,vide,vide,vide,0.0032,vide
19,4,14,vide,vide,vide,0.0032,vide
19,4,15,vide,vide,vide,0.0030,vide
19,4,16,vide,vide,vide,0.0023,vide
19,4,17,vide,vide,vide,0.0041,vide
19,4,18,vide,vide,vide,0.0025,vide
19,4,19,vide,vide,vide,0.0034,vide
19,4,20,vide,vide,vide,0.0046,vide
19,4,21,vide,vide,vide,0.0035,vide
19,4,22,vide,vide,vide,0.0027,vide
19,4,23,vide,vide,vide,0.0039,vide
19,4,24,vide,vide,vide,0.0032,vide
19,4,25,vide,vide,vide,0.0022,vide
19,4,26,vide,vide,vide,0.0021,vide
19,4,27,vide,vide,vide,0.0098,vide
19,4,28,vide,vide,vide,0.0041,vide
19,4,29,vide,vide,vide,0.0064,vide
19,4,30,vide,?,vide,0.0260,vide
19,5,1,vide,vide,vide,0.0024,vide
19,5,2,vide,vide,vide,0.0025,vide
19,5,3,vide,vide,vide,0.0035,vide
19,5,4,vide,vide,vide,0.0032,vide
19,5,5,vide,vide,vide,0.0020,vide
19,5,6,vide,vide,vide,0.0053,vide
19,5,7,vide,vide,vide,0.0032,vide
19,5,8,vide,vide,vide,0.0029,vide
19,5,9,vide,vide,vide,0.0012,vide
19,5,10,vide,vide,vide,0.0014,vide
19,5,11,vide,vide,vide,0.0041,vide
19,5,12,vide,vide,vide,0.0025,vide
19,5,13,vide,vide,vide,0.0024,vide
19,5,14,vide,vide,vide,0.0056,vide
19,5,15,vide,vide,vide,0.0020,vide
19,5,16,vide,vide,vide,0.0027,vide
19,5,17,vide,vide,vide,0.0015,vide
19,5,18,vide,vide,vide,0.0035,vide
19,5,19,vide,vide,vide,0.0030,vide
19,5,20,vide,vide,vide,0.0012,vide
19,5,21,vide,vide,vide,0.0033,vide
19,5,22,vide,vide,vide,0.0031,vide
19,5,23,vide,vide,vide,0.0022,vide
19,5,24,vide,vide,vide,0.0002,vide
19,5,25,vide,vide,vide,0.0045,vide
19,5,26,vide,vide,vide,0.0056,vide
19,5,27,vide,vide,vide,0.0076,vide
19,5,28,vide,vide,vide,0.0055,vide
19,5,29,vide,vide,vide,0.0109,vide
19,5,30,vide,vide,vide,0.0114,vide
19,5,31,vide,vide,vide,0.0240,vide
19,6,1,vide,vide,vide,0.0044,vide
19,6,2,vide,vide,vide,0.0057,vide
19,6,3,vide,vide,vide,0.0029,vide
19,6,4,vide,vide,vide,0.0049,vide
19,6,5,vide,vide,vide,0.0057,vide
19,6,6,vide,vide,vide,0.0013,vide
19,6,7,vide,vide,vide,0.0020,vide
19,6,8,vide,vide,vide,0.0024,vide
19,6,9,vide,vide,vide,0.0029,vide
19,6,10,vide,vide,vide,0.0036,vide
19,6,11,vide,vide,vide,0.0033,vide
19,6,12,vide,vide,vide,0.0014,vide
19,6,13,vide,vide,vide,0.0042,vide
19,6,14,vide,vide,vide,0.0034,vide
19,6,15,vide,vide,vide,0.0037,vide
19,6,16,vide,vide,vide,0.0039,vide
19,6,17,vide,vide,vide,0.0022,vide
19,6,18,vide,vide,vide,0.0063,vide
19,6,19,vide,vide,vide,0.0023,vide
19,6,20,vide,vide,vide,0.0044,vide
19,6,21,vide,vide,vide,0.0057,vide
19,6,22,vide,vide,vide,0.0065,vide
19,6,23,vide,vide,vide,0.0029,vide
19,6,24,vide,vide,vide,0.0012,vide
19,6,25,vide,vide,vide,0.0023,vide
19,6,26,vide,vide,vide,0.0021,vide
19,6,27,vide,vide,vide,0.0021,vide
19,6,28,vide,vide,vide,0.0044,vide
19,6,29,vide,vide,vide,0.0067,vide
19,6,30,vide,vide,vide,0.0049,vide
19,7,1,vide,vide,vide,0.0020,vide
19,7,2,vide,vide,vide,0.0022,vide
19,7,3,vide,vide,vide,0.0020,vide
19,7,4,vide,vide,vide,0.0039,vide
19,7,5,vide,vide,vide,0.0025,vide
19,7,6,vide,vide,vide,0.0026,vide
19,7,7,vide,vide,vide,0.0047,vide
19,7,8,vide,vide,vide,0.0017,vide
19,7,9,vide,vide,vide,0.0035,vide
19,7,10,vide,vide,vide,0.0017,vide
19,7,11,vide,vide,vide,0.0035,vide
19,7,12,vide,vide,vide,0.0042,vide
19,7,13,vide,vide,vide,0.0059,vide
19,7,14,vide,vide,vide,0.0029,vide
19,7,15,vide,vide,vide,0.0025,vide
19,7,16,vide,vide,vide,0.0035,vide
19,7,17,vide,vide,vide,0.0021,vide
19,7,18,vide,vide,vide,0.0020,vide
19,7,19,vide,vide,vide,0.0037,vide
19,7,20,vide,vide,vide,0.0065,vide
19,7,21,vide,vide,vide,0.0023,vide
19,7,22,vide,vide,vide,0.0016,vide
19,7,23,vide,vide,vide,0.0034,vide
19,7,24,vide,vide,vide,0.0024,vide
19,7,25,vide,vide,vide,0.0014,vide
19,7,26,vide,vide,vide,0.0146,vide
19,7,27,vide,vide,vide,0.0072,vide
19,7,28,vide,vide,vide,0.0035,vide
19,7,29,vide,vide,vide,0.0160,vide
19,7,30,vide,vide,vide,0.0024,vide
19,7,31,vide,vide,vide,0.0062,vide
19,8,1,vide,vide,vide,0.0035,vide
19,8,2,vide,vide,vide,0.0022,vide
19,8,3,vide,vide,vide,0.0033,vide
19,8,4,vide,vide,vide,0.0047,vide
19,8,5,vide,vide,vide,0.0036,vide
19,8,6,vide,vide,vide,0.0021,vide
19,8,7,vide,vide,vide,0.0027,vide
19,8,8,vide,vide,vide,0.0036,vide
19,8,9,vide,vide,vide,0.0027,vide
19,8,10,vide,vide,vide,0.0051,vide
19,8,11,vide,vide,vide,0.0051,vide
19,8,12,vide,vide,vide,0.0049,vide
19,8,13,vide,vide,vide,0.0045,vide
19,8,14,vide,vide,vide,0.0046,vide
19,8,15,vide,vide,vide,0.0028,vide
19,8,16,vide,vide,vide,0.0035,vide
19,8,17,vide,vide,vide,0.0074,vide
19,8,18,vide,vide,vide,0.0050,vide
19,8,19,vide,vide,vide,0.0047,vide
19,8,20,vide,vide,vide,0.0011,vide
19,8,21,vide,vide,vide,0.0038,vide
19,8,22,vide,vide,vide,0.0035,vide
19,8,23,vide,vide,vide,0.0041,vide
19,8,24,vide,vide,vide,0.0058,vide
19,8,25,vide,vide,vide,0.0047,vide
19,8,26,vide,vide,vide,0.0028,vide
19,8,27,vide,vide,vide,0.0027,vide
19,8,28,vide,vide,vide,0.0061,vide
19,8,29,vide,vide,vide,0.0025,vide
19,8,30,vide,vide,vide,0.0067,vide
19,8,31,vide,vide,vide,0.0056,vide
19,9,1,vide,vide,vide,0.0676,vide
19,9,2,vide,vide,vide,0.0799,vide
2,1,1,vide,vide,vide,0.0312,vide
2,1,2,vide,vide,vide,0.0656,vide
2,1,3,vide,vide,vide,0.0446,vide
2,1,4,vide,vide,vide,0.0528,vide
2,1,5,vide,vide,vide,0.0133,vide
2,1,6,vide,vide,vide,0.0025,vide
2,1,7,vide,vide,vide,0.0030,vide
2,1,8,vide,vide,vide,0.0019,vide
2,1,9,vide,vide,vide,0.0009,vide
2,1,10,vide,vide,vide,0.0044,vide
2,1,11,vide,vide,vide,0.0088,vide
2,1,12,vide,vide,vide,0.0018,vide
22,1,1,vide,vide,vide,0.0082,vide
22,1,2,vide,vide,vide,0.0008,vide
22,1,3,vide,vide,vide,0.0023,vide
22,1,4,vide,vide,vide,0.0049,vide
22,1,5,vide,vide,vide,0.0004,vide
22,1,6,vide,vide,vide,0.0005,vide
22,1,7,vide,vide,vide,0.0012,vide
22,1,8,vide,vide,vide,0.0000,vide
22,1,9,vide,vide,vide,0.0026,vide
22,1,10,vide,vide,vide,0.0000,vide
22,1,11,vide,vide,vide,0.0032,vide
22,1,12,vide,vide,vide,0.0000,vide
22,1,13,vide,vide,vide,0.0000,vide
22,1,14,vide,vide,vide,0.0000,vide
22,1,15,vide,vide,vide,0.0000,vide
22,1,16,vide,vide,vide,0.0000,vide
22,1,17,vide,vide,vide,0.0000,vide
22,1,18,vide,vide,vide,0.0000,vide
22,1,19,vide,vide,vide,0.0000,vide
22,1,20,vide,vide,vide,0.0000,vide
22,1,21,vide,vide,vide,0.0000,vide
22,1,22,vide,vide,vide,0.0000,vide
22,1,23,vide,vide,vide,0.0063,vide
22,1,24,vide,vide,vide,0.0000,vide
22,1,25,vide,vide,vide,0.0000,vide
22,1,26,vide,vide,vide,0.0000,vide
22,1,27,vide,vide,vide,0.0241,vide
22,1,28,vide,vide,vide,0.0089,vide
22,1,29,vide,vide,vide,0.0193,vide
22,1,30,vide,vide,vide,0.0250,vide
22,1,31,vide,vide,vide,0.0252,vide
22,2,1,vide,vide,vide,0.0220,vide
22,2,2,vide,vide,vide,0.0082,vide
22,2,3,vide,vide,vide,0.0048,vide
22,2,4,vide,vide,vide,0.0043,vide
22,2,5,vide,vide,vide,0.0118,vide
22,2,6,vide,vide,vide,0.0029,vide
22,2,7,vide,vide,vide,0.0084,vide
22,2,8,vide,vide,vide,0.0070,vide
22,2,9,vide,vide,vide,0.0074,vide
22,2,10,vide,vide,vide,0.0057,vide
22,2,11,vide,vide,vide,0.0077,vide
22,2,12,vide,vide,vide,0.0047,vide
26,1,1,vide,vide,vide,0.0382,vide
26,1,2,vide,vide,vide,0.0038,vide
26,1,3,vide,vide,vide,0.0002,vide
26,1,4,vide,vide,vide,0.0000,vide
26,1,5,vide,vide,vide,0.0000,vide
26,1,6,vide,vide,vide,0.0000,vide
26,1,7,vide,vide,vide,0.0000,vide
26,1,8,vide,vide,vide,0.0000,vide
26,1,9,vide,vide,vide,0.0000,vide
26,1,10,vide,vide,vide,0.0000,vide
26,1,11,vide,vide,vide,0.0000,vide
26,1,12,vide,vide,vide,0.0000,vide
26,1,13,vide,vide,vide,0.0000,vide
26,1,14,vide,vide,vide,0.0000,vide
26,1,15,vide,vide,vide,0.0000,vide
26,1,16,vide,vide,vide,0.0000,vide
26,1,17,vide,vide,vide,0.0000,vide
26,1,18,vide,vide,vide,0.0000,vide
26,1,19,vide,vide,vide,0.0000,vide
26,1,20,vide,vide,vide,0.0000,vide
26,1,21,vide,vide,vide,0.0000,vide
26,1,22,vide,vide,vide,0.0000,vide
26,1,23,vide,vide,vide,0.0000,vide
26,1,24,vide,vide,vide,0.0000,vide
26,1,25,vide,vide,vide,0.0000,vide
26,1,26,vide,vide,vide,0.0000,vide
26,1,27,vide,vide,vide,0.0000,vide
26,1,28,vide,vide,vide,0.0000,vide
26,1,29,vide,vide,vide,0.0000,vide
26,1,30,vide,vide,vide,0.0273,vide
26,1,31,vide,vide,vide,0.0446,vide
26,2,1,vide,vide,vide,0.0037,vide
26,2,2,vide,vide,vide,0.0111,vide
26,2,3,vide,vide,vide,0.0159,vide
26,2,4,vide,vide,vide,0.0113,vide
26,2,5,vide,vide,vide,0.0029,vide
26,2,6,vide,vide,vide,0.0053,vide
26,2,7,vide,vide,vide,0.0062,vide
26,2,8,vide,vide,vide,0.0074,vide
26,2,9,vide,vide,vide,0.0005,vide
26,2,10,vide,vide,vide,0.0000,vide
26,2,11,vide,vide,vide,0.0000,vide
26,2,12,vide,vide,vide,0.0000,vide
26,2,13,vide,vide,vide,0.0000,vide
26,2,14,vide,vide,vide,0.0000,vide
26,2,15,vide,vide,vide,0.0000,vide
26,2,16,vide,vide,vide,0.0000,vide
26,2,17,vide,vide,vide,0.0000,vide
26,2,18,vide,vide,vide,0.0000,vide
26,2,19,vide,vide,vide,0.0000,vide
26,2,20,vide,vide,vide,0.0000,vide
26,2,21,vide,vide,vide,0.0000,vide
26,2,22,vide,vide,vide,0.0000,vide
26,2,23,vide,vide,vide,0.0000,vide
26,2,24,vide,vide,vide,0.0000,vide
26,2,25,vide,vide,vide,0.0000,vide
26,2,26,vide,vide,vide,0.0000,vide
26,2,27,vide,vide,vide,0.0000,vide
26,2,28,vide,vide,vide,0.0000,vide
26,3,1,vide,vide,vide,0.0028,vide
26,3,2,vide,vide,vide,0.0068,vide
26,3,3,vide,vide,vide,0.0149,vide
26,3,4,vide,vide,vide,0.0245,vide
26,3,5,vide,vide,vide,0.0527,vide
26,3,6,vide,vide,vide,0.0579,vide
26,3,7,vide,vide,vide,0.0566,vide
26,3,8,vide,vide,vide,0.0723,vide
26,3,9,vide,vide,vide,0.0691,vide
26,3,10,vide,vide,vide,0.0488,vide
26,3,11,vide,vide,vide,0.0588,vide
26,3,12,vide,vide,vide,0.0670,vide
26,3,13,vide,vide,vide,0.0705,vide
26,3,14,vide,vide,vide,0.0639,vide
26,3,15,vide,vide,vide,0.0718,vide
26,3,16,vide,vide,vide,0.0667,vide
26,3,17,vide,vide,vide,0.0493,vide
26,3,18,vide,vide,vide,0.0652,vide
26,3,19,vide,vide,vide,0.0688,vide
26,3,20,vide,vide,vide,0.0693,vide
26,3,21,vide,vide,vide,0.0734,vide
26,3,22,vide,vide,vide,0.0811,vide
26,3,23,vide,vide,vide,0.0764,vide
26,3,24,vide,vide,vide,0.0648,vide
26,3,25,vide,vide,vide,0.0816,vide
26,3,26,vide,vide,vide,0.0929,vide
26,3,27,vide,vide,vide,0.0870,vide
26,3,28,vide,vide,vide,0.0840,vide
26,3,29,vide,vide,vide,0.0968,vide
26,3,30,vide,vide,vide,0.0745,vide
26,3,31,vide,vide,vide,0.0465,vide
26,4,1,vide,vide,vide,0.0000,vide
26,4,2,vide,vide,vide,0.0000,vide
26,4,3,vide,vide,vide,0.0000,vide
26,4,4,vide,vide,vide,0.0000,vide
26,4,5,vide,vide,vide,0.0000,vide
26,4,6,vide,vide,vide,0.0000,vide
26,4,7,vide,vide,vide,0.0000,vide
26,4,8,vide,vide,vide,0.0000,vide
26,4,9,vide,vide,vide,0.0000,vide
26,4,10,vide,vide,vide,0.0000,vide
26,4,11,vide,vide,vide,0.0000,vide
26,4,12,vide,vide,vide,0.0000,vide
26,4,13,vide,vide,vide,0.0000,vide
26,4,14,vide,vide,vide,0.0000,vide
26,4,15,vide,vide,vide,0.0000,vide
26,4,16,vide,vide,vide,0.2709,X
26,4,17,vide,vide,vide,0.2672,X
26,4,18,vide,vide,vide,0.3481,X
26,4,19,vide,vide,vide,0.2148,X
26,4,20,vide,vide,vide,0.1270,vide
26,4,21,vide,vide,vide,0.0444,vide
26,4,22,vide,vide,vide,0.2199,X
26,4,23,vide,vide,vide,0.2065,X
26,4,24,vide,vide,vide,0.2278,X
26,4,25,vide,vide,vide,0.2005,X
26,4,26,vide,vide,vide,0.1809,X
26,4,27,vide,vide,vide,0.1807,X
26,4,28,vide,vide,vide,0.2031,X
26,4,29,vide,vide,vide,0.2299,X
26,4,30,vide,vide,vide,0.2119,X
26,5,1,vide,vide,vide,0.0132,vide
26,5,2,vide,vide,vide,0.0165,vide
26,5,3,vide,vide,vide,0.0210,vide
26,5,4,vide,vide,vide,0.0199,vide
26,5,5,vide,vide,vide,0.0180,vide
26,5,6,vide,vide,vide,0.0071,vide
26,5,7,vide,vide,vide,0.0127,vide
26,5,8,vide,vide,vide,0.0123,vide
26,5,9,vide,vide,vide,0.0151,vide
26,5,10,vide,vide,vide,0.0188,vide
26,5,11,vide,vide,vide,0.0185,vide
26,5,12,vide,vide,vide,0.0147,vide
26,5,13,vide,vide,vide,0.0099,vide
26,5,14,vide,vide,vide,0.0093,vide
26,5,15,vide,vide,vide,0.0053,vide
26,5,16,vide,vide,vide,0.0102,vide
26,5,17,vide,vide,vide,0.0119,vide
26,5,18,vide,vide,vide,0.0106,vide
26,5,19,vide,vide,vide,0.0053,vide
26,5,20,vide,vide,vide,0.0037,vide
26,5,21,vide,vide,vide,0.0043,vide
26,5,22,vide,vide,vide,0.0006,vide
26,5,23,vide,vide,vide,0.0018,vide
26,5,24,vide,vide,vide,0.0037,vide
26,5,25,vide,vide,vide,0.0025,vide
26,5,26,vide,vide,vide,0.0005,vide
26,5,27,vide,vide,vide,0.0000,vide
26,5,28,vide,vide,vide,0.0000,vide
26,5,29,vide,vide,vide,0.0000,vide
26,5,30,vide,vide,vide,0.0000,vide
26,5,31,vide,vide,vide,0.0422,vide
26,6,1,vide,vide,vide,0.0200,vide
26,6,2,vide,vide,vide,0.0422,vide
26,6,3,vide,vide,vide,0.0112,vide
26,6,4,vide,vide,vide,0.0105,vide
26,6,5,vide,vide,vide,0.0080,vide
26,6,6,vide,vide,vide,0.0156,vide
26,6,7,vide,vide,vide,0.0228,vide
26,6,8,vide,vide,vide,0.0197,vide
26,6,9,vide,vide,vide,0.0169,vide
26,6,10,vide,vide,vide,0.0094,vide
26,6,11,vide,vide,vide,0.0148,vide
26,6,12,vide,vide,vide,0.0074,vide
26,6,13,vide,vide,vide,0.0174,vide
26,6,14,vide,vide,vide,0.0226,vide
26,6,15,vide,vide,vide,0.0225,vide
26,6,16,vide,vide,vide,0.0145,vide
26,6,17,vide,vide,vide,0.0138,vide
26,6,18,vide,vide,vide,0.0181,vide
26,6,19,vide,vide,vide,0.0106,vide
26,6,20,vide,vide,vide,0.0209,vide
26,6,21,vide,vide,vide,0.0224,vide
26,6,22,vide,vide,vide,0.0229,vide
26,6,23,vide,vide,vide,0.0195,vide
26,6,24,vide,vide,vide,0.0153,vide
26,6,25,vide,vide,vide,0.0188,vide
26,6,26,vide,vide,vide,0.0170,vide
26,6,27,vide,vide,vide,0.0302,vide
26,6,28,vide,vide,vide,0.0338,vide
26,6,29,vide,vide,vide,0.0723,vide
26,6,30,vide,vide,vide,0.0034,vide
26,7,1,vide,vide,vide,0.0310,vide
26,7,2,vide,vide,vide,0.0097,vide
26,7,3,vide,vide,vide,0.0084,vide
26,7,4,vide,vide,vide,0.0146,vide
26,7,5,vide,vide,vide,0.0261,vide
26,7,6,vide,vide,vide,0.0211,vide
26,7,7,vide,vide,vide,0.0190,vide
26,7,8,vide,vide,vide,0.0075,vide
26,7,9,vide,vide,vide,0.0104,vide
26,7,10,vide,vide,vide,0.0108,vide
26,7,11,vide,vide,vide,0.0206,vide
26,7,12,vide,vide,vide,0.0253,vide
26,7,13,vide,vide,vide,0.0263,vide
26,7,14,vide,vide,vide,0.0195,vide
26,7,15,vide,vide,vide,0.0143,vide
26,7,16,vide,vide,vide,0.0138,vide
26,7,17,vide,vide,vide,0.0153,vide
26,7,18,vide,vide,vide,0.0189,vide
26,7,19,vide,vide,vide,0.0251,vide
26,7,20,vide,vide,vide,0.0270,vide
26,7,21,vide,vide,vide,0.0224,vide
26,7,22,vide,vide,vide,0.0139,vide
26,7,23,vide,vide,vide,0.0175,vide
26,7,24,vide,vide,vide,0.0302,vide
26,7,25,vide,vide,vide,0.0817,vide
26,7,26,vide,vide,vide,0.0931,vide
26,7,27,vide,vide,vide,0.0559,vide
26,7,28,vide,vide,vide,0.0078,vide
26,7,29,vide,vide,vide,0.0133,vide
26,7,30,vide,vide,vide,0.0162,vide
26,7,31,vide,vide,vide,0.0747,vide
26,8,1,vide,vide,vide,0.0246,vide
26,8,2,vide,vide,vide,0.0399,vide
26,8,3,vide,vide,vide,0.0499,vide
26,8,4,vide,vide,vide,0.0559,vide
26,8,5,vide,vide,vide,0.0137,vide
26,8,6,vide,vide,vide,0.0132,vide
26,8,7,vide,vide,vide,0.0139,vide
26,8,8,vide,vide,vide,0.0138,vide
26,8,9,vide,vide,vide,0.0198,vide
26,8,10,vide,vide,vide,0.0218,vide
26,8,11,vide,vide,vide,0.0207,vide
26,8,12,vide,vide,vide,0.0124,vide
26,8,13,vide,vide,vide,0.0159,vide
26,8,14,vide,vide,vide,0.0155,vide
26,8,15,vide,vide,vide,0.0180,vide
26,8,16,vide,vide,vide,0.0226,vide
26,8,17,vide,vide,vide,0.0250,vide
26,8,18,vide,vide,vide,0.0200,vide
26,8,19,vide,vide,vide,0.0162,vide
26,8,20,vide,vide,vide,0.0169,vide
26,8,21,vide,vide,vide,0.0099,vide
26,8,22,vide,vide,vide,0.0162,vide
26,8,23,vide,vide,vide,0.0233,vide
26,8,24,vide,vide,vide,0.0251,vide
26,8,25,vide,vide,vide,0.0213,vide
26,8,26,vide,vide,vide,0.0170,vide
26,8,27,vide,vide,vide,0.0165,vide
26,8,28,vide,vide,vide,0.0310,vide
26,8,29,vide,vide,vide,0.0253,vide
26,8,30,vide,vide,vide,0.0829,vide
26,8,31,vide,vide,vide,0.0737,vide
26,9,1,vide,vide,?,0.0100,vide
26,9,2,vide,vide,vide,0.0126,vide
26,9,3,vide,vide,vide,0.0181,vide
26,9,4,vide,vide,vide,0.0114,vide
26,9,5,vide,vide,vide,0.0154,vide
26,9,6,vide,vide,vide,0.0262,vide
26,9,7,vide,vide,vide,0.0221,vide
26,9,8,vide,vide,vide,0.0180,vide
26,9,9,vide,vide,vide,0.0092,vide
26,9,10,vide,vide,vide,0.0113,vide
26,9,11,vide,vide,vide,0.0108,vide
26,9,12,vide,vide,vide,0.0233,vide
26,9,13,vide,vide,vide,0.0262,vide
26,9,14,vide,vide,vide,0.0241,vide
26,9,15,vide,vide,vide,0.0227,vide
26,9,16,vide,vide,vide,0.0154,vide
26,9,17,vide,vide,vide,0.0172,vide
26,9,18,vide,vide,vide,0.0096,vide
26,9,19,vide,vide,vide,0.0235,vide
26,9,20,vide,vide,vide,0.0235,vide
27,1,1,vide,vide,vide,0.0001,vide
27,1,2,vide,vide,vide,0.0008,vide
27,1,3,vide,vide,vide,0.0036,vide
27,1,4,vide,vide,vide,0.0054,vide
27,1,5,vide,vide,vide,0.0037,vide
27,1,6,vide,vide,vide,0.0003,vide
27,1,7,vide,vide,vide,0.0013,vide
27,1,8,vide,vide,vide,0.0017,vide
27,1,9,vide,vide,vide,0.0046,vide
27,1,10,vide,vide,vide,0.0030,vide
27,1,11,vide,vide,vide,0.0058,vide
27,1,12,vide,vide,vide,0.0032,vide
27,1,13,vide,vide,vide,0.0017,vide
27,1,14,vide,vide,vide,0.0021,vide
27,1,15,vide,vide,vide,0.0001,vide
27,1,16,vide,vide,vide,0.0056,vide
27,1,17,vide,vide,vide,0.0036,vide
27,1,18,vide,vide,vide,0.0003,vide
27,1,19,vide,vide,vide,0.0000,vide
27,1,20,vide,vide,vide,0.0000,vide
27,1,21,vide,vide,vide,0.0000,vide
27,1,22,vide,vide,vide,0.0000,vide
27,1,23,vide,vide,vide,0.0000,vide
27,1,24,vide,vide,vide,0.0000,vide
27,1,25,vide,vide,vide,0.0000,vide
27,1,26,vide,vide,vide,0.0000,vide
27,1,27,vide,vide,vide,0.0000,vide
27,1,28,vide,vide,vide,0.0000,vide
27,1,29,vide,vide,vide,0.0000,vide
27,1,30,vide,vide,vide,0.0000,vide
27,1,31,vide,vide,vide,0.0000,vide
27,2,1,vide,vide,vide,0.0061,vide
27,2,2,vide,vide,vide,0.0075,vide
27,2,3,vide,vide,vide,0.0064,vide
27,2,4,vide,vide,vide,0.0062,vide
27,2,5,vide,vide,vide,0.0051,vide
27,2,6,vide,vide,vide,0.0066,vide
27,2,7,vide,vide,vide,0.0042,vide
27,2,8,vide,vide,vide,0.0047,vide
27,2,9,vide,vide,vide,0.0045,vide
27,2,10,vide,vide,vide,0.0043,vide
27,2,11,vide,vide,vide,0.0031,vide
27,2,12,vide,vide,vide,0.0018,vide
27,2,13,vide,vide,vide,0.0045,vide
27,2,14,vide,vide,vide,0.0024,vide
27,2,15,vide,vide,vide,0.0043,vide
27,2,16,vide,vide,vide,0.0058,vide
27,2,17,vide,vide,vide,0.0047,vide
27,2,18,vide,vide,vide,0.0036,vide
27,2,19,vide,vide,vide,0.0017,vide
27,2,20,vide,vide,vide,0.0063,vide
27,2,21,vide,vide,vide,0.0055,vide
27,2,22,vide,vide,vide,0.0108,vide
27,2,23,vide,vide,vide,0.0035,vide
27,2,24,vide,vide,vide,0.0033,vide
27,2,25,vide,vide,vide,0.0022,vide
27,2,26,vide,vide,vide,0.0004,vide
27,2,27,vide,vide,vide,0.0000,vide
27,2,28,vide,vide,vide,0.0000,vide
27,3,1,vide,vide,vide,0.0000,vide
27,3,2,vide,vide,vide,0.0000,vide
27,3,3,vide,vide,vide,0.0000,vide
27,3,4,vide,vide,vide,0.0000,vide
27,3,5,vide,vide,vide,0.0000,vide
27,3,6,vide,vide,vide,0.0000,vide
27,3,7,vide,vide,vide,0.0000,vide
27,3,8,vide,vide,vide,0.0000,vide
27,3,9,vide,vide,vide,0.0000,vide
27,3,10,vide,vide,vide,0.0000,vide
27,3,11,vide,vide,vide,0.0002,vide
27,3,12,vide,vide,vide,0.0024,vide
27,3,13,vide,vide,vide,0.0003,vide
27,3,14,vide,vide,vide,0.0000,vide
27,3,15,vide,vide,vide,0.0051,vide
27,3,16,vide,vide,vide,0.0029,vide
27,3,17,vide,vide,vide,0.0028,vide
27,3,18,vide,vide,vide,0.0027,vide
27,3,19,vide,vide,vide,0.0041,vide
27,3,20,vide,vide,vide,0.0033,vide
27,3,21,vide,vide,vide,0.0044,vide
27,3,22,vide,vide,vide,0.0060,vide
27,3,23,vide,vide,vide,0.0037,vide
27,3,24,vide,vide,vide,0.0000,vide
27,3,25,vide,vide,vide,0.0000,vide
27,3,26,vide,vide,vide,0.0000,vide
27,3,27,vide,vide,vide,0.0000,vide
27,3,28,vide,vide,vide,0.0000,vide
27,3,29,vide,vide,vide,0.0000,vide
27,3,30,vide,vide,vide,0.0000,vide
27,3,31,vide,vide,vide,0.0000,vide
27,4,1,vide,vide,vide,0.0000,vide
27,4,2,vide,vide,vide,0.0055,vide
27,4,3,vide,vide,vide,0.0031,vide
27,4,4,vide,vide,vide,0.0013,vide
27,4,5,vide,vide,vide,0.0052,vide
27,4,6,vide,vide,vide,0.0039,vide
27,4,7,vide,vide,vide,0.0014,vide
27,4,8,vide,vide,vide,0.0023,vide
27,4,9,vide,vide,vide,0.0008,vide
27,4,10,vide,vide,vide,0.0074,vide
27,4,11,vide,vide,vide,0.0034,vide
27,4,12,vide,vide,vide,0.0076,vide
27,4,13,vide,vide,vide,0.0080,vide
27,4,14,vide,vide,vide,0.0025,vide
27,4,15,vide,vide,vide,0.0023,vide
27,4,16,vide,vide,vide,0.0026,vide
27,4,17,vide,vide,vide,0.0043,vide
27,4,18,vide,vide,vide,0.0056,vide
27,4,19,vide,vide,vide,0.0040,vide
27,4,20,vide,vide,vide,0.0071,vide
27,4,21,vide,vide,vide,0.0053,vide
27,4,22,X,X,vide,0.0551,vide
27,4,23,vide,vide,vide,0.0025,vide
27,4,24,vide,vide,vide,0.0054,vide
27,4,25,vide,vide,vide,0.0061,vide
27,4,26,vide,vide,vide,0.0065,vide
27,4,27,vide,vide,vide,0.0104,vide
27,4,28,vide,vide,vide,0.0055,vide
27,4,29,vide,vide,vide,0.0083,vide
27,4,30,vide,vide,vide,0.0033,vide
27,5,1,vide,vide,vide,0.0063,vide
27,5,2,vide,vide,vide,0.0047,vide
27,5,3,vide,vide,vide,0.0074,vide
27,5,4,vide,vide,vide,0.0076,vide
27,5,5,vide,vide,vide,0.0058,vide
27,5,6,vide,vide,vide,0.0040,vide
27,5,7,vide,vide,vide,0.0044,vide
27,5,8,vide,vide,vide,0.0093,vide
27,5,9,vide,vide,vide,0.0033,vide
27,5,10,vide,vide,vide,0.0083,vide
27,5,11,vide,vide,vide,0.0061,vide
27,5,12,vide,vide,vide,0.0032,vide
27,5,13,vide,vide,vide,0.0037,vide
27,5,14,vide,vide,vide,0.0027,vide
27,5,15,vide,vide,vide,0.0046,vide
27,5,16,vide,vide,vide,0.0023,vide
28,1,1,vide,vide,vide,0.0052,vide
28,1,2,vide,vide,vide,0.0111,vide
28,1,3,vide,vide,vide,0.0020,vide
28,1,4,vide,vide,vide,0.0015,vide
28,1,5,vide,vide,vide,0.0029,vide
28,1,6,vide,vide,vide,0.0003,vide
28,1,7,vide,vide,vide,0.0003,vide
28,1,8,vide,vide,vide,0.0001,vide
28,1,9,vide,vide,vide,0.0000,vide
28,1,10,vide,vide,vide,0.0000,vide
28,1,11,vide,vide,vide,0.0000,vide
28,1,12,vide,vide,vide,0.0000,vide
28,1,13,vide,vide,vide,0.0000,vide
28,1,14,vide,vide,vide,0.0000,vide
28,1,15,vide,vide,vide,0.0000,vide
28,1,16,vide,vide,vide,0.0000,vide
28,1,17,vide,vide,vide,0.0000,vide
28,1,18,vide,vide,vide,0.0011,vide
28,1,19,vide,vide,vide,0.0000,vide
28,1,20,vide,vide,vide,0.0003,vide
28,1,21,vide,vide,vide,0.0003,vide
28,1,22,vide,vide,vide,0.0000,vide
28,1,23,vide,vide,vide,0.0013,vide
28,1,24,vide,vide,vide,0.0003,vide
28,1,25,vide,vide,vide,0.0010,vide
28,1,26,vide,vide,vide,0.0024,vide
28,1,27,vide,vide,vide,0.0010,vide
28,1,28,vide,vide,vide,0.0010,vide
28,1,29,vide,vide,vide,0.0003,vide
28,1,30,vide,vide,vide,0.0020,vide
28,1,31,vide,vide,vide,0.0002,vide
28,2,1,vide,vide,vide,0.0128,vide
28,2,2,vide,vide,vide,0.0067,vide
28,2,3,vide,vide,vide,0.0015,vide
28,2,4,vide,vide,vide,0.0031,vide
28,2,5,vide,vide,vide,0.0009,vide
28,2,6,vide,vide,vide,0.0005,vide
28,2,7,vide,vide,vide,0.0003,vide
28,2,8,vide,vide,vide,0.0003,vide
28,2,9,vide,vide,vide,0.0005,vide
28,2,10,vide,vide,vide,0.0013,vide
28,2,11,vide,vide,vide,0.0020,vide
28,2,12,vide,vide,vide,0.0013,vide
28,2,13,vide,vide,vide,0.0002,vide
28,2,14,vide,vide,vide,0.0002,vide
28,2,15,vide,vide,vide,0.0001,vide
28,2,16,vide,vide,vide,0.0008,vide
28,2,17,vide,vide,vide,0.0031,vide
28,2,18,vide,vide,vide,0.0008,vide
28,2,19,vide,vide,vide,0.0002,vide
28,2,20,vide,vide,vide,0.0012,vide
34,1,1,vide,vide,vide,0.0000,vide
34,1,2,vide,vide,vide,0.0000,vide
34,1,3,vide,vide,vide,0.0000,vide
34,1,4,vide,vide,vide,0.0000,vide
34,1,5,vide,vide,vide,0.0000,vide
34,1,6,vide,vide,vide,0.0000,vide
34,1,7,vide,vide,vide,0.0018,vide
34,1,8,vide,vide,vide,0.0002,vide
34,1,9,vide,vide,vide,0.0002,vide
34,1,10,vide,vide,vide,0.0000,vide
34,1,11,vide,vide,vide,0.0000,vide
34,1,12,vide,vide,vide,0.0019,vide
34,1,13,vide,vide,vide,0.0000,vide
34,1,14,vide,vide,vide,0.0024,vide
34,1,15,vide,vide,vide,0.0006,vide
34,1,16,vide,vide,vide,0.0005,vide
34,1,17,vide,vide,vide,0.0000,vide
34,1,18,vide,vide,vide,0.0015,vide
34,1,19,vide,vide,vide,0.0004,vide
34,1,20,vide,vide,vide,0.0001,vide
34,1,21,vide,vide,vide,0.0015,vide
34,1,22,vide,vide,vide,0.0008,vide
34,1,23,vide,vide,vide,0.0009,vide
34,1,24,vide,vide,vide,0.0000,vide
34,1,25,vide,vide,vide,0.0022,vide
34,1,26,vide,vide,vide,0.0019,vide
34,1,27,vide,vide,vide,0.0007,vide
34,1,28,vide,vide,vide,0.0026,vide
34,1,29,vide,vide,vide,0.0025,vide
34,1,30,vide,vide,vide,0.0029,vide
34,1,31,vide,vide,vide,0.0026,vide
34,2,1,vide,vide,vide,0.0000,vide
34,2,2,vide,vide,vide,0.0000,vide
34,2,3,vide,vide,vide,0.0000,vide
34,2,4,vide,vide,vide,0.0000,vide
34,2,5,vide,vide,vide,0.0007,vide
34,2,6,vide,vide,vide,0.0002,vide
34,2,7,vide,vide,vide,0.0000,vide
34,2,8,vide,vide,vide,0.0008,vide
34,2,9,vide,vide,vide,0.0007,vide
34,2,10,vide,vide,vide,0.0001,vide
34,2,11,vide,vide,vide,0.0019,vide
34,2,12,vide,vide,vide,0.0007,vide
34,2,13,vide,vide,vide,0.0008,vide
34,2,14,vide,vide,vide,0.0057,vide
34,2,15,vide,vide,vide,0.0013,vide
34,2,16,vide,vide,vide,0.0009,vide
34,2,17,vide,vide,vide,0.0000,vide
34,2,18,vide,vide,vide,0.0020,vide
34,2,19,vide,vide,vide,0.0007,vide
34,2,20,vide,vide,vide,0.0002,vide
34,2,21,vide,vide,vide,0.0005,vide
34,2,22,vide,vide,vide,0.0012,vide
34,2,23,vide,vide,vide,0.0004,vide
34,2,24,vide,vide,vide,0.0009,vide
34,2,25,vide,vide,vide,0.0014,vide
34,2,26,vide,vide,vide,0.0017,vide
34,2,27,vide,vide,vide,0.0012,vide
34,2,28,vide,vide,vide,0.0000,vide
34,2,29,vide,vide,vide,0.0016,vide
34,3,1,vide,vide,vide,0.0006,vide
34,3,2,vide,vide,vide,0.0003,vide
34,3,3,vide,vide,vide,0.0012,vide
34,3,4,vide,vide,vide,0.0013,vide
34,3,5,vide,vide,vide,0.0000,vide
34,3,6,vide,vide,vide,0.0000,vide
34,3,7,vide,vide,vide,0.0025,vide
34,3,8,vide,vide,vide,0.0014,vide
34,3,9,vide,vide,vide,0.0001,vide
34,3,10,vide,vide,vide,0.0014,vide
34,3,11,vide,vide,vide,0.0004,vide
34,3,12,vide,vide,vide,0.0002,vide
34,3,13,vide,vide,vide,0.0000,vide
34,3,14,vide,vide,vide,0.0003,vide
34,3,15,vide,vide,vide,0.0019,vide
34,3,16,vide,vide,vide,0.0001,vide
34,3,17,vide,vide,vide,0.0015,vide
34,3,18,vide,vide,vide,0.0003,vide
34,3,19,vide,vide,vide,0.0005,vide
34,3,20,vide,vide,vide,0.0000,vide
34,3,21,vide,vide,vide,0.0013,vide
34,3,22,vide,vide,vide,0.0018,vide
34,3,23,vide,vide,vide,0.0000,vide
34,3,24,vide,vide,vide,0.0028,vide
34,3,25,vide,vide,vide,0.0003,vide
34,3,26,vide,vide,vide,0.0009,vide
34,3,27,vide,vide,vide,0.0004,vide
34,3,28,vide,vide,vide,0.0003,vide
34,3,29,vide,vide,vide,0.0007,vide
34,3,30,vide,vide,vide,0.0007,vide
34,3,31,vide,vide,vide,0.0058,vide
34,4,1,vide,vide,vide,0.0004,vide
34,4,2,vide,vide,vide,0.0007,vide
34,4,3,vide,vide,vide,0.0000,vide
34,4,4,vide,vide,vide,0.0015,vide
34,4,5,vide,vide,vide,0.0013,vide
34,4,6,vide,vide,vide,0.0000,vide
34,4,7,vide,vide,vide,0.0017,vide
34,4,8,vide,vide,vide,0.0008,vide
34,4,9,vide,vide,vide,0.0002,vide
34,4,10,vide,vide,vide,0.0000,vide
34,4,11,vide,vide,vide,0.0030,vide
34,4,12,vide,vide,vide,0.0022,vide
34,4,13,vide,vide,vide,0.0000,vide
34,4,14,vide,vide,vide,0.0010,vide
34,4,15,vide,vide,vide,0.0013,vide
34,4,16,vide,vide,vide,0.0009,vide
34,4,17,vide,vide,vide,0.0000,vide
34,4,18,vide,vide,vide,0.0022,vide
34,4,19,vide,vide,vide,0.0013,vide
34,4,20,vide,vide,vide,0.0000,vide
34,4,21,vide,vide,vide,0.0017,vide
34,4,22,vide,vide,vide,0.0009,vide
34,4,23,vide,vide,vide,0.0012,vide
34,4,24,vide,vide,vide,0.0004,vide
34,4,25,vide,vide,vide,0.0030,vide
34,4,26,vide,vide,vide,0.0030,vide
34,4,27,vide,vide,vide,0.0001,vide
34,4,28,vide,vide,vide,0.0010,vide
34,4,29,vide,vide,vide,0.0004,vide
34,4,30,vide,vide,vide,0.0007,vide
34,5,1,vide,vide,vide,0.0001,vide
34,5,2,vide,vide,vide,0.0002,vide
34,5,3,vide,vide,vide,0.0018,vide
34,5,4,vide,vide,vide,0.0002,vide
34,5,5,vide,vide,vide,0.0018,vide
34,5,6,vide,vide,vide,0.0007,vide
34,5,7,vide,vide,vide,0.0005,vide
34,5,8,vide,vide,vide,0.0003,vide
34,5,9,vide,vide,vide,0.0011,vide
34,5,10,vide,vide,vide,0.0021,vide
34,5,11,vide,vide,vide,0.0002,vide
34,5,12,vide,vide,vide,0.0018,vide
34,5,13,vide,vide,vide,0.0007,vide
34,5,14,vide,vide,vide,0.0003,vide
34,5,15,vide,vide,vide,0.0004,vide
34,5,16,vide,vide,vide,0.0013,vide
34,5,17,vide,vide,vide,0.0016,vide
34,5,18,vide,vide,vide,0.0003,vide
34,5,19,vide,vide,vide,0.0035,vide
34,5,20,vide,vide,vide,0.0007,vide
34,5,21,vide,vide,vide,0.0013,vide
34,5,22,vide,vide,vide,0.0006,vide
34,5,23,vide,vide,vide,0.0017,vide
34,5,24,vide,vide,vide,0.0021,vide
34,5,25,vide,vide,vide,0.0004,vide
34,5,26,vide,vide,vide,0.0027,vide
34,5,27,vide,vide,vide,0.0042,vide
34,5,28,vide,vide,vide,0.0008,vide
34,5,29,vide,vide,vide,0.0047,vide
34,5,30,vide,vide,vide,0.0311,vide
34,5,31,vide,vide,vide,0.0190,vide
34,6,1,vide,vide,vide,0.0003,vide
34,6,2,vide,vide,vide,0.0078,vide
34,6,3,vide,vide,vide,0.0006,vide
34,6,4,vide,vide,vide,0.0012,vide
34,6,5,vide,vide,vide,0.0002,vide
34,6,6,vide,vide,vide,0.0013,vide
34,6,7,vide,vide,vide,0.0000,vide
34,6,8,vide,vide,vide,0.0000,vide
34,6,9,vide,vide,vide,0.0023,vide
34,6,10,vide,vide,vide,0.0004,vide
34,6,11,vide,vide,vide,0.0002,vide
34,6,12,vide,vide,vide,0.0004,vide
34,6,13,vide,vide,vide,0.0022,vide
34,6,14,vide,vide,vide,0.0011,vide
34,6,15,vide,vide,vide,0.0000,vide
34,6,16,vide,vide,vide,0.0004,vide
34,6,17,vide,vide,vide,0.0003,vide
34,6,18,vide,vide,vide,0.0005,vide
34,6,19,vide,vide,vide,0.0005,vide
34,6,20,vide,vide,vide,0.0013,vide
34,6,21,vide,vide,vide,0.0005,vide
34,6,22,vide,vide,vide,0.0000,vide
34,6,23,vide,vide,vide,0.0015,vide
34,6,24,vide,vide,vide,0.0007,vide
34,6,25,vide,vide,vide,0.0009,vide
34,6,26,vide,vide,vide,0.0000,vide
34,6,27,vide,vide,vide,0.0018,vide
34,6,28,vide,vide,vide,0.0009,vide
34,6,29,vide,vide,vide,0.0000,vide
34,6,30,vide,vide,vide,0.0016,vide
34,7,1,vide,vide,vide,0.0096,vide
34,7,2,vide,vide,vide,0.0002,vide
34,7,3,vide,vide,vide,0.0000,vide
34,7,4,vide,vide,vide,0.0013,vide
34,7,5,vide,vide,vide,0.0004,vide
34,7,6,vide,vide,vide,0.0007,vide
34,7,7,vide,vide,vide,0.0010,vide
34,7,8,vide,vide,vide,0.0000,vide
34,7,9,vide,vide,vide,0.0004,vide
34,7,10,vide,vide,vide,0.0000,vide
34,7,11,vide,vide,vide,0.0004,vide
34,7,12,vide,vide,vide,0.0009,vide
34,7,13,X,X,vide,0.0122,vide
34,7,14,X,X,vide,0.0014,vide
34,7,15,X,X,vide,0.0072,vide
34,7,16,X,X,vide,0.0284,vide
34,7,17,X,X,vide,0.0285,vide
34,7,18,X,X,vide,0.0587,vide
34,7,19,X,X,vide,0.0348,vide
34,7,20,X,X,vide,0.0156,vide
34,7,21,X,X,vide,0.0299,vide
34,7,22,X,X,vide,0.0559,vide
34,7,23,X,X,vide,0.0724,vide
34,7,24,X,X,vide,0.0166,vide
34,7,25,vide,vide,vide,0.0018,vide
34,7,26,vide,vide,vide,0.0007,vide
34,7,27,vide,vide,vide,0.0001,vide
34,7,28,vide,vide,vide,0.0011,vide
34,7,29,vide,vide,vide,0.0004,vide
34,7,30,vide,vide,vide,0.0021,vide
34,7,31,vide,vide,vide,0.0018,vide
34,8,1,vide,vide,vide,0.0020,vide
34,8,2,vide,vide,vide,0.0017,vide
34,8,3,vide,vide,vide,0.0003,vide
34,8,4,vide,vide,vide,0.0013,vide
34,8,5,vide,vide,vide,0.0005,vide
34,8,6,vide,vide,vide,0.0003,vide
34,8,7,vide,vide,vide,0.0000,vide
34,8,8,vide,vide,vide,0.0008,vide
34,8,9,vide,vide,vide,0.0022,vide
34,8,10,vide,vide,vide,0.0003,vide
34,8,11,vide,vide,vide,0.0030,vide
34,8,12,vide,vide,vide,0.0007,vide
34,8,13,vide,vide,vide,0.0000,vide
34,8,14,vide,vide,vide,0.0000,vide
34,8,15,vide,vide,vide,0.0005,vide
34,8,16,vide,vide,vide,0.0011,vide
34,8,17,vide,vide,vide,0.0003,vide
34,8,18,vide,vide,vide,0.0025,vide
34,8,19,vide,vide,vide,0.0013,vide
34,8,20,vide,vide,vide,0.0002,vide
34,8,21,vide,vide,vide,0.0000,vide
34,8,22,vide,vide,vide,0.0006,vide
34,8,23,vide,vide,vide,0.0004,vide
34,8,24,vide,vide,vide,0.0000,vide
34,8,25,vide,vide,vide,0.0012,vide
34,8,26,vide,vide,vide,0.0006,vide
34,8,27,vide,vide,vide,0.0000,vide
34,8,28,vide,vide,vide,0.0018,vide
34,8,29,vide,vide,vide,0.0025,vide
34,8,30,vide,vide,vide,0.0056,vide
34,8,31,vide,vide,vide,0.0061,vide
34,9,1,vide,vide,vide,0.0828,vide
34,9,2,vide,vide,vide,0.0923,vide
34,9,3,vide,vide,vide,0.0806,vide
34,9,4,vide,vide,vide,0.0820,vide
34,9,5,vide,vide,vide,0.0883,vide
34,9,6,vide,vide,vide,0.0906,vide
34,9,7,vide,vide,vide,0.0747,vide
34,9,8,vide,vide,vide,0.0959,vide
34,9,9,vide,vide,vide,0.0935,vide
34,9,10,vide,vide,vide,0.0919,vide
34,9,11,vide,vide,vide,0.0864,vide
34,9,12,vide,vide,vide,0.0830,vide
34,9,13,vide,vide,vide,0.0784,vide
34,9,14,vide,vide,vide,0.0748,vide
34,9,15,vide,vide,vide,0.0819,vide
34,9,16,vide,vide,vide,0.0859,vide
34,9,17,vide,vide,vide,0.0697,vide
34,9,18,vide,vide,vide,0.0804,vide
34,9,19,vide,vide,vide,0.0865,vide
34,9,20,vide,vide,vide,0.0993,vide
34,9,21,vide,vide,vide,0.0714,vide
34,9,22,vide,vide,vide,0.0830,vide
34,9,23,vide,vide,vide,0.0862,vide
34,9,24,vide,vide,vide,0.0757,vide
34,9,25,vide,vide,vide,0.0770,vide
34,9,26,vide,vide,vide,0.0840,vide
34,9,27,vide,vide,vide,0.0962,vide
34,9,28,vide,vide,vide,0.0932,vide
34,9,29,vide,vide,vide,0.0906,vide
34,9,30,vide,vide,vide,0.0914,vide
34,10,1,vide,vide,vide,0.0154,vide
34,10,2,vide,vide,vide,0.0134,vide
34,10,3,vide,vide,vide,0.0103,vide
34,10,4,vide,vide,vide,0.0009,vide
34,10,5,vide,vide,vide,0.0003,vide
34,10,6,vide,vide,vide,0.0021,vide
34,10,7,vide,vide,vide,0.0030,vide
34,10,8,vide,vide,vide,0.0013,vide
34,10,9,vide,vide,vide,0.0015,vide
34,10,10,vide,vide,vide,0.0068,vide
34,10,11,vide,vide,vide,0.0014,vide
34,10,12,vide,vide,vide,0.0008,vide
34,10,13,vide,vide,vide,0.0015,vide
34,10,14,vide,vide,vide,0.0019,vide
34,10,15,vide,vide,vide,0.0004,vide
34,10,16,vide,vide,vide,0.0001,vide
34,10,17,vide,vide,vide,0.0032,vide
34,10,18,vide,vide,vide,0.0025,vide
34,10,19,vide,vide,vide,0.0003,vide
34,10,20,vide,vide,vide,0.0016,vide
34,10,21,vide,vide,vide,0.0019,vide
34,10,22,vide,vide,vide,0.0002,vide
34,10,23,vide,vide,vide,0.0000,vide
34,10,24,vide,vide,vide,0.0043,vide
34,10,25,vide,vide,vide,0.0006,vide
34,10,26,vide,vide,vide,0.0000,vide
34,10,27,vide,vide,vide,0.0020,vide
34,10,28,vide,vide,vide,0.0015,vide
34,10,29,vide,vide,vide,0.0011,vide
34,10,30,vide,vide,vide,0.0000,vide
34,10,31,vide,vide,vide,0.0000,vide
34,11,1,vide,vide,vide,0.0000,vide
34,11,2,vide,vide,vide,0.0000,vide
34,11,3,vide,vide,vide,0.0000,vide
34,11,4,vide,vide,vide,0.0000,vide
34,11,5,vide,vide,vide,0.0000,vide
34,11,6,vide,vide,vide,0.0000,vide
34,11,7,vide,vide,vide,0.0000,vide
34,11,8,vide,vide,vide,0.0000,vide
34,11,9,vide,vide,vide,0.0000,vide
34,11,10,vide,vide,vide,0.0000,vide
34,11,11,vide,vide,vide,0.0000,vide
34,11,12,vide,vide,vide,0.0000,vide
34,11,13,vide,vide,vide,0.0000,vide
34,11,14,vide,vide,vide,0.0000,vide
34,11,15,vide,vide,vide,0.0000,vide
34,11,16,vide,vide,vide,0.0000,vide
34,11,17,vide,vide,vide,0.0000,vide
34,11,18,vide,vide,vide,0.0000,vide
34,11,19,vide,vide,vide,0.0000,vide
34,11,20,vide,vide,vide,0.0000,vide
34,11,21,vide,vide,vide,0.0000,vide
34,11,22,vide,vide,vide,0.0000,vide
34,11,23,vide,vide,vide,0.0000,vide
34,11,24,vide,vide,vide,0.0000,vide
34,11,25,vide,vide,vide,0.0000,vide
34,11,26,vide,vide,vide,0.0000,vide
34,11,27,vide,vide,vide,0.0000,vide
34,11,28,vide,vide,vide,0.0000,vide
34,11,29,vide,vide,vide,0.0000,vide
34,11,30,vide,vide,vide,0.0000,vide
34,12,1,vide,vide,vide,0.0082,vide
34,12,2,vide,vide,vide,0.0009,vide
34,12,3,vide,vide,vide,0.0032,vide
34,12,4,vide,vide,vide,0.0017,vide
34,12,5,vide,vide,vide,0.0035,vide
34,12,6,vide,vide,vide,0.0009,vide
34,12,7,vide,vide,vide,0.0014,vide
34,12,8,vide,vide,vide,0.0016,vide
34,12,9,vide,vide,vide,0.0002,vide
34,12,10,vide,vide,vide,0.0010,vide
34,12,11,vide,vide,vide,0.0005,vide
34,12,12,vide,vide,vide,0.0015,vide
34,12,13,vide,vide,vide,0.0007,vide
34,12,14,vide,vide,vide,0.0000,vide
34,12,15,vide,vide,vide,0.0031,vide
34,12,16,vide,vide,vide,0.0004,vide
34,12,17,vide,vide,vide,0.0005,vide
34,12,18,vide,vide,vide,0.0004,vide
34,12,19,vide,vide,vide,0.0018,vide
34,12,20,vide,vide,vide,0.0127,vide
34,12,21,vide,vide,vide,0.0002,vide
34,12,22,vide,vide,vide,0.0016,vide
34,12,23,vide,vide,vide,0.0002,vide
34,12,24,vide,vide,vide,0.0011,vide
34,12,25,vide,vide,vide,0.0004,vide
34,12,26,vide,vide,vide,0.0024,vide
34,12,27,vide,vide,vide,0.0015,vide
34,12,28,vide,vide,vide,0.0003,vide
34,12,29,vide,vide,vide,0.0044,vide
34,12,30,vide,vide,vide,0.0003,vide
34,12,31,vide,vide,vide,0.0030,vide
35,1,1,vide,vide,vide,0.0010,vide
35,1,2,vide,vide,vide,0.0011,vide
35,1,3,vide,vide,vide,0.0005,vide
35,1,4,vide,vide,vide,0.0044,vide
35,1,5,vide,vide,vide,0.0009,vide
35,1,6,vide,vide,vide,0.0000,vide
35,1,7,vide,vide,vide,0.0000,vide
35,1,8,vide,vide,vide,0.0000,vide
35,1,9,vide,vide,vide,0.0000,vide
35,1,10,vide,vide,vide,0.0000,vide
35,1,11,vide,vide,vide,0.0050,vide
35,1,12,vide,vide,vide,0.0000,vide
35,1,13,vide,vide,vide,0.0016,vide
35,1,14,vide,vide,vide,0.0053,vide
35,1,15,vide,vide,vide,0.0011,vide
35,1,16,vide,vide,vide,0.0023,vide
35,1,17,vide,vide,vide,0.0016,vide
35,1,18,vide,vide,vide,0.0034,vide
35,1,19,vide,vide,vide,0.0026,vide
35,1,20,vide,vide,vide,0.0049,vide
35,1,21,vide,vide,vide,0.0009,vide
35,1,22,vide,vide,vide,0.0013,vide
35,1,23,vide,vide,vide,0.0012,vide
35,1,24,vide,vide,vide,0.0000,vide
35,1,25,vide,vide,vide,0.0009,vide
35,1,26,vide,vide,vide,0.0000,vide
35,1,27,vide,vide,vide,0.0000,vide
35,1,28,vide,vide,vide,0.0084,vide
35,1,29,vide,vide,vide,0.0000,vide
35,1,30,vide,vide,vide,0.0010,vide
35,1,31,vide,vide,vide,0.0000,vide
35,2,1,vide,vide,vide,0.0060,vide
35,2,2,vide,vide,vide,0.0046,vide
35,2,3,vide,vide,vide,0.0027,vide
35,2,4,vide,vide,vide,0.0022,vide
35,2,5,vide,vide,vide,0.0004,vide
35,2,6,vide,vide,vide,0.0036,vide
35,2,7,vide,vide,vide,0.0017,vide
35,2,8,vide,vide,vide,0.0045,vide
35,2,9,vide,vide,vide,0.0045,vide
35,2,10,vide,vide,vide,0.0036,vide
35,2,11,vide,vide,vide,0.0009,vide
35,2,12,vide,vide,vide,0.0032,vide
35,2,13,vide,vide,vide,0.0019,vide
35,2,14,vide,vide,vide,0.0029,vide
35,2,15,vide,vide,vide,0.0086,vide
35,2,16,vide,vide,vide,0.0061,vide
35,2,17,vide,vide,vide,0.0064,vide
35,2,18,vide,vide,vide,0.0039,vide
36,1,1,vide,vide,vide,0.0000,vide
36,1,2,vide,vide,vide,0.0000,vide
36,1,3,vide,vide,vide,0.0000,vide
36,1,4,vide,vide,vide,0.0005,vide
36,1,5,vide,vide,vide,0.0031,vide
36,1,6,vide,vide,vide,0.0018,vide
36,1,7,vide,vide,vide,0.0000,vide
36,1,8,vide,vide,vide,0.0000,vide
36,1,9,vide,vide,vide,0.0000,vide
36,1,10,vide,vide,vide,0.0000,vide
36,1,11,vide,vide,vide,0.0000,vide
36,1,12,vide,vide,vide,0.0008,vide
36,1,13,vide,vide,vide,0.0000,vide
36,1,14,vide,vide,vide,0.0000,vide
36,1,15,vide,vide,vide,0.0000,vide
36,1,16,vide,vide,vide,0.0000,vide
36,1,17,vide,vide,vide,0.0000,vide
36,1,18,vide,vide,vide,0.0000,vide
36,1,19,vide,vide,vide,0.0000,vide
36,1,20,vide,vide,vide,0.0000,vide
36,1,21,vide,vide,vide,0.0012,vide
36,1,22,vide,vide,vide,0.0000,vide
36,1,23,vide,vide,vide,0.0000,vide
36,1,24,vide,vide,vide,0.0001,vide
36,1,25,vide,vide,vide,0.0003,vide
36,1,26,vide,vide,vide,0.0000,vide
36,1,27,vide,vide,vide,0.0000,vide
36,1,28,vide,vide,vide,0.0000,vide
36,1,29,vide,vide,vide,0.0001,vide
36,1,30,vide,vide,vide,0.0014,vide
36,1,31,vide,vide,vide,0.0040,vide
36,2,1,vide,vide,vide,0.0011,vide
36,2,2,vide,vide,vide,0.0000,vide
36,2,3,vide,vide,vide,0.0022,vide
36,2,4,vide,vide,vide,0.0005,vide
36,2,5,vide,vide,vide,0.0005,vide
36,2,6,vide,vide,vide,0.0002,vide
36,2,7,vide,vide,vide,0.0000,vide
36,2,8,vide,vide,vide,0.0000,vide
36,2,9,vide,vide,vide,0.0002,vide
36,2,10,vide,vide,vide,0.0013,vide
36,2,11,vide,vide,vide,0.0013,vide
36,2,12,vide,vide,vide,0.0021,vide
36,2,13,vide,vide,vide,0.0005,vide
36,2,14,vide,vide,vide,0.0000,vide
36,2,15,vide,vide,vide,0.0007,vide
36,2,16,vide,vide,vide,0.0003,vide
36,2,17,vide,vide,vide,0.0030,vide
36,2,18,vide,vide,vide,0.0016,vide
36,2,19,vide,vide,vide,0.0009,vide
36,2,20,vide,vide,vide,0.0005,vide
36,2,21,vide,vide,vide,0.0002,vide
36,2,22,vide,vide,vide,0.0007,vide
36,2,23,vide,vide,vide,0.0002,vide
36,2,24,vide,vide,vide,0.0015,vide
36,2,25,vide,vide,vide,0.0013,vide
36,2,26,vide,vide,vide,0.0014,vide
36,2,27,vide,vide,vide,0.0014,vide
36,2,28,vide,vide,vide,0.0000,vide
36,3,1,vide,vide,vide,0.0000,vide
36,3,2,vide,vide,vide,0.0000,vide
36,3,3,vide,vide,vide,0.0000,vide
36,3,4,vide,vide,vide,0.0000,vide
36,3,5,vide,vide,vide,0.0001,vide
36,3,6,vide,vide,vide,0.0011,vide
36,3,7,vide,vide,vide,0.0003,vide
36,3,8,vide,vide,vide,0.0014,vide
36,3,9,vide,vide,vide,0.0002,vide
36,3,10,vide,vide,vide,0.0002,vide
36,3,11,vide,vide,vide,0.0004,vide
36,3,12,vide,vide,vide,0.0006,vide
36,3,13,vide,vide,vide,0.0006,vide
36,3,14,vide,vide,vide,0.0001,vide
36,3,15,vide,vide,vide,0.0007,vide
36,3,16,vide,vide,vide,0.0003,vide
36,3,17,vide,vide,vide,0.0010,vide
36,3,18,vide,vide,vide,0.0005,vide
36,3,19,vide,vide,vide,0.0001,vide
36,3,20,vide,vide,vide,0.0004,vide
36,3,21,vide,vide,vide,0.0001,vide
36,3,22,vide,vide,vide,0.0005,vide
36,3,23,vide,vide,vide,0.0001,vide
38,1,1,vide,vide,vide,0.0011,vide
38,1,2,vide,vide,vide,0.0006,vide
38,1,3,vide,vide,vide,0.0000,vide
38,1,4,vide,vide,vide,0.0000,vide
38,1,5,vide,vide,vide,0.0016,vide
38,1,6,vide,vide,vide,0.0022,vide
38,1,7,vide,vide,vide,0.0009,vide
38,1,8,vide,vide,vide,0.0009,vide
38,1,9,vide,vide,vide,0.0001,vide
38,1,10,vide,vide,vide,0.0000,vide
38,1,11,vide,vide,vide,0.0000,vide
38,1,12,vide,vide,vide,0.0000,vide
38,1,13,vide,vide,vide,0.0000,vide
38,1,14,vide,vide,vide,0.0000,vide
38,1,15,vide,vide,vide,0.0000,vide
38,1,16,vide,vide,vide,0.0000,vide
38,1,17,vide,vide,vide,0.0000,vide
38,1,18,vide,vide,vide,0.0000,vide
38,1,19,vide,vide,vide,0.0000,vide
38,1,20,vide,vide,vide,0.0000,vide
38,1,21,vide,vide,vide,0.0000,vide
38,1,22,vide,vide,vide,0.0000,vide
38,1,23,vide,vide,vide,0.0000,vide
38,1,24,vide,vide,vide,0.0000,vide
38,1,25,vide,vide,vide,0.0000,vide
38,1,26,vide,vide,vide,0.0000,vide
38,1,27,vide,vide,vide,0.0000,vide
38,1,28,vide,vide,vide,0.0000,vide
38,1,29,vide,vide,vide,0.0000,vide
38,1,30,vide,vide,vide,0.0000,vide
38,1,31,vide,vide,vide,0.0000,vide
38,2,1,vide,vide,vide,0.0020,vide
38,2,2,vide,vide,vide,0.0015,vide
38,2,3,vide,vide,vide,0.0028,vide
38,2,4,vide,vide,vide,0.0009,vide
38,2,5,vide,vide,vide,0.0022,vide
38,2,6,vide,vide,vide,0.0008,vide
38,2,7,vide,vide,vide,0.0016,vide
38,2,8,vide,vide,vide,0.0012,vide
38,2,9,vide,vide,vide,0.0010,vide
38,2,10,vide,vide,vide,0.0028,vide
38,2,11,vide,vide,vide,0.0011,vide
38,2,12,vide,vide,vide,0.0016,vide
38,2,13,vide,vide,vide,0.0008,vide
38,2,14,vide,vide,vide,0.0036,vide
38,2,15,vide,vide,vide,0.0019,vide
38,2,16,vide,vide,vide,0.0016,vide
38,2,17,vide,vide,vide,0.0070,vide
38,2,18,vide,vide,vide,0.0015,vide
38,2,19,vide,vide,vide,0.0010,vide
38,2,20,vide,vide,vide,0.0013,vide
38,2,21,vide,vide,vide,0.0016,vide
38,2,22,vide,vide,vide,0.0009,vide
38,2,23,vide,vide,vide,0.0012,vide
38,2,24,vide,vide,vide,0.0018,vide
38,2,25,vide,vide,vide,0.0012,vide
38,2,26,vide,vide,vide,0.0009,vide
38,2,27,vide,vide,vide,0.0000,vide
38,2,28,vide,vide,vide,0.0026,vide
38,3,1,vide,vide,vide,0.0022,vide
38,3,2,vide,vide,vide,0.0035,vide
38,3,3,vide,vide,vide,0.0031,vide
38,3,4,vide,vide,vide,0.0000,vide
38,3,5,vide,vide,vide,0.0009,vide
38,3,6,vide,vide,vide,0.0000,vide
38,3,7,vide,vide,vide,0.0002,vide
38,3,8,vide,vide,vide,0.0001,vide
38,3,9,vide,vide,vide,0.0017,vide
38,3,10,vide,vide,vide,0.0008,vide
38,3,11,vide,vide,vide,0.0000,vide
38,3,12,vide,vide,vide,0.0002,vide
38,3,13,vide,vide,vide,0.0000,vide
38,3,14,vide,vide,vide,0.0000,vide
38,3,15,vide,vide,vide,0.0001,vide
38,3,16,vide,vide,vide,0.0000,vide
38,3,17,vide,vide,vide,0.0009,vide
38,3,18,vide,vide,vide,0.0000,vide
38,3,19,vide,vide,vide,0.0000,vide
38,3,20,vide,vide,vide,0.0000,vide
38,3,21,vide,vide,vide,0.0000,vide
38,3,22,vide,vide,vide,0.0000,vide
38,3,23,vide,vide,vide,0.0000,vide
38,3,24,vide,vide,vide,0.0000,vide
38,3,25,vide,vide,vide,0.0000,vide
38,3,26,vide,vide,vide,0.0000,vide
38,3,27,vide,vide,vide,0.0000,vide
38,3,28,vide,vide,vide,0.0000,vide
38,3,29,vide,vide,vide,0.0003,vide
38,3,30,vide,vide,vide,0.0003,vide
38,3,31,vide,vide,vide,0.0037,vide
38,4,1,vide,vide,vide,0.0256,vide
38,4,2,vide,vide,vide,0.0012,vide
38,4,3,vide,vide,vide,0.0023,vide
38,4,4,vide,vide,vide,0.0005,vide
38,4,5,vide,vide,vide,0.0007,vide
38,4,6,vide,vide,vide,0.0019,vide
38,4,7,vide,vide,vide,0.0044,vide
38,4,8,vide,vide,vide,0.0011,vide
38,4,9,vide,vide,vide,0.0016,vide
38,4,10,vide,vide,vide,0.0013,vide
38,4,11,vide,vide,vide,0.0024,vide
38,4,12,vide,vide,vide,0.0010,vide
38,4,13,vide,vide,vide,0.0003,vide
38,4,14,vide,vide,vide,0.0027,vide
38,4,15,vide,vide,vide,0.0008,vide
38,4,16,vide,vide,vide,0.0007,vide
38,4,17,vide,vide,vide,0.0024,vide
38,4,18,vide,vide,vide,0.0004,vide
38,4,19,vide,vide,vide,0.0004,vide
38,4,20,vide,vide,vide,0.0011,vide
38,4,21,vide,vide,vide,0.0034,vide
38,4,22,vide,vide,vide,0.0000,vide
38,4,23,vide,vide,vide,0.0008,vide
38,4,24,vide,vide,vide,0.0002,vide
38,4,25,vide,vide,vide,0.0023,vide
38,4,26,vide,vide,vide,0.0003,vide
38,4,27,vide,vide,vide,0.0008,vide
38,4,28,vide,vide,vide,0.0030,vide
38,4,29,vide,vide,vide,0.0011,vide
38,4,30,vide,vide,vide,0.0006,vide
38,5,1,vide,vide,vide,0.0100,vide
38,5,2,vide,vide,vide,0.0577,vide
38,5,3,vide,vide,vide,0.0586,vide
38,5,4,vide,vide,vide,0.0141,vide
38,5,5,vide,vide,vide,0.0043,vide
38,5,6,vide,vide,vide,0.0014,vide
38,5,7,vide,vide,vide,0.0020,vide
38,5,8,vide,vide,vide,0.0015,vide
38,5,9,vide,vide,vide,0.0019,vide
38,5,10,vide,vide,vide,0.0003,vide
38,5,11,vide,vide,vide,0.0034,vide
38,5,12,vide,vide,vide,0.0008,vide
38,5,13,vide,vide,vide,0.0012,vide
38,5,14,vide,vide,vide,0.0015,vide
38,5,15,vide,vide,vide,0.0009,vide
38,5,16,vide,vide,vide,0.0011,vide
38,5,17,vide,vide,vide,0.0015,vide
38,5,18,vide,vide,vide,0.0015,vide
38,5,19,vide,vide,vide,0.0003,vide
38,5,20,vide,vide,vide,0.0009,vide
38,5,21,vide,vide,vide,0.0005,vide
38,5,22,vide,vide,vide,0.0005,vide
38,5,23,vide,vide,vide,0.0023,vide
38,5,24,vide,vide,vide,0.0002,vide
38,5,25,vide,?,vide,0.0099,vide
38,5,26,vide,vide,vide,0.0007,vide
38,5,27,vide,vide,vide,0.0010,vide
38,5,28,vide,vide,vide,0.0011,vide
38,5,29,vide,vide,vide,0.0007,vide
38,5,30,vide,vide,vide,0.0020,vide
38,5,31,vide,vide,vide,0.0007,vide
38,6,1,vide,vide,vide,0.0108,vide
38,6,2,vide,vide,vide,0.0018,vide
38,6,3,vide,vide,vide,0.0021,vide
38,6,4,vide,vide,vide,0.0028,vide
38,6,5,vide,vide,vide,0.0029,vide
38,6,6,vide,vide,vide,0.0011,vide
38,6,7,vide,vide,vide,0.0019,vide
38,6,8,vide,vide,vide,0.0007,vide
38,6,9,vide,vide,vide,0.0009,vide
38,6,10,vide,vide,vide,0.0008,vide
38,6,11,vide,vide,vide,0.0015,vide
38,6,12,vide,vide,vide,0.0016,vide
38,6,13,vide,vide,vide,0.0010,vide
38,6,14,vide,vide,vide,0.0003,vide
38,6,15,vide,vide,vide,0.0000,vide
38,6,16,vide,vide,vide,0.0019,vide
38,6,17,vide,vide,vide,0.0006,vide
38,6,18,vide,vide,vide,0.0005,vide
38,6,19,vide,vide,vide,0.0001,vide
38,6,20,vide,vide,vide,0.0011,vide
38,6,21,vide,vide,vide,0.0000,vide
38,6,22,vide,vide,vide,0.0000,vide
38,6,23,vide,vide,vide,0.0013,vide
38,6,24,vide,vide,vide,0.0015,vide
38,6,25,vide,vide,vide,0.0007,vide
38,6,26,vide,vide,vide,0.0009,vide
38,6,27,vide,vide,vide,0.0031,vide
38,6,28,vide,vide,vide,0.0016,vide
38,6,29,vide,vide,vide,0.0015,vide
38,6,30,vide,vide,vide,0.0031,vide
38,7,1,vide,vide,vide,0.0065,vide
38,7,2,vide,vide,vide,0.0077,vide
38,7,3,vide,vide,vide,0.0060,vide
38,7,4,vide,vide,vide,0.0015,vide
38,7,5,vide,vide,vide,0.0007,vide
38,7,6,vide,vide,vide,0.0004,vide
38,7,7,vide,vide,vide,0.0030,vide
38,7,8,vide,vide,vide,0.0008,vide
38,7,9,vide,vide,vide,0.0004,vide
38,7,10,vide,vide,vide,0.0029,vide
38,7,11,vide,vide,vide,0.0007,vide
38,7,12,vide,vide,vide,0.0008,vide
38,7,13,vide,vide,vide,0.0015,vide
38,7,14,vide,vide,vide,0.0001,vide
38,7,15,vide,vide,vide,0.0013,vide
38,7,16,vide,vide,vide,0.0019,vide
38,7,17,vide,vide,vide,0.0008,vide
38,7,18,vide,vide,vide,0.0000,vide
38,7,19,vide,vide,vide,0.0002,vide
38,7,20,vide,vide,vide,0.0000,vide
38,7,21,vide,vide,vide,0.0021,vide
38,7,22,vide,vide,vide,0.0000,vide
38,7,23,vide,vide,vide,0.0005,vide
38,7,24,vide,vide,vide,0.0003,vide
38,7,25,vide,vide,vide,0.0007,vide
38,7,26,vide,vide,vide,0.0014,vide
38,7,27,vide,vide,vide,0.0008,vide
38,7,28,vide,vide,vide,0.0025,vide
38,7,29,vide,vide,vide,0.0016,vide
38,7,30,vide,vide,vide,0.0015,vide
38,7,31,vide,vide,vide,0.0003,vide
38,8,1,vide,vide,vide,0.0394,vide
38,8,2,vide,vide,vide,0.0356,vide
38,8,3,vide,vide,vide,0.0398,vide
38,8,4,vide,vide,vide,0.0287,vide
38,8,5,vide,vide,vide,0.0034,vide
38,8,6,vide,vide,vide,0.0013,vide
38,8,7,vide,vide,vide,0.0016,vide
38,8,8,vide,vide,vide,0.0015,vide
38,8,9,vide,vide,vide,0.0023,vide
38,8,10,vide,vide,vide,0.0033,vide
38,8,11,vide,vide,vide,0.0021,vide
38,8,12,vide,vide,vide,0.0021,vide
38,8,13,vide,vide,vide,0.0009,vide
38,8,14,vide,vide,vide,0.0033,vide
38,8,15,vide,vide,vide,0.0019,vide
38,8,16,vide,vide,vide,0.0009,vide
38,8,17,vide,vide,vide,0.0006,vide
38,8,18,vide,vide,vide,0.0005,vide
38,8,19,vide,vide,vide,0.0001,vide
38,8,20,vide,vide,vide,0.0000,vide
38,8,21,vide,vide,vide,0.0000,vide
38,8,22,vide,vide,vide,0.0000,vide
38,8,23,vide,vide,vide,0.0000,vide
38,8,24,vide,vide,vide,0.0000,vide
38,8,25,vide,vide,vide,0.0000,vide
38,8,26,vide,vide,vide,0.0003,vide
38,8,27,vide,vide,vide,0.0002,vide
38,8,28,vide,vide,vide,0.0000,vide
38,8,29,vide,vide,vide,0.0029,vide
38,8,30,vide,vide,vide,0.0010,vide
38,8,31,vide,vide,vide,0.0009,vide
38,9,1,vide,vide,vide,0.0391,vide
38,9,2,vide,vide,vide,0.0358,vide
38,9,3,vide,vide,vide,0.0319,vide
38,9,4,vide,vide,vide,0.0024,vide
38,9,5,vide,vide,vide,0.0041,vide
38,9,6,vide,vide,vide,0.0015,vide
38,9,7,vide,vide,vide,0.0012,vide
38,9,8,vide,vide,vide,0.0027,vide
38,9,9,vide,vide,vide,0.0015,vide
38,9,10,vide,vide,vide,0.0015,vide
38,9,11,vide,vide,vide,0.0001,vide
38,9,12,vide,vide,vide,0.0040,vide
38,9,13,vide,vide,vide,0.0014,vide
38,9,14,vide,vide,vide,0.0021,vide
38,9,15,vide,vide,vide,0.0042,vide
38,9,16,vide,vide,vide,0.0008,vide
38,9,17,vide,vide,vide,0.0003,vide
38,9,18,vide,vide,vide,0.0012,vide
38,9,19,vide,vide,vide,0.0018,vide
38,9,20,vide,vide,vide,0.0002,vide
38,9,21,vide,vide,vide,0.0000,vide
38,9,22,vide,vide,vide,0.0004,vide
38,9,23,vide,vide,vide,0.0000,vide
38,9,24,vide,vide,vide,0.0000,vide
38,9,25,vide,vide,vide,0.0000,vide
38,9,26,vide,vide,vide,0.0005,vide
38,9,27,vide,vide,vide,0.0000,vide
38,9,28,vide,vide,vide,0.0000,vide
38,9,29,vide,vide,vide,0.0004,vide
38,9,30,vide,vide,vide,0.0010,vide
38,10,1,vide,vide,vide,0.0082,vide
38,10,2,vide,vide,vide,0.0019,vide
38,10,3,vide,vide,vide,0.0019,vide
38,10,4,vide,vide,vide,0.0007,vide
38,10,5,vide,vide,vide,0.0022,vide
38,10,6,vide,vide,vide,0.0039,vide
38,10,7,vide,vide,vide,0.0012,vide
38,10,8,vide,vide,vide,0.0010,vide
38,10,9,vide,vide,vide,0.0002,vide
38,10,10,vide,vide,vide,0.0016,vide
38,10,11,vide,vide,vide,0.0010,vide
38,10,12,vide,vide,vide,0.0004,vide
38,10,13,vide,vide,vide,0.0016,vide
38,10,14,vide,vide,vide,0.0010,vide
38,10,15,vide,vide,vide,0.0010,vide
38,10,16,vide,vide,vide,0.0042,vide
38,10,17,vide,vide,vide,0.0003,vide
38,10,18,vide,vide,vide,0.0003,vide
38,10,19,vide,vide,vide,0.0000,vide
38,10,20,vide,vide,vide,0.0000,vide
38,10,21,vide,vide,vide,0.0001,vide
38,10,22,vide,vide,vide,0.0000,vide
38,10,23,vide,vide,vide,0.0000,vide
38,10,24,vide,vide,vide,0.0017,vide
38,10,25,vide,vide,vide,0.0005,vide
38,10,26,vide,vide,vide,0.0000,vide
38,10,27,vide,vide,vide,0.0024,vide
38,10,28,vide,vide,vide,0.0004,vide
38,10,29,vide,vide,vide,0.0009,vide
38,10,30,vide,vide,vide,0.0000,vide
38,10,31,vide,vide,vide,0.0010,vide
38,11,1,vide,vide,vide,0.0019,vide
38,11,2,vide,vide,vide,0.0005,vide
38,11,3,vide,vide,vide,0.0025,vide
38,11,4,vide,vide,vide,0.0020,vide
38,11,5,vide,vide,vide,0.0009,vide
38,11,6,vide,vide,vide,0.0007,vide
38,11,7,vide,vide,vide,0.0021,vide
38,11,8,vide,vide,vide,0.0003,vide
38,11,9,vide,vide,vide,0.0002,vide
38,11,10,vide,vide,vide,0.0012,vide
38,11,11,vide,vide,vide,0.0012,vide
38,11,12,vide,vide,vide,0.0010,vide
38,11,13,vide,vide,vide,0.0003,vide
38,11,14,vide,vide,vide,0.0010,vide
38,11,15,vide,vide,vide,0.0005,vide
38,11,16,vide,vide,vide,0.0008,vide
38,11,17,vide,vide,vide,0.0012,vide
38,11,18,vide,vide,vide,0.0011,vide
39,1,1,vide,vide,vide,0.0000,vide
39,1,2,vide,vide,vide,0.0009,vide
39,1,3,vide,vide,vide,0.0018,vide
39,1,4,vide,vide,vide,0.0002,vide
39,1,5,vide,vide,vide,0.0015,vide
39,1,6,vide,vide,vide,0.0018,vide
39,1,7,vide,vide,vide,0.0000,vide
39,1,8,vide,vide,vide,0.0000,vide
39,1,9,vide,vide,vide,0.0000,vide
39,1,10,vide,vide,vide,0.0000,vide
39,1,11,vide,vide,vide,0.0000,vide
39,1,12,vide,vide,vide,0.0000,vide
39,1,13,vide,vide,vide,0.0000,vide
39,1,14,vide,vide,vide,0.0000,vide
39,1,15,vide,vide,vide,0.0000,vide
39,1,16,vide,vide,vide,0.0000,vide
39,1,17,vide,vide,vide,0.0000,vide
39,1,18,vide,vide,vide,0.0000,vide
39,1,19,vide,vide,vide,0.0012,vide
39,1,20,vide,vide,vide,0.0002,vide
39,1,21,vide,vide,vide,0.0000,vide
39,1,22,vide,vide,vide,0.0001,vide
39,1,23,vide,vide,vide,0.0000,vide
39,1,24,vide,vide,vide,0.0000,vide
39,1,25,vide,vide,vide,0.0000,vide
39,1,26,vide,vide,vide,0.0004,vide
39,1,27,vide,vide,vide,0.0000,vide
39,1,28,vide,vide,vide,0.0000,vide
39,1,29,vide,vide,vide,0.0000,vide
39,1,30,vide,vide,vide,0.0000,vide
39,1,31,vide,vide,vide,0.0000,vide
39,2,1,vide,vide,vide,0.0000,vide
39,2,2,vide,vide,vide,0.0000,vide
39,2,3,vide,vide,vide,0.0033,vide
39,2,4,vide,vide,vide,0.0001,vide
39,2,5,vide,vide,vide,0.0004,vide
39,2,6,vide,vide,vide,0.0010,vide
39,2,7,vide,vide,vide,0.0000,vide
39,2,8,vide,vide,vide,0.0002,vide
39,2,9,vide,vide,vide,0.0016,vide
39,2,10,vide,vide,vide,0.0049,vide
39,2,11,vide,vide,vide,0.0004,vide
39,2,12,vide,vide,vide,0.0000,vide
39,2,13,vide,vide,vide,0.0004,vide
39,2,14,vide,vide,vide,0.0001,vide
39,2,15,vide,vide,vide,0.0003,vide
39,2,16,vide,vide,vide,0.0019,vide
39,2,17,vide,vide,vide,0.0007,vide
39,2,18,vide,vide,vide,0.0011,vide
39,2,19,vide,vide,vide,0.0005,vide
39,2,20,vide,vide,vide,0.0006,vide
39,2,21,vide,vide,vide,0.0011,vide
39,2,22,vide,vide,vide,0.0003,vide
39,2,23,vide,vide,vide,0.0012,vide
39,2,24,vide,vide,vide,0.0013,vide
39,2,25,vide,vide,vide,0.0000,vide
39,2,26,vide,vide,vide,0.0006,vide
39,2,27,vide,vide,vide,0.0004,vide
39,2,28,vide,vide,vide,0.0020,vide
39,3,1,vide,vide,vide,0.0000,vide
39,3,2,vide,vide,vide,0.0000,vide
39,3,3,vide,vide,vide,0.0000,vide
39,3,4,vide,vide,vide,0.0000,vide
39,3,5,vide,vide,vide,0.0000,vide
39,3,6,vide,vide,vide,0.0000,vide
39,3,7,vide,vide,vide,0.0000,vide
39,3,8,vide,vide,vide,0.0000,vide
39,3,9,vide,vide,vide,0.0000,vide
39,3,10,vide,vide,vide,0.0000,vide
39,3,11,vide,vide,vide,0.0000,vide
39,3,12,vide,vide,vide,0.0004,vide
39,3,13,vide,vide,vide,0.0000,vide
39,3,14,vide,vide,vide,0.0000,vide
39,3,15,vide,vide,vide,0.0004,vide
39,3,16,vide,vide,vide,0.0018,vide
39,3,17,vide,vide,vide,0.0018,vide
39,3,18,vide,vide,vide,0.0003,vide
39,3,19,vide,vide,vide,0.0000,vide
39,3,20,vide,vide,vide,0.0000,vide
39,3,21,vide,vide,vide,0.0044,vide
39,3,22,vide,vide,vide,0.0000,vide
39,3,23,vide,vide,vide,0.0006,vide
39,3,24,vide,vide,vide,0.0012,vide
39,3,25,vide,vide,vide,0.0000,vide
39,3,26,vide,vide,vide,0.0000,vide
39,3,27,vide,vide,vide,0.0000,vide
39,3,28,vide,vide,vide,0.0000,vide
39,3,29,vide,vide,vide,0.0000,vide
39,3,30,vide,vide,vide,0.0000,vide
39,3,31,vide,vide,vide,0.0000,vide
39,4,1,vide,vide,vide,0.0000,vide
39,4,2,vide,vide,vide,0.0000,vide
39,4,3,vide,vide,vide,0.0000,vide
39,4,4,vide,vide,vide,0.0000,vide
39,4,5,vide,vide,vide,0.0007,vide
39,4,6,vide,vide,vide,0.0020,vide
39,4,7,vide,vide,vide,0.0024,vide
39,4,8,vide,vide,vide,0.0003,vide
39,4,9,vide,vide,vide,0.0020,vide
39,4,10,vide,vide,vide,0.0011,vide
39,4,11,vide,vide,vide,0.0021,vide
39,4,12,vide,vide,vide,0.0003,vide
39,4,13,vide,vide,vide,0.0011,vide
39,4,14,vide,vide,vide,0.0004,vide
39,4,15,vide,vide,vide,0.0006,vide
39,4,16,vide,vide,vide,0.0009,vide
39,4,17,vide,vide,vide,0.0007,vide
39,4,18,vide,vide,vide,0.0009,vide
39,4,19,vide,vide,vide,0.0002,vide
39,4,20,vide,vide,vide,0.0028,vide
39,4,21,vide,vide,vide,0.0020,vide
39,4,22,vide,vide,vide,0.0001,vide
39,4,23,vide,vide,vide,0.0012,vide
39,4,24,vide,vide,vide,0.0013,vide
39,4,25,vide,vide,vide,0.0015,vide
39,4,26,vide,vide,vide,0.0004,vide
39,4,27,vide,vide,vide,0.0015,vide
39,4,28,vide,vide,vide,0.0006,vide
39,4,29,vide,vide,vide,0.0004,vide
39,4,30,vide,vide,vide,0.0012,vide
39,5,1,vide,vide,vide,0.0010,vide
39,5,2,vide,vide,vide,0.0007,vide
39,5,3,vide,vide,vide,0.0008,vide
39,5,4,vide,vide,vide,0.0034,vide
39,5,5,vide,vide,vide,0.0018,vide
39,5,6,vide,vide,vide,0.0011,vide
39,5,7,vide,vide,vide,0.0012,vide
39,5,8,vide,vide,vide,0.0025,vide
39,5,9,vide,vide,vide,0.0034,vide
39,5,10,vide,vide,vide,0.0001,vide
39,5,11,vide,vide,vide,0.0027,vide
39,5,12,vide,vide,vide,0.0016,vide
39,5,13,vide,vide,vide,0.0009,vide
39,5,14,vide,vide,vide,0.0005,vide
39,5,15,vide,vide,vide,0.0015,vide
39,5,16,vide,vide,vide,0.0009,vide
39,5,17,vide,vide,vide,0.0004,vide
39,5,18,vide,vide,vide,0.0014,vide
39,5,19,vide,vide,vide,0.0002,vide
39,5,20,vide,vide,vide,0.0029,vide
39,5,21,vide,vide,vide,0.0030,vide
39,5,22,vide,vide,vide,0.0011,vide
39,5,23,vide,vide,vide,0.0000,vide
39,5,24,vide,vide,vide,0.0001,vide
39,5,25,vide,vide,vide,0.0004,vide
39,5,26,vide,vide,vide,0.0015,vide
39,5,27,vide,vide,vide,0.0011,vide
39,5,28,vide,vide,vide,0.0005,vide
39,5,29,vide,vide,vide,0.0013,vide
39,5,30,vide,vide,vide,0.0005,vide
39,5,31,vide,vide,vide,0.0001,vide
39,6,1,vide,vide,vide,0.0042,vide
39,6,2,vide,vide,vide,0.0024,vide
39,6,3,vide,vide,vide,0.0005,vide
39,6,4,vide,vide,vide,0.0007,vide
39,6,5,vide,vide,vide,0.0008,vide
39,6,6,vide,vide,vide,0.0016,vide
39,6,7,vide,vide,vide,0.0000,vide
39,6,8,vide,vide,vide,0.0002,vide
39,6,9,vide,vide,vide,0.0013,vide
39,6,10,vide,vide,vide,0.0007,vide
39,6,11,vide,vide,vide,0.0020,vide
39,6,12,vide,vide,vide,0.0010,vide
39,6,13,vide,vide,vide,0.0008,vide
39,6,14,vide,vide,vide,0.0002,vide
39,6,15,vide,vide,vide,0.0018,vide
39,6,16,vide,vide,vide,0.0012,vide
39,6,17,vide,vide,vide,0.0004,vide
39,6,18,vide,vide,vide,0.0005,vide
39,6,19,vide,vide,vide,0.0010,vide
39,6,20,vide,vide,vide,0.0010,vide
39,6,21,vide,vide,vide,0.0000,vide
39,6,22,vide,vide,vide,0.0006,vide
39,6,23,vide,vide,vide,0.0016,vide
39,6,24,vide,vide,vide,0.0007,vide
39,6,25,vide,vide,vide,0.0005,vide
39,6,26,vide,vide,vide,0.0014,vide
39,6,27,vide,vide,vide,0.0002,vide
39,6,28,vide,vide,vide,0.0000,vide
39,6,29,vide,vide,vide,0.0011,vide
39,6,30,vide,vide,vide,0.0002,vide
39,7,1,vide,vide,vide,0.0014,vide
39,7,2,vide,vide,vide,0.0005,vide
39,7,3,vide,vide,vide,0.0025,vide
39,7,4,vide,vide,vide,0.0019,vide
39,7,5,vide,vide,vide,0.0001,vide
39,7,6,vide,vide,vide,0.0010,vide
39,7,7,vide,vide,vide,0.0031,vide
39,7,8,vide,vide,vide,0.0011,vide
39,7,9,vide,vide,vide,0.0017,vide
39,7,10,vide,vide,vide,0.0028,vide
39,7,11,vide,vide,vide,0.0000,vide
39,7,12,vide,vide,vide,0.0000,vide
39,7,13,vide,vide,vide,0.0002,vide
39,7,14,vide,vide,vide,0.0032,vide
39,7,15,vide,vide,vide,0.0000,vide
39,7,16,vide,vide,vide,0.0005,vide
39,7,17,vide,vide,vide,0.0012,vide
39,7,18,vide,vide,vide,0.0004,vide
39,7,19,vide,vide,vide,0.0001,vide
39,7,20,vide,vide,vide,0.0015,vide
39,7,21,vide,vide,vide,0.0013,vide
39,7,22,vide,vide,vide,0.0012,vide
39,7,23,vide,vide,vide,0.0010,vide
39,7,24,vide,vide,vide,0.0005,vide
39,7,25,vide,vide,vide,0.0019,vide
39,7,26,vide,vide,vide,0.0004,vide
39,7,27,vide,vide,vide,0.0006,vide
39,7,28,vide,vide,vide,0.0024,vide
39,7,29,vide,vide,vide,0.0012,vide
39,7,30,vide,vide,vide,0.0008,vide
39,7,31,vide,vide,vide,0.0010,vide
39,8,1,vide,vide,vide,0.0023,vide
39,8,2,vide,vide,vide,0.0001,vide
39,8,3,vide,vide,vide,0.0007,vide
39,8,4,vide,vide,vide,0.0027,vide
39,8,5,vide,vide,vide,0.0008,vide
39,8,6,vide,vide,vide,0.0005,vide
39,8,7,vide,vide,vide,0.0013,vide
39,8,8,vide,vide,vide,0.0008,vide
39,8,9,vide,vide,vide,0.0000,vide
39,8,10,vide,vide,vide,0.0014,vide
39,8,11,vide,vide,vide,0.0033,vide
39,8,12,vide,vide,vide,0.0005,vide
39,8,13,vide,vide,vide,0.0009,vide
39,8,14,vide,vide,vide,0.0005,vide
39,8,15,vide,vide,vide,0.0031,vide
39,8,16,vide,vide,vide,0.0001,vide
39,8,17,vide,vide,vide,0.0026,vide
39,8,18,vide,vide,vide,0.0035,vide
39,8,19,vide,vide,vide,0.0007,vide
39,8,20,vide,vide,vide,0.0017,vide
39,8,21,vide,vide,vide,0.0025,vide
39,8,22,vide,vide,vide,0.0040,vide
39,8,23,vide,vide,vide,0.0000,vide
39,8,24,vide,vide,vide,0.0013,vide
39,8,25,vide,vide,vide,0.0033,vide
39,8,26,vide,vide,vide,0.0005,vide
39,8,27,vide,vide,vide,0.0005,vide
39,8,28,vide,vide,vide,0.0017,vide
39,8,29,vide,vide,vide,0.0000,vide
39,8,30,vide,vide,vide,0.0001,vide
39,8,31,vide,vide,vide,0.0010,vide
39,9,1,vide,vide,vide,0.0072,vide
39,9,2,vide,vide,vide,0.0055,vide
39,9,3,vide,vide,vide,0.0007,vide
39,9,4,vide,vide,vide,0.0007,vide
39,9,5,vide,vide,vide,0.0012,vide
39,9,6,vide,vide,vide,0.0000,vide
39,9,7,vide,vide,vide,0.0008,vide
39,9,8,vide,vide,vide,0.0017,vide
39,9,9,vide,vide,vide,0.0012,vide
39,9,10,vide,vide,vide,0.0015,vide
39,9,11,vide,vide,vide,0.0022,vide
39,9,12,vide,vide,vide,0.0009,vide
39,9,13,vide,vide,vide,0.0001,vide
39,9,14,vide,vide,vide,0.0010,vide
39,9,15,vide,vide,vide,0.0019,vide
39,9,16,vide,vide,vide,0.0012,vide
39,9,17,vide,vide,vide,0.0022,vide
39,9,18,vide,vide,vide,0.0029,vide
39,9,19,vide,vide,vide,0.0017,vide
39,9,20,vide,vide,vide,0.0004,vide
39,9,21,vide,vide,vide,0.0006,vide
39,9,22,vide,vide,vide,0.0042,vide
39,9,23,vide,vide,vide,0.0011,vide
39,9,24,vide,vide,vide,0.0005,vide
39,9,25,vide,vide,vide,0.0010,vide
39,9,26,vide,vide,vide,0.0010,vide
39,9,27,vide,vide,vide,0.0003,vide
39,9,28,vide,vide,vide,0.0011,vide
39,9,29,vide,vide,vide,0.0012,vide
39,9,30,vide,vide,vide,0.0013,vide
39,10,1,vide,vide,vide,0.0064,vide
39,10,2,vide,vide,vide,0.0016,vide
39,10,3,vide,vide,vide,0.0043,vide
39,10,4,vide,vide,vide,0.0004,vide
39,10,5,vide,vide,vide,0.0015,vide
39,10,6,vide,vide,vide,0.0020,vide
39,10,7,vide,vide,vide,0.0008,vide
39,10,8,vide,vide,vide,0.0021,vide
39,10,9,vide,vide,vide,0.0018,vide
39,10,10,vide,vide,vide,0.0018,vide
39,10,11,vide,vide,vide,0.0007,vide
39,10,12,vide,vide,vide,0.0012,vide
39,10,13,vide,vide,vide,0.0037,vide
39,10,14,vide,vide,vide,0.0010,vide
39,10,15,vide,vide,vide,0.0007,vide
39,10,16,vide,vide,vide,0.0041,vide
39,10,17,vide,vide,vide,0.0025,vide
39,10,18,vide,vide,vide,0.0009,vide
39,10,19,vide,vide,vide,0.0028,vide
39,10,20,vide,vide,vide,0.0079,vide
39,10,21,vide,vide,vide,0.0013,vide
39,10,22,vide,vide,vide,0.0018,vide
39,10,23,vide,vide,vide,0.0020,vide
39,10,24,vide,vide,vide,0.0016,vide
39,10,25,vide,vide,vide,0.0280,vide
39,10,26,vide,vide,vide,0.0025,vide
39,10,27,vide,vide,vide,0.0028,vide
39,10,28,vide,vide,vide,0.0000,vide
39,10,29,vide,vide,vide,0.0014,vide
39,10,30,vide,vide,vide,0.0003,vide
39,10,31,vide,vide,vide,0.0018,vide
39,11,1,vide,vide,vide,0.0063,vide
39,11,2,vide,vide,vide,0.0040,vide
39,11,3,vide,vide,vide,0.0051,vide
39,11,4,vide,vide,vide,0.0015,vide
39,11,5,vide,vide,vide,0.0006,vide
39,11,6,vide,vide,vide,0.0014,vide
39,11,7,vide,vide,vide,0.0016,vide
39,11,8,X,X,vide,0.2163,X
39,11,9,vide,vide,vide,0.0019,vide
39,11,10,vide,vide,vide,0.0064,vide
39,11,11,vide,vide,vide,0.0015,vide
39,11,12,vide,vide,vide,0.0014,vide
39,11,13,vide,vide,vide,0.0025,vide
39,11,14,vide,vide,vide,0.0028,vide
39,11,15,vide,vide,vide,0.0008,vide
39,11,16,vide,vide,vide,0.0029,vide
39,11,17,vide,vide,vide,0.0064,vide
39,11,18,vide,vide,vide,0.0009,vide
39,11,19,vide,vide,vide,0.0006,vide
39,11,20,vide,vide,vide,0.0024,vide
39,11,21,vide,vide,vide,0.0026,vide
39,11,22,vide,vide,vide,0.0004,vide
39,11,23,vide,vide,vide,0.0011,vide
39,11,24,vide,vide,vide,0.0030,vide
39,11,25,vide,vide,vide,0.0009,vide
39,11,26,vide,vide,vide,0.0005,vide
39,11,27,vide,vide,vide,0.0026,vide
39,11,28,vide,vide,vide,0.0026,vide
39,11,29,vide,vide,vide,0.0002,vide
39,11,30,vide,vide,vide,0.0016,vide
39,12,1,vide,vide,vide,0.0051,vide
39,12,2,vide,vide,vide,0.0017,vide
39,12,3,vide,vide,vide,0.0016,vide
39,12,4,vide,vide,vide,0.0015,vide
39,12,5,vide,vide,vide,0.0004,vide
39,12,6,vide,vide,vide,0.0001,vide
39,12,7,vide,vide,vide,0.0008,vide
39,12,8,vide,vide,vide,0.0021,vide
39,12,9,vide,vide,vide,0.0005,vide
39,12,10,vide,vide,vide,0.0013,vide
39,12,11,vide,vide,vide,0.0009,vide
39,12,12,X,X,vide,0.0342,vide
39,12,13,X,X,vide,0.0221,vide
39,12,14,vide,vide,vide,0.0025,vide
39,12,15,vide,vide,vide,0.0065,vide
39,12,16,vide,vide,vide,0.0007,vide
39,12,17,vide,vide,vide,0.0010,vide
39,12,18,vide,vide,vide,0.0017,vide
39,12,19,vide,vide,vide,0.0007,vide
39,12,20,vide,vide,vide,0.0005,vide
39,12,21,vide,vide,vide,0.0020,vide
39,12,22,vide,vide,vide,0.0044,vide
39,12,23,vide,vide,vide,0.0013,vide
39,12,24,vide,vide,vide,0.0015,vide
39,12,25,vide,vide,vide,0.0034,vide
39,12,26,vide,vide,vide,0.0019,vide
39,12,27,vide,vide,vide,0.0018,vide
39,12,28,vide,vide,vide,0.0035,vide
39,12,29,vide,vide,vide,0.0035,vide
39,12,30,vide,vide,vide,0.0018,vide
39,12,31,vide,vide,vide,0.0017,vide
4,1,1,vide,vide,vide,0.0009,vide
4,1,2,vide,vide,vide,0.0073,vide
4,1,3,vide,vide,vide,0.0027,vide
4,1,4,vide,vide,vide,0.0069,vide
4,1,5,vide,vide,vide,0.0047,vide
4,1,6,vide,vide,vide,0.0025,vide
4,1,7,vide,vide,vide,0.0031,vide
4,1,8,vide,vide,vide,0.0024,vide
4,1,9,vide,vide,vide,0.0038,vide
4,1,10,vide,vide,vide,0.0000,vide
4,1,11,vide,vide,vide,0.0026,vide
4,1,12,vide,vide,vide,0.0004,vide
4,1,13,vide,vide,vide,0.0005,vide
4,1,14,vide,vide,vide,0.0005,vide
4,1,15,vide,vide,vide,0.0008,vide
4,1,16,vide,vide,vide,0.0000,vide
4,1,17,vide,vide,vide,0.0000,vide
4,1,18,vide,vide,vide,0.0035,vide
4,1,19,vide,vide,vide,0.0027,vide
4,1,20,vide,vide,vide,0.0026,vide
4,1,21,vide,vide,vide,0.0001,vide
4,1,22,vide,vide,vide,0.0003,vide
4,1,23,vide,vide,vide,0.0007,vide
4,1,24,vide,vide,vide,0.0000,vide
4,1,25,vide,vide,vide,0.0007,vide
4,1,26,vide,vide,vide,0.0000,vide
4,1,27,vide,vide,vide,0.0012,vide
4,1,28,vide,vide,vide,0.0017,vide
4,1,29,vide,vide,vide,0.0023,vide
4,1,30,vide,vide,vide,0.0051,vide
4,1,31,vide,X,vide,0.1307,vide
4,2,1,vide,vide,vide,0.0110,vide
4,2,2,vide,vide,vide,0.0126,vide
4,2,3,vide,vide,vide,0.0077,vide
4,2,4,vide,vide,vide,0.0077,vide
4,2,5,vide,vide,vide,0.0037,vide
4,2,6,vide,vide,vide,0.0099,vide
4,2,7,vide,vide,vide,0.0062,vide
4,2,8,vide,vide,vide,0.0126,vide
4,2,9,vide,vide,vide,0.0130,vide
4,2,10,vide,vide,vide,0.0097,vide
4,2,11,vide,vide,vide,0.0062,vide
4,2,12,vide,vide,vide,0.0016,vide
4,2,13,vide,vide,vide,0.0078,vide
4,2,14,vide,vide,vide,0.0067,vide
4,2,15,vide,vide,vide,0.0098,vide
4,2,16,vide,vide,vide,0.0061,vide
4,2,17,vide,vide,vide,0.0038,vide
4,2,18,vide,vide,vide,0.0050,vide
4,2,19,vide,vide,vide,0.0017,vide
4,2,20,vide,vide,vide,0.0059,vide
4,2,21,vide,vide,vide,0.0040,vide
4,2,22,vide,vide,vide,0.0076,vide
4,2,23,vide,vide,vide,0.0080,vide
4,2,24,vide,vide,vide,0.0049,vide
4,2,25,vide,vide,vide,0.0062,vide
4,2,26,vide,vide,vide,0.0016,vide
4,2,27,vide,vide,vide,0.0073,vide
4,2,28,vide,vide,vide,0.0033,vide
4,3,1,vide,vide,vide,0.0057,vide
4,3,2,vide,vide,vide,0.0062,vide
4,3,3,vide,vide,vide,0.0044,vide
4,3,4,vide,vide,vide,0.0030,vide
4,3,5,vide,vide,vide,0.0009,vide
4,3,6,vide,vide,vide,0.0060,vide
4,3,7,vide,vide,vide,0.0031,vide
4,3,8,vide,vide,vide,0.0051,vide
4,3,9,vide,vide,vide,0.0030,vide
4,3,10,vide,vide,vide,0.0085,vide
4,3,11,vide,vide,vide,0.0005,vide
4,3,12,vide,vide,vide,0.0003,vide
4,3,13,vide,vide,vide,0.0018,vide
4,3,14,vide,vide,vide,0.0000,vide
4,3,15,vide,vide,vide,0.0000,vide
4,3,16,vide,vide,vide,0.0000,vide
4,3,17,vide,vide,vide,0.0000,vide
4,3,18,vide,vide,vide,0.0000,vide
4,3,19,vide,vide,vide,0.0000,vide
4,3,20,vide,vide,vide,0.0000,vide
4,3,21,vide,vide,vide,0.0000,vide
4,3,22,vide,vide,vide,0.0000,vide
4,3,23,vide,vide,vide,0.0000,vide
40,1,1,vide,vide,vide,0.0225,vide
40,1,2,vide,vide,vide,0.0256,vide
40,1,3,vide,vide,vide,0.0197,vide
40,1,4,vide,vide,vide,0.0299,vide
40,1,5,vide,vide,vide,0.0342,vide
40,1,6,vide,vide,vide,0.0354,vide
40,1,7,vide,vide,vide,0.0462,vide
40,1,8,vide,vide,vide,0.0493,vide
40,1,9,vide,vide,vide,0.0447,vide
40,1,10,vide,vide,vide,0.0424,vide
40,1,11,vide,vide,vide,0.0462,vide
40,1,12,vide,vide,vide,0.0460,vide
40,1,13,vide,vide,vide,0.0462,vide
40,1,14,vide,vide,vide,0.0567,vide
40,1,15,vide,vide,vide,0.0598,vide
40,1,16,vide,vide,vide,0.0514,vide
40,1,17,vide,vide,vide,0.0507,vide
40,1,18,vide,vide,vide,0.0592,vide
40,1,19,vide,vide,vide,0.0523,vide
40,1,20,vide,vide,vide,0.0516,vide
40,1,21,vide,vide,vide,0.0563,vide
40,1,22,vide,vide,vide,0.0561,vide
40,1,23,vide,vide,vide,0.0476,vide
40,1,24,vide,vide,vide,0.0563,vide
40,1,25,vide,vide,vide,0.0530,vide
40,1,26,vide,vide,vide,0.0464,vide
40,1,27,vide,vide,vide,0.0429,vide
40,1,28,vide,vide,vide,0.0525,vide
40,1,29,vide,vide,vide,0.0000,vide
40,1,30,vide,vide,vide,0.0000,vide
40,1,31,vide,vide,vide,0.0000,vide
40,2,1,vide,vide,vide,0.0096,vide
40,2,2,vide,vide,vide,0.0097,vide
40,2,3,vide,vide,vide,0.0123,vide
40,2,4,vide,vide,vide,0.0430,vide
40,2,5,vide,vide,vide,0.0490,vide
40,2,6,vide,vide,vide,0.0430,vide
40,2,7,vide,vide,vide,0.0377,vide
40,2,8,vide,vide,vide,0.0230,vide
40,2,9,vide,vide,vide,0.0135,vide
40,2,10,vide,vide,vide,0.0153,vide
40,2,11,vide,vide,vide,0.0110,vide
40,2,12,vide,vide,vide,0.0031,vide
40,2,13,vide,vide,vide,0.0031,vide
40,2,14,vide,vide,vide,0.0083,vide
40,2,15,vide,vide,vide,0.0090,vide
40,2,16,vide,vide,vide,0.0071,vide
40,2,17,vide,vide,vide,0.0022,vide
40,2,18,vide,vide,vide,0.0042,vide
40,2,19,vide,vide,vide,0.0027,vide
40,2,20,vide,vide,vide,0.0040,vide
40,2,21,vide,vide,vide,0.0107,vide
40,2,22,vide,vide,vide,0.0064,vide
40,2,23,vide,vide,vide,0.0060,vide
40,2,24,vide,vide,vide,0.0047,vide
40,2,25,vide,vide,vide,0.0029,vide
40,2,26,vide,vide,vide,0.0007,vide
40,2,27,vide,vide,vide,0.0043,vide
40,2,28,vide,vide,vide,0.0037,vide
40,3,1,vide,vide,vide,0.0046,vide
40,3,2,vide,vide,vide,0.0071,vide
40,3,3,vide,vide,vide,0.0043,vide
40,3,4,vide,vide,vide,0.0089,vide
40,3,5,vide,vide,vide,0.0087,vide
40,3,6,vide,vide,vide,0.0057,vide
40,3,7,vide,vide,vide,0.0046,vide
40,3,8,vide,vide,vide,0.0054,vide
40,3,9,vide,vide,vide,0.0026,vide
40,3,10,vide,vide,vide,0.0085,vide
40,3,11,vide,vide,vide,0.0090,vide
40,3,12,vide,vide,vide,0.0091,vide
40,3,13,vide,vide,vide,0.0056,vide
40,3,14,vide,vide,vide,0.0019,vide
40,3,15,vide,vide,vide,0.0060,vide
40,3,16,vide,vide,vide,0.0020,vide
40,3,17,vide,vide,vide,0.0053,vide
40,3,18,vide,vide,vide,0.0080,vide
40,3,19,vide,vide,vide,0.0071,vide
40,3,20,vide,vide,vide,0.0067,vide
40,3,21,vide,vide,vide,0.0031,vide
40,3,22,vide,vide,vide,0.0010,vide
40,3,23,vide,vide,vide,0.0014,vide
40,3,24,vide,vide,vide,0.0050,vide
40,3,25,vide,vide,vide,0.0101,vide
40,3,26,vide,vide,vide,0.0097,vide
40,3,27,vide,vide,vide,0.0073,vide
40,3,28,vide,vide,vide,0.0032,vide
40,3,29,vide,vide,vide,0.0052,vide
40,3,30,vide,vide,vide,0.0025,vide
40,3,31,vide,vide,vide,0.0000,vide
40,4,1,vide,vide,vide,0.0023,vide
40,4,2,vide,vide,vide,0.0071,vide
40,4,3,vide,vide,vide,0.0090,vide
40,4,4,vide,vide,vide,0.0022,vide
40,4,5,vide,vide,vide,0.0037,vide
40,4,6,vide,vide,vide,0.0039,vide
40,4,7,vide,vide,vide,0.0016,vide
40,4,8,vide,vide,vide,0.0054,vide
40,4,9,vide,vide,vide,0.0114,vide
40,4,10,vide,vide,vide,0.0088,vide
40,4,11,vide,vide,vide,0.0080,vide
40,4,12,vide,vide,vide,0.0035,vide
40,4,13,vide,vide,vide,0.0024,vide
40,4,14,vide,vide,vide,0.0025,vide
40,4,15,vide,vide,vide,0.0046,vide
40,4,16,vide,vide,vide,0.0131,vide
40,4,17,vide,vide,vide,0.0119,vide
40,4,18,vide,vide,vide,0.0072,vide
40,4,19,vide,vide,vide,0.0050,vide
40,4,20,vide,vide,vide,0.0494,vide
40,4,21,vide,vide,vide,0.0052,vide
40,4,22,vide,vide,vide,0.0047,vide
40,4,23,vide,vide,vide,0.0101,vide
40,4,24,vide,vide,vide,0.0068,vide
40,4,25,vide,vide,vide,0.0031,vide
40,4,26,vide,vide,vide,0.0028,vide
40,4,27,vide,vide,vide,0.0041,vide
40,4,28,vide,vide,vide,0.0031,vide
40,4,29,vide,vide,vide,0.0022,vide
40,4,30,vide,vide,vide,0.0121,vide
40,5,1,vide,vide,vide,0.0076,vide
40,5,2,vide,vide,vide,0.0065,vide
40,5,3,vide,vide,vide,0.0040,vide
40,5,4,vide,vide,vide,0.0043,vide
40,5,5,vide,vide,vide,0.0075,vide
40,5,6,vide,vide,vide,0.0083,vide
40,5,7,vide,vide,vide,0.0087,vide
40,5,8,vide,vide,vide,0.0075,vide
40,5,9,vide,vide,vide,0.0053,vide
40,5,10,vide,vide,vide,0.0080,vide
40,5,11,vide,vide,vide,0.0018,vide
40,5,12,vide,vide,vide,0.0068,vide
40,5,13,vide,vide,vide,0.0078,vide
40,5,14,vide,vide,vide,0.0095,vide
40,5,15,vide,vide,vide,0.0040,vide
40,5,16,vide,vide,vide,0.0052,vide
40,5,17,vide,vide,vide,0.0031,vide
40,5,18,vide,vide,vide,0.0059,vide
40,5,19,vide,vide,vide,0.0066,vide
40,5,20,X,X,vide,0.0056,vide
42,1,1,vide,vide,vide,0.0664,vide
42,1,2,vide,vide,vide,0.0672,vide
42,1,3,vide,vide,vide,0.0681,vide
42,1,4,vide,vide,vide,0.0755,vide
42,1,5,vide,vide,vide,0.0704,vide
42,1,6,vide,vide,vide,0.0744,vide
42,1,7,vide,vide,vide,0.0727,vide
42,1,8,vide,vide,vide,0.0471,vide
42,1,9,vide,vide,vide,0.0370,vide
42,1,10,X,X,vide,0.0639,vide
42,1,11,vide,vide,vide,0.0109,vide
42,1,12,vide,vide,vide,0.0024,vide
42,1,13,vide,vide,vide,0.0000,vide
42,1,14,vide,vide,vide,0.0000,vide
42,1,15,vide,vide,vide,0.0000,vide
42,1,16,vide,vide,vide,0.0000,vide
42,1,17,vide,vide,vide,0.0000,vide
42,1,18,vide,vide,vide,0.0000,vide
42,1,19,vide,vide,vide,0.0000,vide
42,1,20,vide,vide,vide,0.0000,vide
42,1,21,vide,vide,vide,0.0000,vide
42,1,22,vide,vide,vide,0.0000,vide
42,1,23,vide,vide,vide,0.0002,vide
42,1,24,vide,vide,vide,0.0040,vide
42,1,25,vide,vide,vide,0.0056,vide
42,1,26,vide,vide,vide,0.0059,vide
42,1,27,vide,vide,vide,0.0054,vide
42,1,28,vide,vide,vide,0.0037,vide
42,1,29,vide,vide,vide,0.0073,vide
42,1,30,vide,vide,vide,0.0084,vide
42,1,31,vide,vide,vide,0.0076,vide
42,2,1,vide,vide,vide,0.0593,vide
42,2,2,vide,vide,vide,0.0285,vide
42,2,3,X,X,vide,0.0647,vide
42,2,4,vide,vide,vide,0.0147,vide
42,2,5,vide,vide,vide,0.0415,vide
42,2,6,vide,vide,vide,0.0075,vide
42,2,7,vide,vide,vide,0.0043,vide
42,2,8,vide,vide,vide,0.0110,vide
42,2,9,vide,vide,vide,0.0104,vide
42,2,10,vide,vide,vide,0.0061,vide
42,2,11,vide,vide,vide,0.0037,vide
42,2,12,vide,vide,vide,0.0028,vide
42,2,13,vide,vide,vide,0.0071,vide
42,2,14,vide,vide,vide,0.0046,vide
42,2,15,vide,vide,vide,0.0105,vide
42,2,16,vide,vide,vide,0.0106,vide
42,2,17,vide,vide,vide,0.0043,vide
42,2,18,vide,vide,vide,0.0032,vide
42,2,19,vide,vide,vide,0.0013,vide
42,2,20,vide,vide,vide,0.0072,vide
42,2,21,vide,vide,vide,0.0028,vide
42,2,22,vide,vide,vide,0.0107,vide
42,2,23,vide,vide,vide,0.0109,vide
42,2,24,X,X,vide,0.0562,vide
42,2,25,vide,vide,vide,0.0106,vide
42,2,26,vide,vide,vide,0.0122,vide
42,2,27,vide,vide,vide,0.0128,vide
42,2,28,vide,vide,vide,0.0143,vide
42,3,1,vide,vide,vide,0.0412,vide
42,3,2,vide,vide,vide,0.0478,vide
42,3,3,vide,vide,vide,0.0603,vide
42,3,4,vide,vide,vide,0.0386,vide
42,3,5,vide,vide,vide,0.0070,vide
42,3,6,vide,vide,vide,0.0044,vide
42,3,7,vide,vide,vide,0.0048,vide
42,3,8,vide,vide,vide,0.0063,vide
42,3,9,vide,vide,vide,0.0044,vide
42,3,10,vide,vide,vide,0.0025,vide
42,3,11,vide,vide,vide,0.0017,vide
42,3,12,vide,vide,vide,0.0016,vide
42,3,13,vide,vide,vide,0.0049,vide
42,3,14,vide,vide,vide,0.0020,vide
42,3,15,vide,vide,vide,0.0034,vide
42,3,16,vide,vide,vide,0.0013,vide
43,1,21,vide,vide,vide,0.0000,vide
43,1,22,vide,vide,vide,0.0000,vide
43,1,23,vide,vide,vide,0.0000,vide
43,1,24,vide,vide,vide,0.0000,vide
43,1,25,vide,vide,vide,0.0000,vide
43,1,26,vide,vide,vide,0.2485,X
43,1,27,vide,vide,vide,0.0000,vide
43,1,28,vide,vide,vide,0.0016,vide
43,1,29,vide,vide,vide,0.0000,vide
43,1,30,vide,vide,vide,0.3200,X
43,1,31,vide,vide,vide,0.1689,X
43,2,13,vide,vide,vide,0.0006,vide
43,2,14,vide,vide,vide,0.0053,vide
43,2,15,vide,vide,vide,0.0086,vide
43,2,19,vide,vide,vide,0.0255,vide
43,2,20,vide,vide,vide,0.0517,vide
43,2,21,vide,vide,vide,0.0629,vide
43,2,22,vide,vide,vide,0.0554,vide
43,2,23,vide,vide,vide,0.0394,vide
43,2,24,vide,vide,vide,0.0376,vide
43,2,25,vide,vide,vide,0.0666,vide
43,2,26,vide,vide,vide,0.0708,vide
43,2,27,vide,vide,vide,0.0492,vide
43,2,28,vide,vide,vide,0.0610,vide
43,3,1,vide,vide,vide,0.0000,vide
43,3,2,vide,vide,vide,0.0016,vide
43,3,3,vide,vide,vide,0.0008,vide
43,3,4,vide,vide,vide,0.0000,vide
43,3,5,vide,vide,vide,0.0000,vide
43,3,6,vide,vide,vide,0.0008,vide
43,3,7,vide,vide,vide,0.0001,vide
43,3,8,vide,vide,vide,0.0003,vide
43,3,9,vide,vide,vide,0.0041,vide
43,3,10,vide,vide,vide,0.0025,vide
43,3,11,vide,vide,vide,0.0026,vide
43,3,12,vide,vide,vide,0.0032,vide
43,3,13,vide,vide,vide,0.0066,vide
43,3,14,vide,vide,vide,0.0059,vide
43,3,15,vide,vide,vide,0.0099,vide
43,3,16,vide,vide,vide,0.0043,vide
43,3,17,vide,vide,vide,0.0033,vide
43,3,18,vide,vide,vide,0.0044,vide
43,3,19,vide,vide,vide,0.0017,vide
43,3,20,vide,vide,vide,0.0048,vide
43,3,21,vide,vide,vide,0.0003,vide
43,3,22,vide,vide,vide,0.0044,vide
43,3,23,vide,vide,vide,0.0040,vide
43,3,24,vide,vide,vide,0.0006,vide
43,3,25,vide,vide,vide,0.0021,vide
43,3,26,vide,vide,vide,0.0022,vide
43,3,27,vide,vide,vide,0.0031,vide
43,3,28,vide,vide,vide,0.0007,vide
43,3,29,vide,vide,vide,0.0050,vide
43,3,30,vide,vide,vide,0.0076,vide
43,3,31,vide,vide,vide,0.0009,vide
43,4,1,vide,vide,vide,0.0107,vide
43,4,2,vide,vide,vide,0.0101,vide
43,4,3,vide,vide,vide,0.0096,vide
43,4,4,vide,vide,vide,0.0084,vide
43,4,5,vide,vide,vide,0.0092,vide
43,4,6,vide,vide,vide,0.0066,vide
43,4,7,vide,vide,vide,0.0068,vide
43,4,8,vide,vide,vide,0.0088,vide
43,4,9,vide,vide,vide,0.0095,vide
43,4,10,vide,vide,vide,0.0055,vide
43,4,11,vide,vide,vide,0.0099,vide
43,4,12,vide,vide,vide,0.0013,vide
43,4,13,vide,vide,vide,0.0163,vide
43,4,14,vide,vide,vide,0.0106,vide
43,4,15,vide,vide,vide,0.0115,vide
43,4,16,vide,vide,vide,0.0125,vide
43,4,17,vide,vide,vide,0.0146,vide
43,4,18,vide,vide,vide,0.0145,vide
43,4,19,vide,vide,vide,0.0212,vide
43,4,20,vide,vide,vide,0.0206,vide
43,4,21,vide,vide,vide,0.0130,vide
43,4,22,vide,vide,vide,0.0160,vide
43,4,23,vide,vide,vide,0.0124,vide
43,4,24,vide,vide,vide,0.0153,vide
43,4,25,vide,vide,vide,0.0121,vide
43,4,26,vide,vide,vide,0.0105,vide
43,4,27,vide,vide,vide,0.0114,vide
43,4,28,vide,vide,vide,0.0045,vide
43,4,29,vide,vide,vide,0.0056,vide
43,4,30,vide,vide,vide,0.0048,vide
43,5,1,vide,vide,vide,0.0089,vide
43,5,2,vide,vide,vide,0.0107,vide
43,5,3,vide,vide,vide,0.0067,vide
43,5,4,vide,vide,vide,0.0009,vide
43,5,5,vide,vide,vide,0.0050,vide
43,5,6,vide,vide,vide,0.0058,vide
43,5,7,vide,vide,vide,0.0017,vide
43,5,8,vide,vide,vide,0.0065,vide
43,5,9,vide,vide,vide,0.0046,vide
43,5,10,vide,vide,vide,0.0073,vide
43,5,11,vide,vide,vide,0.0049,vide
43,5,12,vide,vide,vide,0.0045,vide
43,5,13,vide,vide,vide,0.0048,vide
43,5,14,vide,vide,vide,0.0017,vide
43,5,15,vide,vide,vide,0.0013,vide
43,5,16,vide,vide,vide,0.0040,vide
43,5,17,vide,vide,vide,0.0066,vide
43,5,18,vide,vide,vide,0.0021,vide
43,5,19,vide,vide,vide,0.0024,vide
43,5,20,vide,vide,vide,0.0050,vide
43,5,21,vide,vide,vide,0.0020,vide
43,5,22,vide,vide,vide,0.0050,vide
43,5,23,vide,vide,vide,0.0020,vide
43,5,24,vide,vide,vide,0.0031,vide
43,5,25,vide,vide,vide,0.0128,vide
43,5,26,vide,vide,vide,0.0171,vide
43,5,27,vide,vide,vide,0.0158,vide
43,5,28,vide,vide,vide,0.0183,vide
43,5,29,vide,vide,vide,0.0650,vide
43,5,30,vide,vide,vide,0.0910,vide
43,5,31,vide,vide,vide,0.0825,vide
43,6,1,vide,vide,vide,0.0167,vide
43,6,2,vide,vide,vide,0.0280,vide
43,6,3,vide,vide,vide,0.0105,vide
43,6,4,vide,vide,vide,0.0056,vide
43,6,5,vide,vide,vide,0.0096,vide
43,6,6,vide,vide,vide,0.0067,vide
43,6,7,vide,vide,vide,0.0100,vide
43,6,8,vide,vide,vide,0.0053,vide
43,6,9,vide,vide,vide,0.0029,vide
43,6,10,vide,vide,vide,0.0087,vide
43,6,11,vide,vide,vide,0.0042,vide
43,6,12,vide,vide,vide,0.0072,vide
43,6,13,vide,vide,vide,0.0063,vide
43,6,14,vide,vide,vide,0.0091,vide
43,6,15,vide,vide,vide,0.0042,vide
43,6,16,vide,vide,vide,0.0033,vide
43,6,17,vide,vide,vide,0.0075,vide
43,6,18,vide,vide,vide,0.0060,vide
43,6,19,vide,vide,vide,0.0127,vide
43,6,20,vide,vide,vide,0.0050,vide
43,6,21,vide,vide,vide,0.0093,vide
43,6,22,vide,vide,vide,0.0072,vide
43,6,23,vide,vide,vide,0.0080,vide
43,6,24,vide,vide,vide,0.0082,vide
43,6,25,vide,vide,vide,0.0112,vide
43,6,26,vide,vide,vide,0.0296,vide
43,6,27,vide,vide,vide,0.0895,vide
43,6,28,vide,vide,vide,0.0506,vide
43,6,29,vide,vide,vide,0.0841,vide
43,6,30,vide,vide,vide,0.0970,vide
43,7,1,vide,vide,vide,0.0270,vide
43,7,2,vide,vide,vide,0.0362,vide
43,7,3,vide,vide,vide,0.0290,vide
43,7,4,vide,vide,vide,0.0265,vide
43,7,5,vide,vide,vide,0.0094,vide
43,7,6,vide,vide,vide,0.0079,vide
43,7,7,vide,vide,vide,0.0030,vide
43,7,8,vide,vide,vide,0.0035,vide
43,7,9,vide,vide,vide,0.0062,vide
43,7,10,vide,vide,vide,0.0107,vide
43,7,11,vide,vide,vide,0.0085,vide
43,7,12,vide,vide,vide,0.0139,vide
43,7,13,vide,vide,vide,0.0158,vide
43,7,14,vide,vide,vide,0.0106,vide
43,7,15,vide,vide,vide,0.0158,vide
43,7,16,vide,vide,vide,0.0079,vide
43,7,17,vide,vide,vide,0.0211,vide
43,7,18,vide,vide,vide,0.0203,vide
43,7,19,vide,vide,vide,0.0245,vide
43,7,20,vide,vide,vide,0.0163,vide
43,7,21,vide,vide,vide,0.0184,vide
43,7,22,vide,vide,vide,0.0189,vide
43,7,23,vide,vide,vide,0.0276,vide
43,7,24,vide,vide,vide,0.0096,vide
43,7,25,vide,vide,vide,0.0302,vide
43,7,26,vide,vide,vide,0.0369,vide
43,7,27,vide,vide,vide,0.0127,vide
43,7,28,vide,vide,vide,0.0663,vide
43,7,29,vide,vide,vide,0.0451,vide
43,7,30,vide,vide,?,0.1195,vide
43,7,31,vide,vide,?,0.0845,vide
43,8,1,vide,vide,vide,0.0451,vide
43,8,2,vide,vide,vide,0.0560,vide
43,8,3,vide,vide,vide,0.0459,vide
43,8,4,vide,vide,vide,0.0351,vide
43,8,5,vide,vide,vide,0.0044,vide
43,8,6,vide,vide,vide,0.0089,vide
43,8,7,vide,vide,vide,0.0098,vide
43,8,8,vide,vide,vide,0.0068,vide
43,8,9,vide,vide,vide,0.0309,vide
43,8,10,vide,vide,vide,0.0148,vide
43,8,11,vide,vide,vide,0.0115,vide
43,8,12,vide,vide,vide,0.0079,vide
43,8,13,vide,vide,vide,0.0086,vide
43,8,14,vide,vide,vide,0.0343,vide
43,8,15,vide,vide,vide,0.0139,vide
43,8,16,vide,vide,vide,0.0201,vide
43,8,17,vide,vide,vide,0.0196,vide
43,8,18,vide,vide,vide,0.0100,vide
43,8,19,vide,vide,vide,0.0129,vide
43,8,20,vide,vide,vide,0.0153,vide
43,8,21,vide,vide,vide,0.0191,vide
43,8,22,vide,vide,vide,0.0216,vide
43,8,23,vide,vide,vide,0.0225,vide
43,8,24,vide,vide,vide,0.0187,vide
43,8,25,vide,vide,vide,0.0163,vide
43,8,26,vide,vide,vide,0.0083,vide
43,8,27,vide,vide,vide,0.0108,vide
43,8,28,vide,vide,vide,0.0082,vide
43,8,29,vide,vide,vide,0.0132,vide
43,8,30,vide,vide,vide,0.0340,vide
43,8,31,vide,vide,vide,0.1032,vide
43,9,1,vide,vide,vide,0.0545,vide
43,9,2,vide,vide,vide,0.0187,vide
43,9,3,vide,vide,vide,0.0136,vide
43,9,4,vide,vide,vide,0.0104,vide
43,9,6,vide,vide,vide,0.0110,vide
43,9,7,vide,vide,vide,0.0046,vide
43,9,8,vide,vide,vide,0.0103,vide
43,9,9,vide,vide,vide,0.0070,vide
43,9,10,vide,vide,vide,0.0098,vide
44,1,1,vide,vide,vide,,non lu
44,1,2,vide,vide,vide,,non lu
44,1,3,vide,vide,vide,,non lu
44,1,4,vide,vide,vide,,non lu
44,1,5,vide,vide,vide,,non lu
44,1,6,vide,vide,vide,,non lu
44,1,7,vide,vide,vide,,non lu
44,1,8,vide,vide,vide,,non lu
44,1,9,vide,vide,vide,,non lu
44,1,10,vide,vide,vide,,non lu
44,1,11,vide,vide,vide,,non lu
44,1,12,vide,vide,vide,,non lu
44,1,13,vide,vide,vide,,non lu
44,1,14,vide,vide,vide,,non lu
44,1,15,vide,vide,vide,,non lu
44,1,16,vide,vide,vide,,non lu
44,1,17,vide,vide,vide,,non lu
44,1,18,vide,vide,vide,,non lu
44,1,19,vide,vide,vide,,non lu
44,1,20,vide,vide,vide,,non lu
44,1,21,vide,vide,vide,,non lu
44,1,22,vide,vide,vide,,non lu
44,1,23,vide,vide,vide,,non lu
44,1,24,vide,vide,vide,,non lu
44,1,25,vide,vide,vide,,non lu
44,1,26,vide,vide,vide,,non lu
44,1,27,vide,vide,vide,,non lu
44,1,28,vide,vide,vide,,non lu
44,1,29,vide,vide,vide,,non lu
44,1,30,vide,vide,vide,,non lu
44,1,31,vide,vide,vide,,non lu
44,2,1,vide,vide,vide,,non lu
44,2,2,vide,vide,vide,,non lu
44,2,3,vide,vide,vide,,non lu
44,2,4,vide,vide,vide,,non lu
44,2,5,vide,vide,vide,,non lu
44,2,6,vide,vide,vide,,non lu
44,2,7,vide,vide,vide,,non lu
44,2,8,vide,vide,vide,,non lu
44,2,9,vide,vide,vide,,non lu
44,2,10,vide,vide,vide,,non lu
44,2,11,vide,vide,vide,,non lu
44,2,12,vide,vide,vide,,non lu
44,2,13,vide,vide,vide,,non lu
44,2,14,vide,vide,vide,,non lu
44,2,15,vide,vide,vide,,non lu
44,2,16,vide,vide,vide,,non lu
44,2,17,X,X,vide,,non lu
44,2,18,vide,vide,vide,,non lu
44,2,19,vide,vide,vide,,non lu
44,2,20,vide,vide,vide,,non lu
44,2,21,vide,vide,vide,,non lu
44,2,22,vide,vide,vide,,non lu
44,2,23,vide,vide,vide,,non lu
44,2,24,vide,vide,vide,,non lu
44,2,25,vide,vide,vide,,non lu
44,2,26,vide,vide,vide,,non lu
44,2,27,vide,vide,vide,,non lu
44,2,28,vide,vide,vide,,non lu
44,3,1,vide,vide,vide,,non lu
44,3,2,vide,vide,vide,,non lu
44,3,3,vide,vide,vide,,non lu
46,1,1,vide,vide,vide,0.0000,vide
46,1,2,vide,vide,vide,0.0000,vide
46,1,3,vide,vide,vide,0.0000,vide
46,1,4,vide,vide,vide,0.0000,vide
46,1,5,vide,vide,vide,0.0000,vide
46,1,6,vide,vide,vide,0.0000,vide
46,1,7,vide,vide,vide,0.0000,vide
46,1,8,vide,vide,vide,0.0000,vide
46,1,9,vide,vide,vide,0.0000,vide
46,1,10,vide,vide,vide,0.0000,vide
46,1,11,vide,vide,vide,0.0017,vide
46,1,12,vide,vide,vide,0.0000,vide
46,1,13,vide,vide,vide,0.0000,vide
46,1,14,vide,vide,vide,0.0013,vide
46,1,15,vide,vide,vide,0.0015,vide
46,1,16,vide,vide,vide,0.0002,vide
46,1,17,vide,vide,vide,0.0000,vide
46,1,18,vide,vide,vide,0.0004,vide
46,1,19,vide,vide,vide,0.0000,vide
46,1,20,vide,vide,vide,0.0000,vide
46,1,21,vide,vide,vide,0.0000,vide
46,1,22,vide,vide,vide,0.0000,vide
46,1,23,vide,vide,vide,0.0000,vide
46,1,24,vide,vide,vide,0.0000,vide
46,1,25,vide,vide,vide,0.0000,vide
46,1,26,vide,vide,vide,0.0000,vide
46,1,27,vide,vide,vide,0.0000,vide
46,1,28,vide,vide,vide,0.0000,vide
46,1,29,vide,vide,vide,0.0000,vide
46,1,30,vide,vide,vide,0.0001,vide
46,1,31,vide,vide,vide,0.0000,vide
46,2,1,vide,vide,vide,0.0024,vide
46,2,2,vide,vide,vide,0.0031,vide
46,2,3,vide,vide,vide,0.0018,vide
46,2,4,vide,vide,vide,0.0046,vide
46,2,5,vide,vide,vide,0.0043,vide
46,2,6,vide,vide,vide,0.0008,vide
46,2,7,vide,vide,vide,0.0010,vide
46,2,8,vide,vide,vide,0.0042,vide
46,2,9,vide,vide,vide,0.0025,vide
46,2,10,vide,vide,vide,0.0016,vide
46,2,11,vide,vide,vide,0.0059,vide
46,2,12,vide,vide,vide,0.0069,vide
46,2,13,vide,vide,vide,0.0017,vide
46,2,14,vide,vide,vide,0.0057,vide
46,2,15,vide,vide,vide,0.0024,vide
46,2,16,vide,vide,vide,0.0048,vide
46,2,17,vide,vide,vide,0.0023,vide
46,2,18,vide,vide,vide,0.0033,vide
46,2,19,vide,vide,vide,0.0028,vide
46,2,20,vide,vide,vide,0.0015,vide
46,2,21,vide,vide,vide,0.0009,vide
46,2,22,vide,vide,vide,0.0024,vide
46,2,23,vide,vide,vide,0.0017,vide
46,2,24,vide,vide,vide,0.0026,vide
46,2,25,vide,vide,vide,0.0008,vide
46,2,26,vide,vide,vide,0.0035,vide
46,2,27,vide,vide,vide,0.0015,vide
46,2,28,vide,vide,vide,0.0021,vide
46,2,29,vide,vide,vide,0.0050,vide
46,3,1,vide,vide,vide,0.0001,vide
46,3,2,vide,vide,vide,0.0000,vide
46,3,3,vide,vide,vide,0.0035,vide
46,3,4,vide,vide,vide,0.0045,vide
46,3,5,vide,vide,vide,0.0013,vide
46,3,6,vide,vide,vide,0.0020,vide
46,3,7,vide,vide,vide,0.0021,vide
46,3,8,vide,vide,vide,0.0033,vide
46,3,9,vide,vide,vide,0.0025,vide
46,3,10,vide,vide,vide,0.0059,vide
46,3,11,vide,vide,vide,0.0048,vide
46,3,12,vide,vide,vide,0.0016,vide
46,3,13,vide,vide,vide,0.0042,vide
46,3,14,vide,vide,vide,0.0053,vide
46,3,15,vide,vide,vide,0.0032,vide
46,3,16,vide,vide,vide,0.0011,vide
46,3,17,vide,vide,vide,0.0049,vide
46,3,18,vide,vide,vide,0.0038,vide
46,3,19,vide,vide,vide,0.0012,vide
46,3,20,vide,vide,vide,0.0015,vide
46,3,21,vide,vide,vide,0.0026,vide
46,3,22,vide,vide,vide,0.0078,vide
46,3,23,vide,vide,vide,0.0017,vide
46,3,24,vide,vide,vide,0.0053,vide
46,3,25,vide,vide,vide,0.0023,vide
46,3,26,vide,vide,vide,0.0018,vide
46,3,27,vide,vide,vide,0.0012,vide
46,3,28,vide,vide,vide,0.0014,vide
46,3,29,vide,vide,vide,0.0050,vide
46,3,30,vide,vide,vide,0.0020,vide
46,3,31,vide,vide,vide,0.0029,vide
46,4,1,vide,vide,vide,0.0051,vide
46,4,2,vide,vide,vide,0.0008,vide
46,4,3,vide,vide,vide,0.0014,vide
46,4,4,vide,vide,vide,0.0016,vide
46,4,5,vide,vide,vide,0.0039,vide
46,4,6,vide,vide,vide,0.0045,vide
46,4,7,vide,vide,vide,0.0047,vide
46,4,8,vide,vide,vide,0.0060,vide
46,4,9,vide,vide,vide,0.0016,vide
46,4,10,vide,vide,vide,0.0016,vide
46,4,11,vide,vide,vide,0.0039,vide
46,4,12,vide,vide,vide,0.0050,vide
46,4,13,vide,vide,vide,0.0041,vide
46,4,14,vide,vide,vide,0.0059,vide
46,4,15,vide,vide,vide,0.0052,vide
46,4,16,vide,vide,vide,0.0051,vide
46,4,17,vide,vide,vide,0.0012,vide
46,4,18,vide,vide,vide,0.0054,vide
46,4,19,vide,vide,vide,0.0032,vide
46,4,20,vide,vide,vide,0.0023,vide
46,4,21,vide,vide,vide,0.0067,vide
46,4,22,vide,vide,vide,0.0056,vide
46,4,23,vide,vide,vide,0.0011,vide
46,4,24,vide,vide,vide,0.0016,vide
46,4,25,vide,vide,vide,0.0023,vide
46,4,26,vide,vide,vide,0.0022,vide
46,4,27,vide,vide,vide,0.0024,vide
46,4,28,vide,vide,vide,0.0036,vide
46,4,29,vide,vide,vide,0.0087,vide
46,4,30,vide,vide,vide,0.0030,vide
46,5,1,vide,vide,vide,0.0011,vide
46,5,2,vide,vide,vide,0.0054,vide
46,5,3,vide,vide,vide,0.0056,vide
46,5,4,vide,vide,vide,0.0043,vide
46,5,5,vide,vide,vide,0.0048,vide
46,5,6,vide,vide,vide,0.0036,vide
46,5,7,vide,vide,vide,0.0021,vide
46,5,8,vide,vide,vide,0.0013,vide
46,5,9,vide,vide,vide,0.0013,vide
46,5,10,vide,vide,vide,0.0027,vide
46,5,11,vide,vide,vide,0.0044,vide
46,5,12,vide,vide,vide,0.0042,vide
46,5,13,vide,vide,vide,0.0088,vide
46,5,14,vide,vide,vide,0.0024,vide
46,5,15,vide,vide,vide,0.0014,vide
46,5,16,vide,vide,vide,0.0046,vide
46,5,17,vide,vide,vide,0.0027,vide
46,5,18,vide,vide,vide,0.0033,vide
46,5,19,vide,vide,vide,0.0060,vide
46,5,20,vide,vide,vide,0.0041,vide
46,5,21,vide,vide,vide,0.0032,vide
46,5,22,vide,vide,vide,0.0020,vide
46,5,23,vide,vide,vide,0.0039,vide
46,5,24,vide,vide,vide,0.0032,vide
46,5,25,vide,vide,vide,0.0040,vide
46,5,26,vide,vide,vide,0.0054,vide
46,5,27,vide,vide,vide,0.0066,vide
46,5,28,vide,vide,vide,0.0027,vide
46,5,29,vide,vide,vide,0.0034,vide
46,5,30,vide,vide,vide,0.0046,vide
46,5,31,vide,vide,vide,0.0041,vide
46,6,1,vide,vide,vide,0.0050,vide
46,6,2,vide,vide,vide,0.0029,vide
46,6,3,vide,vide,vide,0.0030,vide
46,6,4,vide,vide,vide,0.0016,vide
46,6,5,vide,vide,vide,0.0008,vide
46,6,6,vide,vide,vide,0.0041,vide
46,6,7,vide,vide,vide,0.0039,vide
46,6,8,vide,vide,vide,0.0028,vide
46,6,9,vide,vide,vide,0.0053,vide
46,6,10,vide,vide,vide,0.0052,vide
46,6,11,vide,vide,vide,0.0013,vide
46,6,12,vide,vide,vide,0.0017,vide
46,6,13,vide,vide,vide,0.0052,vide
46,6,14,vide,vide,vide,0.0052,vide
46,6,15,vide,vide,vide,0.0045,vide
46,6,16,vide,vide,vide,0.0036,vide
46,6,17,vide,vide,vide,0.0072,vide
46,6,18,vide,vide,vide,0.0012,vide
46,6,19,vide,vide,vide,0.0019,vide
46,6,20,vide,vide,vide,0.0051,vide
46,6,21,vide,vide,vide,0.0023,vide
46,6,22,vide,vide,vide,0.0038,vide
46,6,23,vide,vide,vide,0.0051,vide
46,6,24,vide,vide,vide,0.0073,vide
46,6,25,vide,vide,vide,0.0009,vide
46,6,26,vide,vide,vide,0.0031,vide
46,6,27,vide,vide,vide,0.0023,vide
46,6,28,vide,vide,vide,0.0020,vide
46,6,29,vide,vide,vide,0.0037,vide
46,6,30,vide,vide,vide,0.0059,vide
46,7,1,vide,vide,vide,0.0449,vide
46,7,2,vide,vide,vide,0.0605,vide
46,7,3,vide,vide,vide,0.0644,vide
46,7,4,vide,vide,vide,0.0561,vide
46,7,5,vide,vide,vide,0.0594,vide
46,7,6,vide,vide,vide,0.0687,vide
46,7,7,vide,vide,vide,0.0566,vide
46,7,8,vide,vide,vide,0.0573,vide
46,7,9,vide,vide,vide,0.0595,vide
46,7,10,vide,vide,vide,0.0597,vide
46,7,11,vide,vide,vide,0.0506,vide
46,7,12,vide,vide,vide,0.0513,vide
46,7,13,vide,vide,vide,0.0611,vide
46,7,14,vide,vide,vide,0.0557,vide
46,7,15,vide,vide,vide,0.0467,vide
46,7,16,vide,vide,vide,0.0522,vide
46,7,17,vide,vide,vide,0.0581,vide
46,7,18,vide,vide,vide,0.0566,vide
46,7,19,vide,vide,vide,0.0520,vide
46,7,20,vide,vide,vide,0.0610,vide
46,7,21,vide,vide,vide,0.0581,vide
46,7,22,vide,vide,vide,0.0521,vide
46,7,23,vide,vide,vide,0.0521,vide
46,7,24,vide,vide,vide,0.0514,vide
46,7,25,vide,vide,vide,0.0509,vide
46,7,26,vide,vide,vide,0.0516,vide
46,7,27,vide,vide,vide,0.0537,vide
46,7,28,vide,vide,vide,0.0569,vide
46,7,29,vide,vide,vide,0.0442,vide
46,7,30,vide,vide,vide,0.0478,vide
46,7,31,vide,vide,vide,0.0642,vide
46,8,1,vide,vide,vide,0.0242,vide
46,8,2,vide,vide,vide,0.0077,vide
46,8,3,vide,vide,vide,0.0079,vide
46,8,4,vide,vide,vide,0.0057,vide
46,8,5,vide,vide,vide,0.0045,vide
46,8,6,vide,vide,vide,0.0091,vide
46,8,7,vide,vide,vide,0.0117,vide
46,8,8,vide,vide,vide,0.0110,vide
46,8,9,vide,vide,vide,0.0019,vide
46,8,10,vide,vide,vide,0.0011,vide
46,8,11,vide,vide,vide,0.0035,vide
46,8,12,vide,vide,vide,0.0087,vide
46,8,13,vide,vide,vide,0.0047,vide
46,8,14,vide,vide,vide,0.0106,vide
46,8,15,vide,vide,vide,0.0123,vide
46,8,16,vide,vide,vide,0.0046,vide
46,8,17,vide,vide,vide,0.0014,vide
46,8,18,vide,vide,vide,0.0011,vide
46,8,19,vide,vide,vide,0.0013,vide
46,8,20,vide,vide,vide,0.0005,vide
46,8,21,vide,vide,vide,0.0065,vide
46,8,22,vide,vide,vide,0.0086,vide
46,8,23,vide,vide,vide,0.0085,vide
46,8,24,vide,vide,vide,0.0005,vide
46,8,25,vide,vide,vide,0.0014,vide
46,8,26,vide,vide,vide,0.0030,vide
46,8,27,vide,vide,vide,0.0039,vide
46,8,28,vide,vide,vide,0.0055,vide
46,8,29,vide,vide,vide,0.0098,vide
46,8,30,vide,vide,vide,0.0019,vide
46,8,31,vide,vide,vide,0.0000,vide
46,9,1,vide,vide,vide,0.0000,vide
46,9,2,vide,vide,vide,0.0000,vide
46,9,3,vide,vide,vide,0.0000,vide
46,9,4,vide,vide,vide,0.0000,vide
46,9,5,vide,vide,vide,0.0000,vide
46,9,6,vide,vide,vide,0.0357,vide
46,9,7,vide,vide,vide,0.1447,X
46,9,8,vide,vide,vide,0.2390,X
46,9,9,vide,vide,vide,0.1844,X
46,9,10,vide,vide,vide,0.0915,vide
46,9,11,vide,vide,vide,0.0525,vide
46,9,12,vide,vide,vide,0.1004,vide
46,9,13,vide,vide,vide,0.1074,vide
46,9,14,vide,vide,vide,0.0947,vide
46,9,15,vide,vide,vide,0.1592,X
46,9,16,vide,vide,vide,0.1211,vide
46,9,17,vide,vide,vide,0.0963,vide
46,9,18,vide,vide,vide,0.0899,vide
46,9,19,vide,vide,vide,0.0924,vide
46,9,20,vide,vide,vide,0.0748,vide
46,9,21,vide,vide,vide,0.0396,vide
46,9,22,vide,vide,vide,0.0394,vide
46,9,23,vide,vide,vide,0.0322,vide
46,9,24,vide,vide,vide,0.0136,vide
46,9,25,vide,vide,vide,0.0084,vide
46,9,26,vide,vide,vide,0.0146,vide
46,9,27,vide,vide,vide,0.0048,vide
46,9,28,vide,vide,vide,0.0017,vide
46,9,29,vide,vide,vide,0.0045,vide
46,9,30,vide,vide,vide,0.0024,vide
46,10,1,vide,vide,vide,0.0223,vide
46,10,2,vide,vide,vide,0.0081,vide
46,10,3,vide,vide,vide,0.0074,vide
46,10,4,vide,vide,vide,0.0020,vide
46,10,5,vide,vide,vide,0.0021,vide
46,10,6,vide,vide,vide,0.0000,vide
46,10,7,vide,vide,vide,0.0000,vide
46,10,8,vide,vide,vide,0.0000,vide
46,10,9,vide,vide,vide,0.0000,vide
46,10,10,vide,vide,vide,0.0000,vide
46,10,11,vide,vide,vide,0.0000,vide
46,10,12,vide,vide,vide,0.0000,vide
46,10,13,vide,vide,vide,0.0000,vide
46,10,14,vide,vide,vide,0.0000,vide
46,10,15,vide,vide,vide,0.0000,vide
46,10,16,vide,vide,vide,0.0000,vide
46,10,17,vide,vide,vide,0.0000,vide
46,10,18,vide,vide,vide,0.0000,vide
46,10,19,vide,vide,vide,0.0000,vide
46,10,20,vide,vide,vide,0.0000,vide
46,10,21,vide,vide,vide,0.0000,vide
46,10,22,vide,vide,vide,0.0000,vide
46,10,23,vide,vide,vide,0.0000,vide
46,10,24,vide,vide,vide,0.0000,vide
46,10,25,vide,vide,vide,0.0000,vide
46,10,26,vide,vide,vide,0.1333,vide
46,10,27,vide,vide,vide,0.0000,vide
46,10,28,vide,vide,vide,0.0000,vide
46,10,29,vide,vide,vide,0.0000,vide
46,10,30,vide,vide,vide,0.0000,vide
46,10,31,vide,vide,vide,0.0000,vide
46,11,1,vide,vide,vide,0.0043,vide
46,11,2,vide,vide,vide,0.0032,vide
46,11,3,vide,vide,vide,0.0062,vide
46,11,4,vide,vide,vide,0.0031,vide
46,11,5,vide,vide,vide,0.0015,vide
46,11,6,vide,vide,vide,0.0020,vide
46,11,7,vide,vide,vide,0.0038,vide
46,11,8,vide,vide,vide,0.0025,vide
46,11,9,vide,vide,vide,0.0048,vide
46,11,10,vide,vide,vide,0.0080,vide
46,11,11,vide,vide,vide,0.0037,vide
46,11,12,vide,vide,vide,0.0035,vide
46,11,13,vide,vide,vide,0.0011,vide
46,11,14,vide,vide,vide,0.0022,vide
46,11,15,vide,vide,vide,0.0019,vide
46,11,16,vide,vide,vide,0.0028,vide
46,11,17,vide,vide,vide,0.0033,vide
46,11,18,vide,vide,vide,0.0015,vide
46,11,19,vide,vide,vide,0.0000,vide
46,11,20,vide,vide,vide,0.0003,vide
46,11,21,vide,vide,vide,0.0000,vide
46,11,22,vide,vide,vide,0.0000,vide
46,11,23,vide,vide,vide,0.0000,vide
46,11,24,vide,vide,vide,0.0000,vide
46,11,25,vide,vide,vide,0.0000,vide
46,11,26,vide,vide,vide,0.0000,vide
46,11,27,vide,vide,vide,0.0000,vide
46,11,28,vide,vide,vide,0.0000,vide
46,11,29,vide,vide,vide,0.0000,vide
46,11,30,vide,vide,vide,0.0000,vide
46,12,1,vide,vide,vide,0.0070,vide
46,12,2,vide,vide,vide,0.0091,vide
46,12,3,vide,vide,vide,0.0060,vide
46,12,4,vide,vide,vide,0.0037,vide
46,12,5,vide,vide,vide,0.0019,vide
46,12,6,vide,vide,vide,0.0065,vide
46,12,7,vide,vide,vide,0.0037,vide
46,12,8,vide,vide,vide,0.0070,vide
46,12,9,vide,vide,vide,0.0139,vide
46,12,10,vide,vide,vide,0.0027,vide
46,12,11,vide,vide,vide,0.0044,vide
46,12,12,vide,vide,vide,0.0036,vide
46,12,13,vide,vide,vide,0.0059,vide
46,12,14,vide,vide,vide,0.0032,vide
46,12,15,vide,vide,vide,0.0034,vide
46,12,16,vide,vide,vide,0.0023,vide
46,12,17,vide,vide,vide,0.0005,vide
46,12,18,vide,vide,vide,0.0006,vide
46,12,19,vide,vide,vide,0.0000,vide
46,12,20,vide,vide,vide,0.0016,vide
46,12,21,vide,vide,vide,0.0007,vide
46,12,22,vide,vide,vide,0.0017,vide
46,12,23,vide,vide,vide,0.0000,vide
46,12,24,vide,vide,vide,0.0000,vide
46,12,25,vide,vide,vide,0.0000,vide
46,12,26,vide,vide,vide,0.0002,vide
46,12,27,vide,vide,vide,0.0000,vide
46,12,28,vide,vide,vide,0.0000,vide
46,12,29,vide,vide,vide,0.0022,vide
46,12,30,vide,vide,vide,0.0105,vide
46,12,31,vide,vide,vide,0.0197,vide
48,1,1,vide,vide,vide,0.0000,vide
48,1,2,vide,vide,vide,0.0000,vide
48,1,3,vide,vide,vide,0.0000,vide
48,1,4,vide,vide,vide,0.0001,vide
48,1,5,vide,vide,vide,0.0003,vide
48,1,6,vide,vide,vide,0.0000,vide
48,1,7,vide,vide,vide,0.0002,vide
48,1,8,vide,vide,vide,0.0000,vide
48,1,9,vide,vide,vide,0.0000,vide
48,1,10,vide,vide,vide,0.0008,vide
48,1,11,vide,vide,vide,0.0005,vide
48,1,12,vide,vide,vide,0.0036,vide
48,1,13,vide,vide,vide,0.0000,vide
48,1,14,vide,vide,vide,0.0003,vide
48,1,15,vide,vide,vide,0.0001,vide
48,1,16,vide,vide,vide,0.0016,vide
48,1,17,vide,vide,vide,0.0009,vide
48,1,18,vide,vide,vide,0.0017,vide
48,1,19,vide,vide,vide,0.0016,vide
48,1,20,vide,vide,vide,0.0005,vide
48,1,21,vide,vide,vide,0.0007,vide
48,1,22,vide,vide,vide,0.0002,vide
48,1,23,vide,vide,vide,0.0000,vide
48,1,24,vide,vide,vide,0.0023,vide
48,1,25,vide,vide,vide,0.0025,vide
48,1,26,vide,vide,vide,0.0010,vide
48,1,27,vide,vide,vide,0.0000,vide
48,1,28,vide,vide,vide,0.0000,vide
48,1,29,vide,vide,vide,0.0014,vide
48,1,30,vide,vide,vide,0.0000,vide
48,1,31,vide,vide,vide,0.0001,vide
48,2,1,vide,vide,vide,0.0030,vide
48,2,2,vide,vide,vide,0.0035,vide
48,2,3,vide,vide,vide,0.0019,vide
48,2,4,vide,vide,vide,0.0014,vide
48,2,5,vide,vide,vide,0.0013,vide
48,2,6,vide,vide,vide,0.0022,vide
48,2,7,vide,vide,vide,0.0002,vide
48,2,8,vide,vide,vide,0.0001,vide
48,2,9,vide,vide,vide,0.0010,vide
48,2,10,vide,vide,vide,0.0014,vide
48,2,11,X,X,vide,0.0703,vide
48,2,12,vide,vide,vide,0.0013,vide
48,2,13,vide,vide,vide,0.0008,vide
48,2,14,vide,vide,vide,0.0005,vide
48,2,15,vide,vide,vide,0.0010,vide
48,2,16,vide,vide,vide,0.0006,vide
48,2,17,vide,vide,vide,0.0006,vide
48,2,18,vide,vide,vide,0.0008,vide
48,2,19,vide,vide,vide,0.0024,vide
48,2,20,vide,vide,vide,0.0007,vide
48,2,21,vide,vide,vide,0.0003,vide
48,2,22,vide,vide,vide,0.0005,vide
48,2,23,vide,vide,vide,0.0007,vide
48,2,24,vide,vide,vide,0.0002,vide
48,2,25,vide,vide,vide,0.0015,vide
48,2,26,vide,vide,vide,0.0005,vide
48,2,27,vide,vide,vide,0.0005,vide
48,2,28,vide,vide,vide,0.0012,vide
48,3,1,vide,vide,vide,0.0000,vide
48,3,2,vide,vide,vide,0.0000,vide
48,3,3,vide,vide,vide,0.0000,vide
48,3,4,vide,vide,vide,0.0000,vide
48,3,5,vide,vide,vide,0.0004,vide
48,3,6,vide,vide,vide,0.0003,vide
48,3,7,vide,vide,vide,0.0003,vide
48,3,8,vide,vide,vide,0.0017,vide
48,3,9,vide,vide,vide,0.0026,vide
48,3,10,vide,vide,vide,0.0000,vide
48,3,11,vide,vide,vide,0.0003,vide
48,3,12,vide,vide,vide,0.0000,vide
48,3,13,vide,vide,vide,0.0026,vide
48,3,14,vide,vide,vide,0.0006,vide
48,3,15,vide,vide,vide,0.0016,vide
48,3,16,vide,vide,vide,0.0012,vide
48,3,17,vide,vide,vide,0.0001,vide
48,3,18,vide,vide,vide,0.0003,vide
48,3,19,vide,vide,vide,0.0005,vide
48,3,20,vide,vide,vide,0.0013,vide
48,3,21,vide,vide,vide,0.0007,vide
48,3,22,vide,vide,vide,0.0023,vide
48,3,23,vide,vide,vide,0.0015,vide
48,3,24,vide,vide,vide,0.0000,vide
48,3,25,vide,vide,vide,0.0007,vide
48,3,26,vide,vide,vide,0.0017,vide
48,3,27,vide,vide,vide,0.0028,vide
48,3,28,vide,vide,vide,0.0009,vide
48,3,29,vide,vide,vide,0.0012,vide
48,3,30,vide,vide,vide,0.0000,vide
48,3,31,vide,vide,vide,0.0000,vide
48,4,1,vide,vide,vide,0.0016,vide
48,4,2,vide,vide,vide,0.0006,vide
48,4,3,vide,vide,vide,0.0031,vide
48,4,4,vide,vide,vide,0.0014,vide
48,4,5,vide,vide,vide,0.0013,vide
48,4,6,vide,vide,vide,0.0020,vide
48,4,7,vide,vide,vide,0.0010,vide
48,4,8,vide,vide,vide,0.0009,vide
48,4,9,vide,vide,vide,0.0000,vide
48,4,10,vide,vide,vide,0.0001,vide
48,4,11,vide,vide,vide,0.0000,vide
48,4,12,vide,vide,vide,0.0004,vide
48,4,13,vide,vide,vide,0.0002,vide
48,4,14,vide,vide,vide,0.0006,vide
48,4,15,vide,vide,vide,0.0000,vide
48,4,16,vide,vide,vide,0.0008,vide
48,4,17,vide,vide,vide,0.0013,vide
48,4,18,vide,vide,vide,0.0011,vide
48,4,19,vide,vide,vide,0.0007,vide
48,4,20,vide,vide,vide,0.0006,vide
48,4,21,vide,vide,vide,0.0000,vide
48,4,22,vide,vide,vide,0.0003,vide
48,4,23,vide,vide,vide,0.0001,vide
48,4,24,vide,vide,vide,0.0008,vide
48,4,25,vide,vide,vide,0.0016,vide
48,4,26,vide,vide,vide,0.0033,vide
48,4,27,vide,vide,vide,0.0014,vide
48,4,28,vide,vide,vide,0.0008,vide
48,4,29,vide,vide,vide,0.0009,vide
48,4,30,vide,vide,vide,0.0032,vide
48,5,1,vide,vide,vide,0.0015,vide
48,5,2,vide,vide,vide,0.0015,vide
48,5,3,vide,vide,vide,0.0011,vide
48,5,4,vide,vide,vide,0.0019,vide
48,5,5,vide,vide,vide,0.0014,vide
48,5,6,vide,vide,vide,0.0012,vide
48,5,7,vide,vide,vide,0.0024,vide
48,5,8,vide,vide,vide,0.0000,vide
48,5,9,vide,vide,vide,0.0000,vide
48,5,10,vide,vide,vide,0.0008,vide
48,5,11,vide,vide,vide,0.0047,vide
48,5,12,vide,vide,vide,0.0006,vide
48,5,13,vide,vide,vide,0.0010,vide
48,5,14,vide,vide,vide,0.0019,vide
48,5,15,vide,vide,vide,0.0011,vide
48,5,16,vide,vide,vide,0.0001,vide
48,5,17,vide,vide,vide,0.0006,vide
48,5,18,vide,vide,vide,0.0011,vide
48,5,19,vide,vide,vide,0.0015,vide
48,5,20,vide,vide,vide,0.0019,vide
48,5,21,vide,vide,vide,0.0004,vide
48,5,22,vide,vide,vide,0.0010,vide
48,5,23,vide,vide,vide,0.0006,vide
48,5,24,vide,vide,vide,0.0022,vide
48,5,25,vide,vide,vide,0.0017,vide
48,5,26,vide,vide,vide,0.0015,vide
48,5,27,vide,vide,vide,0.0029,vide
48,5,28,vide,vide,vide,0.0005,vide
48,5,29,vide,vide,vide,0.0051,vide
48,5,30,vide,vide,vide,0.0017,vide
48,5,31,vide,vide,vide,0.0019,vide
48,6,1,vide,vide,vide,0.0032,vide
48,6,2,vide,vide,vide,0.0033,vide
48,6,3,vide,vide,vide,0.0030,vide
48,6,4,vide,vide,vide,0.0008,vide
48,6,5,vide,vide,vide,0.0014,vide
48,6,6,vide,vide,vide,0.0018,vide
48,6,7,vide,vide,vide,0.0022,vide
48,6,8,vide,vide,vide,0.0017,vide
48,6,9,vide,vide,vide,0.0003,vide
48,6,10,vide,vide,vide,0.0009,vide
48,6,11,vide,vide,vide,0.0006,vide
48,6,12,vide,vide,vide,0.0019,vide
48,6,13,vide,vide,vide,0.0006,vide
48,6,14,vide,vide,vide,0.0012,vide
48,6,15,vide,vide,vide,0.0028,vide
48,6,16,vide,vide,vide,0.0012,vide
48,6,17,vide,vide,vide,0.0014,vide
48,6,18,vide,vide,vide,0.0008,vide
48,6,19,vide,vide,vide,0.0030,vide
48,6,20,vide,vide,vide,0.0020,vide
48,6,21,vide,vide,vide,0.0023,vide
48,6,22,vide,vide,vide,0.0016,vide
48,6,23,vide,vide,vide,0.0002,vide
48,6,24,vide,vide,vide,0.0007,vide
48,6,25,vide,vide,vide,0.0025,vide
48,6,26,vide,vide,vide,0.0007,vide
48,6,27,vide,vide,vide,0.0015,vide
48,6,28,vide,vide,vide,0.0015,vide
48,6,29,vide,vide,vide,0.0009,vide
48,6,30,vide,vide,vide,0.0014,vide
48,7,1,vide,vide,vide,0.0010,vide
48,7,2,vide,vide,vide,0.0014,vide
48,7,3,vide,vide,vide,0.0014,vide
48,7,4,vide,vide,vide,0.0012,vide
48,7,5,vide,vide,vide,0.0023,vide
48,7,6,vide,vide,vide,0.0057,vide
48,7,7,vide,vide,vide,0.0007,vide
48,7,8,vide,vide,vide,0.0011,vide
48,7,9,vide,vide,vide,0.0017,vide
48,7,10,vide,vide,vide,0.0000,vide
48,7,11,vide,vide,vide,0.0014,vide
48,7,12,vide,vide,vide,0.0027,vide
48,7,13,vide,vide,vide,0.0024,vide
48,7,14,vide,vide,vide,0.0002,vide
48,7,15,vide,vide,vide,0.0008,vide
48,7,16,vide,vide,vide,0.0033,vide
48,7,17,vide,vide,vide,0.0009,vide
48,7,18,vide,vide,vide,0.0025,vide
48,7,19,vide,vide,vide,0.0015,vide
48,7,20,vide,vide,vide,0.0004,vide
48,7,21,X,X,vide,0.1017,vide
5,1,1,vide,vide,vide,0.0044,vide
5,1,2,vide,vide,vide,0.0008,vide
5,1,3,vide,vide,vide,0.0014,vide
5,1,4,vide,vide,vide,0.0008,vide
5,1,5,vide,vide,vide,0.0027,vide
5,1,6,vide,vide,vide,0.0028,vide
5,1,7,vide,vide,vide,0.0009,vide
5,1,8,vide,vide,vide,0.0014,vide
5,1,9,vide,vide,vide,0.0002,vide
5,1,10,vide,vide,vide,0.0000,vide
5,1,11,vide,vide,vide,0.0000,vide
5,1,12,vide,vide,vide,0.0000,vide
5,1,13,vide,vide,vide,0.0000,vide
5,1,14,vide,vide,vide,0.0000,vide
5,1,15,vide,vide,vide,0.0019,vide
5,1,16,vide,vide,vide,0.0001,vide
5,1,17,vide,vide,vide,0.0000,vide
5,1,18,vide,vide,X,0.0000,vide
5,1,19,vide,vide,vide,0.0000,vide
5,1,20,vide,vide,X,0.0000,vide
5,1,21,vide,vide,X,0.0000,vide
5,1,22,vide,vide,vide,0.0000,vide
5,1,23,vide,vide,vide,0.0000,vide
5,1,24,vide,vide,vide,0.0000,vide
5,1,25,vide,vide,X,0.0001,vide
5,1,26,vide,vide,X,0.0009,vide
5,1,27,vide,vide,?,0.0000,vide
5,1,28,vide,vide,X,0.0000,vide
5,1,29,vide,vide,X,0.0001,vide
5,1,30,vide,vide,X,0.0000,vide
5,1,31,vide,vide,X,0.0004,vide
5,2,1,vide,vide,vide,0.0011,vide
5,2,2,vide,vide,vide,0.0012,vide
5,2,3,vide,vide,vide,0.0014,vide
5,2,4,vide,vide,vide,0.0009,vide
5,2,5,vide,vide,vide,0.0014,vide
5,2,6,vide,vide,vide,0.0011,vide
5,2,7,vide,vide,vide,0.0013,vide
5,2,8,vide,vide,vide,0.0002,vide
5,2,9,vide,vide,vide,0.0035,vide
5,2,10,vide,vide,vide,0.0005,vide
5,2,11,vide,vide,vide,0.0000,vide
5,2,12,vide,vide,vide,0.0013,vide
5,2,13,vide,vide,vide,0.0006,vide
5,2,14,vide,vide,vide,0.0023,vide
5,2,15,vide,vide,vide,0.0000,vide
5,2,16,vide,vide,vide,0.0019,vide
5,2,17,vide,vide,vide,0.0009,vide
5,2,18,vide,vide,vide,0.0000,vide
5,2,19,vide,vide,vide,0.0026,vide
5,2,20,vide,vide,vide,0.0001,vide
5,2,21,vide,vide,vide,0.0008,vide
5,2,22,vide,vide,vide,0.0009,vide
5,2,23,vide,vide,vide,0.0007,vide
5,2,24,vide,vide,vide,0.0008,vide
5,2,25,vide,vide,vide,0.0028,vide
5,2,26,vide,vide,vide,0.0059,vide
5,2,27,vide,vide,vide,0.0046,vide
5,2,28,vide,vide,vide,0.0022,vide
5,2,29,vide,vide,vide,0.0031,vide
5,3,1,vide,vide,vide,0.0062,vide
5,3,2,vide,vide,vide,0.0042,vide
5,3,3,vide,vide,vide,0.0017,vide
5,3,4,vide,vide,vide,0.0021,vide
5,3,5,vide,vide,vide,0.0003,vide
5,3,6,vide,vide,vide,0.0002,vide
5,3,7,vide,vide,vide,0.0008,vide
5,3,8,vide,vide,vide,0.0020,vide
5,3,9,vide,vide,vide,0.0015,vide
5,3,10,vide,vide,vide,0.0008,vide
5,3,11,vide,vide,vide,0.0018,vide
5,3,12,vide,vide,vide,0.0013,vide
5,3,13,vide,vide,vide,0.0000,vide
5,3,14,vide,vide,vide,0.0000,vide
5,3,15,vide,vide,vide,0.0014,vide
5,3,16,vide,vide,vide,0.0012,vide
5,3,17,vide,vide,vide,0.0041,vide
5,3,18,vide,vide,vide,0.0030,vide
5,3,19,vide,vide,vide,0.0018,vide
5,3,20,vide,vide,vide,0.0003,vide
5,3,21,vide,vide,vide,0.0000,vide
5,3,22,vide,vide,vide,0.0017,vide
5,3,23,vide,vide,vide,0.0004,vide
5,3,24,vide,vide,vide,0.0000,vide
5,3,25,vide,vide,vide,0.0016,vide
5,3,26,vide,vide,vide,0.0011,vide
5,3,27,vide,vide,vide,0.0033,vide
5,3,28,vide,vide,vide,0.0003,vide
5,3,29,vide,vide,vide,0.0097,vide
5,3,30,vide,vide,vide,0.0037,vide
5,3,31,vide,vide,vide,0.0024,vide
5,4,1,vide,vide,vide,0.0033,vide
5,4,2,vide,vide,vide,0.0013,vide
5,4,3,vide,vide,vide,0.0010,vide
5,4,4,vide,vide,vide,0.0001,vide
5,4,5,vide,vide,vide,0.0038,vide
5,4,6,vide,vide,vide,0.0044,vide
5,4,7,vide,vide,vide,0.0045,vide
5,4,8,vide,vide,vide,0.0038,vide
5,4,9,vide,vide,vide,0.0025,vide
5,4,10,vide,vide,vide,0.0020,vide
5,4,11,vide,vide,vide,0.0006,vide
5,4,12,vide,vide,vide,0.0012,vide
5,4,13,vide,vide,vide,0.0080,vide
5,4,14,vide,vide,vide,0.0052,vide
5,4,15,vide,vide,vide,0.0030,vide
5,4,16,vide,vide,vide,0.0045,vide
5,4,17,vide,vide,vide,0.0054,vide
5,4,18,vide,vide,vide,0.0009,vide
5,4,19,vide,vide,vide,0.0035,vide
5,4,20,vide,vide,vide,0.0009,vide
5,4,21,vide,vide,vide,0.0025,vide
5,4,22,vide,vide,vide,0.0012,vide
5,4,23,vide,vide,vide,0.0013,vide
5,4,24,vide,vide,vide,0.0054,vide
5,4,25,vide,vide,vide,0.0009,vide
5,4,26,vide,vide,vide,0.0039,vide
5,4,27,vide,vide,vide,0.0042,vide
5,4,28,vide,vide,vide,0.0000,vide
5,4,29,vide,vide,vide,0.0061,vide
5,4,30,vide,vide,vide,0.0061,vide
5,5,1,vide,vide,vide,0.0076,vide
5,5,2,vide,vide,vide,0.0043,vide
5,5,3,vide,vide,vide,0.0082,vide
5,5,4,vide,vide,vide,0.0100,vide
5,5,5,vide,vide,vide,0.0073,vide
5,5,6,vide,vide,vide,0.0063,vide
5,5,7,vide,vide,vide,0.0000,vide
5,5,8,vide,vide,vide,0.0053,vide
5,5,9,vide,vide,vide,0.0059,vide
5,5,10,vide,vide,vide,0.0054,vide
5,5,11,vide,vide,vide,0.0067,vide
5,5,12,vide,vide,vide,0.0077,vide
5,5,13,vide,vide,vide,0.0045,vide
5,5,14,vide,vide,vide,0.0027,vide
5,5,15,vide,vide,vide,0.0023,vide
5,5,16,vide,vide,vide,0.0014,vide
5,5,17,vide,vide,vide,0.0031,vide
5,5,18,vide,vide,vide,0.0043,vide
5,5,19,vide,vide,vide,0.0080,vide
5,5,20,vide,vide,vide,0.0050,vide
5,5,21,vide,vide,vide,0.0067,vide
5,5,22,vide,vide,vide,0.0037,vide
5,5,23,vide,vide,vide,0.0024,vide
5,5,24,vide,vide,vide,0.0068,vide
5,5,25,vide,vide,vide,0.0062,vide
5,5,26,vide,vide,vide,0.0041,vide
5,5,27,vide,vide,vide,0.0039,vide
5,5,28,vide,vide,vide,0.0020,vide
5,5,29,vide,vide,vide,0.0030,vide
5,5,30,vide,vide,vide,0.0048,vide
5,5,31,vide,vide,vide,0.0056,vide
5,6,1,vide,vide,vide,0.0012,vide
5,6,2,vide,vide,vide,0.0028,vide
5,6,3,vide,vide,vide,0.0031,vide
5,6,4,vide,vide,vide,0.0027,vide
5,6,5,vide,vide,vide,0.0044,vide
5,6,6,vide,vide,vide,0.0033,vide
5,6,7,vide,vide,vide,0.0027,vide
5,6,8,vide,vide,vide,0.0038,vide
5,6,9,vide,vide,vide,0.0028,vide
5,6,10,vide,vide,vide,0.0054,vide
5,6,11,vide,vide,vide,0.0030,vide
5,6,12,vide,vide,vide,0.0026,vide
5,6,13,vide,vide,vide,0.0028,vide
5,6,14,vide,vide,vide,0.0107,vide
5,6,15,vide,vide,vide,0.0062,vide
5,6,16,vide,vide,vide,0.0016,vide
5,6,17,vide,vide,vide,0.0043,vide
5,6,18,vide,vide,vide,0.0051,vide
5,6,19,vide,vide,vide,0.0094,vide
5,6,20,vide,vide,vide,0.0008,vide
5,6,21,vide,vide,vide,0.0035,vide
5,6,22,vide,vide,vide,0.0067,vide
5,6,23,vide,vide,vide,0.0077,vide
5,6,24,vide,vide,vide,0.0021,vide
5,6,25,vide,vide,vide,0.0007,vide
5,6,26,vide,vide,vide,0.0006,vide
5,6,27,vide,vide,vide,0.0048,vide
5,6,28,vide,vide,vide,0.0078,vide
5,6,29,vide,vide,vide,0.0087,vide
5,6,30,vide,vide,vide,0.0070,vide
5,7,1,vide,vide,vide,0.0031,vide
5,7,2,vide,vide,vide,0.0010,vide
5,7,3,vide,vide,vide,0.0034,vide
5,7,4,vide,vide,vide,0.0015,vide
5,7,5,vide,vide,vide,0.0029,vide
5,7,6,vide,vide,vide,0.0076,vide
5,7,7,vide,vide,vide,0.0098,vide
5,7,8,vide,vide,vide,0.0028,vide
5,7,9,vide,vide,vide,0.0057,vide
5,7,10,vide,vide,vide,0.0018,vide
5,7,11,vide,vide,vide,0.0011,vide
5,7,12,vide,vide,vide,0.0016,vide
5,7,13,vide,vide,vide,0.0064,vide
5,7,14,vide,vide,vide,0.0014,vide
5,7,15,vide,vide,vide,0.0034,vide
5,7,16,vide,vide,vide,0.0033,vide
5,7,17,vide,vide,vide,0.0023,vide
5,7,18,vide,vide,vide,0.0020,vide
5,7,19,vide,vide,vide,0.0035,vide
5,7,20,vide,vide,vide,0.0027,vide
5,7,21,vide,vide,vide,0.0047,vide
5,7,22,vide,vide,vide,0.0056,vide
5,7,23,vide,vide,vide,0.0028,vide
5,7,24,vide,vide,vide,0.0001,vide
5,7,25,vide,vide,vide,0.0017,vide
5,7,26,vide,vide,vide,0.0032,vide
5,7,27,vide,vide,vide,0.0060,vide
5,7,28,vide,vide,vide,0.0058,vide
5,7,29,vide,vide,vide,0.0073,vide
5,7,30,vide,vide,vide,0.0052,vide
5,7,31,vide,vide,vide,0.0107,vide
5,8,1,vide,vide,vide,0.0120,vide
5,8,2,vide,vide,vide,0.0079,vide
5,8,3,vide,vide,vide,0.0117,vide
5,8,4,vide,vide,vide,0.0091,vide
5,8,5,vide,vide,vide,0.0080,vide
5,8,6,vide,vide,vide,0.0081,vide
5,8,7,vide,vide,vide,0.0033,vide
5,8,8,vide,vide,vide,0.0016,vide
5,8,9,vide,vide,vide,0.0036,vide
5,8,10,vide,vide,vide,0.0057,vide
5,8,11,vide,vide,vide,0.0045,vide
5,8,12,vide,vide,vide,0.0037,vide
5,8,13,vide,vide,vide,0.0039,vide
5,8,14,vide,vide,vide,0.0052,vide
5,8,15,vide,vide,vide,0.0008,vide
5,8,16,vide,vide,vide,0.0052,vide
5,8,17,vide,vide,vide,0.0044,vide
5,8,18,vide,vide,vide,0.0004,vide
5,8,19,vide,vide,vide,0.0041,vide
5,8,20,vide,vide,vide,0.0066,vide
5,8,21,vide,vide,vide,0.0019,vide
5,8,22,vide,vide,vide,0.0006,vide
5,8,23,vide,vide,vide,0.0057,vide
5,8,24,vide,vide,vide,0.0091,vide
5,8,25,vide,vide,vide,0.0048,vide
5,8,26,vide,vide,vide,0.0052,vide
5,8,27,vide,vide,vide,0.0018,vide
5,8,28,vide,vide,vide,0.0064,vide
5,8,29,vide,vide,vide,0.0020,vide
5,8,30,vide,vide,vide,0.0080,vide
5,8,31,vide,vide,vide,0.0083,vide
5,9,1,vide,vide,vide,0.0052,vide
5,9,2,vide,vide,vide,0.0015,vide
5,9,3,vide,vide,vide,0.0014,vide
5,9,4,vide,vide,vide,0.0045,vide
5,9,5,vide,vide,vide,0.0011,vide
5,9,6,vide,vide,vide,0.0030,vide
5,9,7,vide,vide,vide,0.0043,vide
5,9,8,vide,vide,vide,0.0067,vide
5,9,9,vide,vide,vide,0.0031,vide
5,9,10,vide,vide,vide,0.0039,vide
5,9,11,vide,vide,vide,0.0044,vide
5,9,12,vide,vide,vide,0.0123,vide
5,9,13,vide,vide,vide,0.0014,vide
5,9,14,vide,vide,vide,0.0030,vide
5,9,15,vide,vide,vide,0.0058,vide
5,9,16,vide,vide,vide,0.0046,vide
5,9,17,vide,vide,vide,0.0020,vide
5,9,18,vide,vide,vide,0.0031,vide
5,9,19,vide,vide,vide,0.0019,vide
5,9,20,vide,vide,vide,0.0026,vide
5,9,21,vide,vide,vide,0.0087,vide
5,9,22,vide,vide,vide,0.0017,vide
5,9,23,vide,vide,vide,0.0012,vide
5,9,24,vide,vide,vide,0.0156,vide
5,9,25,vide,vide,vide,0.0045,vide
5,9,26,vide,vide,vide,0.0007,vide
5,9,27,vide,vide,vide,0.0312,vide
5,9,28,vide,vide,vide,0.0035,vide
5,9,29,vide,vide,vide,0.0083,vide
5,9,30,vide,vide,vide,0.0020,vide
5,10,1,vide,vide,vide,0.0027,vide
5,10,2,vide,vide,vide,0.0030,vide
5,10,3,vide,vide,vide,0.0068,vide
5,10,4,vide,vide,vide,0.0035,vide
5,10,5,vide,vide,vide,0.0059,vide
5,10,6,vide,vide,vide,0.0050,vide
5,10,7,vide,vide,vide,0.0028,vide
5,10,8,vide,vide,vide,0.0020,vide
5,10,9,vide,vide,vide,0.0023,vide
5,10,10,vide,vide,vide,0.0013,vide
5,10,11,vide,vide,vide,0.0027,vide
5,10,12,vide,vide,vide,0.0020,vide
5,10,13,vide,vide,vide,0.0035,vide
5,10,14,vide,vide,vide,0.0028,vide
5,10,15,vide,vide,vide,0.0034,vide
5,10,16,vide,vide,vide,0.0024,vide
5,10,17,vide,vide,vide,0.0046,vide
5,10,18,vide,vide,vide,0.0025,vide
5,10,19,vide,vide,vide,0.0017,vide
5,10,20,vide,vide,vide,0.0038,vide
5,10,21,vide,vide,vide,0.0087,vide
5,10,22,vide,vide,vide,0.0045,vide
5,10,23,vide,vide,vide,0.0037,vide
5,10,24,vide,vide,vide,0.0009,vide
5,10,25,vide,vide,vide,0.0052,vide
5,10,26,vide,vide,vide,0.0026,vide
5,10,27,vide,vide,vide,0.0033,vide
5,10,28,vide,vide,vide,0.0020,vide
5,10,29,vide,vide,vide,0.0038,vide
5,10,30,vide,vide,vide,0.0037,vide
5,10,31,vide,vide,vide,0.0022,vide
5,11,1,vide,vide,vide,0.0042,vide
5,11,2,vide,vide,vide,0.0045,vide
5,11,3,vide,vide,vide,0.0025,vide
5,11,4,vide,vide,vide,0.0060,vide
5,11,5,vide,vide,vide,0.0032,vide
5,11,6,vide,vide,vide,0.0034,vide
5,11,7,vide,vide,vide,0.0027,vide
5,11,8,vide,vide,vide,0.0002,vide
5,11,9,vide,vide,vide,0.0020,vide
5,11,10,vide,vide,vide,0.0039,vide
5,11,11,vide,vide,vide,0.0025,vide
5,11,12,vide,vide,vide,0.0032,vide
5,11,13,vide,vide,vide,0.0031,vide
5,11,14,vide,vide,vide,0.0019,vide
5,11,15,vide,vide,vide,0.0037,vide
5,11,16,vide,vide,vide,0.0033,vide
5,11,17,vide,vide,vide,0.0042,vide
5,11,18,vide,vide,vide,0.0012,vide
5,11,19,vide,vide,vide,0.0016,vide
5,11,20,vide,vide,vide,0.0015,vide
5,11,21,vide,vide,vide,0.0025,vide
5,11,22,vide,vide,vide,0.0012,vide
5,11,23,vide,vide,vide,0.0027,vide
5,11,24,vide,vide,vide,0.0031,vide
5,11,25,vide,vide,vide,0.0029,vide
5,11,26,vide,vide,vide,0.0011,vide
5,11,27,vide,vide,vide,0.0020,vide
5,11,28,vide,vide,vide,0.0017,vide
5,11,29,vide,vide,vide,0.0068,vide
5,11,30,vide,vide,vide,0.0047,vide
5,12,1,vide,vide,?,0.0011,vide
5,12,2,vide,vide,vide,0.0023,vide
5,12,3,vide,vide,vide,0.0052,vide
5,12,4,vide,vide,vide,0.0020,vide
5,12,5,vide,vide,vide,0.0081,vide
5,12,6,vide,vide,vide,0.0020,vide
5,12,7,vide,vide,vide,0.0031,vide
5,12,8,vide,vide,vide,0.0033,vide
5,12,9,vide,vide,vide,0.0017,vide
5,12,10,vide,vide,vide,0.0014,vide
5,12,11,vide,vide,vide,0.0053,vide
5,12,12,vide,vide,vide,0.0009,vide
5,12,13,vide,vide,vide,0.0027,vide
5,12,14,vide,vide,vide,0.0034,vide
5,12,15,vide,vide,vide,0.0042,vide
5,12,16,vide,vide,vide,0.0031,vide
5,12,17,vide,vide,vide,0.0069,vide
5,12,18,vide,vide,vide,0.0039,vide
5,12,19,vide,vide,vide,0.0019,vide
5,12,20,vide,vide,vide,0.0023,vide
5,12,21,vide,vide,vide,0.0029,vide
5,12,22,vide,vide,vide,0.0026,vide
5,12,23,vide,vide,vide,0.0047,vide
5,12,24,vide,vide,vide,0.0033,vide
5,12,25,vide,vide,vide,0.0034,vide
5,12,26,vide,vide,vide,0.0079,vide
5,12,27,vide,vide,vide,0.0229,vide
5,12,28,vide,vide,vide,0.0272,vide
5,12,29,vide,vide,vide,0.0200,vide
5,12,30,vide,vide,vide,0.0144,vide
5,12,31,vide,vide,vide,0.0144,vide
50,1,1,vide,vide,vide,0.0000,vide
50,1,2,vide,vide,vide,0.0000,vide
50,1,3,vide,vide,vide,0.0000,vide
50,1,4,vide,vide,vide,0.0000,vide
50,1,5,vide,vide,vide,0.0000,vide
50,1,6,vide,vide,vide,0.0000,vide
50,1,7,vide,vide,vide,0.0000,vide
50,1,8,vide,vide,vide,0.0000,vide
50,1,9,vide,vide,vide,0.0000,vide
50,1,10,vide,vide,vide,0.0000,vide
50,1,11,vide,vide,vide,0.0000,vide
50,1,12,vide,vide,vide,0.0000,vide
50,1,13,vide,vide,vide,0.0000,vide
50,1,14,vide,vide,vide,0.0000,vide
50,1,15,vide,vide,vide,0.0000,vide
50,1,16,vide,vide,vide,0.0000,vide
50,1,17,vide,vide,vide,0.0000,vide
50,1,18,vide,vide,vide,0.0000,vide
50,1,19,vide,vide,vide,0.0000,vide
50,1,20,vide,vide,vide,0.0000,vide
50,1,21,vide,vide,vide,0.0000,vide
50,1,22,vide,vide,vide,0.0000,vide
50,1,23,vide,vide,vide,0.0000,vide
50,1,24,vide,vide,vide,0.0000,vide
50,1,25,vide,vide,vide,0.0000,vide
50,1,26,vide,vide,vide,0.0000,vide
50,1,27,vide,vide,vide,0.0000,vide
50,1,28,vide,vide,vide,0.0000,vide
50,1,29,vide,vide,vide,0.0000,vide
50,1,30,vide,vide,vide,0.0000,vide
50,1,31,vide,vide,vide,0.0000,vide
50,2,1,vide,vide,?,0.0424,vide
50,2,2,vide,vide,vide,0.0218,vide
50,2,3,vide,vide,vide,0.0017,vide
50,2,4,vide,vide,vide,0.0114,vide
50,2,5,vide,vide,vide,0.0117,vide
50,2,6,vide,vide,vide,0.0073,vide
50,2,7,vide,vide,vide,0.0317,vide
50,2,8,vide,vide,vide,0.0148,vide
50,2,9,vide,vide,vide,0.0120,vide
50,2,10,vide,vide,vide,0.0229,vide
50,2,11,vide,vide,vide,0.0220,vide
50,2,12,vide,vide,vide,0.0266,vide
50,2,13,vide,vide,vide,0.0036,vide
50,2,14,vide,vide,vide,0.0094,vide
50,2,15,vide,vide,vide,0.0081,vide
50,2,16,vide,vide,vide,0.0150,vide
50,2,17,vide,vide,vide,0.0136,vide
50,2,18,vide,vide,vide,0.0135,vide
50,2,19,vide,vide,vide,0.0176,vide
50,2,20,vide,vide,vide,0.0069,vide
50,2,21,vide,vide,vide,0.0076,vide
50,2,22,vide,vide,vide,0.0049,vide
50,2,23,vide,vide,vide,0.0038,vide
50,2,24,vide,vide,vide,0.0173,vide
50,2,25,vide,vide,vide,0.0149,vide
50,2,26,vide,vide,vide,0.0113,vide
50,2,27,vide,vide,vide,0.0084,vide
50,2,28,vide,vide,vide,0.0059,vide
50,2,29,vide,vide,vide,0.0151,vide
50,3,1,vide,vide,vide,0.0017,vide
50,3,2,vide,vide,vide,0.0339,vide
50,3,3,vide,vide,vide,0.0437,vide
50,3,4,vide,vide,vide,0.0486,vide
50,3,5,vide,vide,vide,0.0653,vide
50,3,6,vide,vide,vide,0.0665,vide
50,3,7,vide,vide,vide,0.0362,vide
50,3,8,vide,vide,vide,0.0163,vide
50,3,9,vide,vide,vide,0.0168,vide
50,3,10,vide,vide,vide,0.0283,vide
50,3,11,vide,vide,vide,0.0140,vide
50,3,12,vide,vide,vide,0.0045,vide
50,3,13,vide,vide,vide,0.0119,vide
50,3,14,vide,vide,vide,0.0125,vide
50,3,15,vide,vide,vide,0.0208,vide
50,3,16,vide,vide,vide,0.0124,vide
50,3,17,vide,vide,vide,0.0129,vide
50,3,18,vide,vide,vide,0.0094,vide
50,3,19,vide,vide,vide,0.0047,vide
50,3,20,vide,vide,vide,0.0109,vide
50,3,21,vide,vide,vide,0.0080,vide
50,3,22,vide,vide,vide,0.0132,vide
50,3,23,vide,vide,vide,0.0110,vide
50,3,24,vide,vide,vide,0.0189,vide
50,3,25,vide,vide,vide,0.0309,vide
50,3,26,vide,vide,vide,0.0040,vide
50,3,27,vide,vide,vide,0.0026,vide
50,3,28,vide,vide,vide,0.0093,vide
50,3,29,vide,vide,vide,0.1055,vide
50,3,30,vide,vide,vide,0.0823,vide
50,3,31,vide,vide,vide,0.0804,vide
50,4,1,vide,vide,vide,0.0000,vide
50,4,2,vide,vide,vide,0.0109,vide
50,4,3,vide,vide,vide,0.0388,vide
50,4,4,vide,vide,vide,0.0007,vide
50,4,5,vide,vide,vide,0.0181,vide
50,4,6,vide,vide,vide,0.0541,vide
50,4,7,vide,vide,vide,0.0626,vide
50,4,8,vide,vide,vide,0.0626,vide
50,4,9,vide,vide,vide,0.0400,vide
50,4,10,vide,vide,vide,0.0561,vide
50,4,11,vide,vide,vide,0.0701,vide
50,4,12,vide,vide,vide,0.0240,vide
50,4,13,vide,vide,vide,0.0497,vide
50,4,14,vide,vide,vide,0.0734,vide
50,4,15,vide,vide,vide,0.0169,vide
50,4,16,vide,vide,vide,0.0227,vide
50,4,17,vide,vide,vide,0.0124,vide
50,4,18,vide,vide,vide,0.0038,vide
50,4,19,vide,vide,vide,0.0226,vide
50,4,20,vide,vide,vide,0.0134,vide
50,4,21,vide,vide,vide,0.0166,vide
50,4,22,vide,vide,vide,0.0159,vide
50,4,23,vide,vide,vide,0.0095,vide
50,4,24,vide,vide,vide,0.0126,vide
50,4,25,vide,vide,vide,0.0105,vide
50,4,26,vide,vide,vide,0.0480,vide
50,4,27,vide,vide,vide,0.0911,vide
50,4,28,vide,vide,?,0.0237,vide
50,4,29,vide,vide,?,0.1011,vide
50,4,30,vide,vide,vide,0.0885,vide
50,5,1,vide,vide,vide,0.0122,vide
50,5,2,vide,vide,vide,0.0088,vide
50,5,3,vide,vide,vide,0.0628,vide
50,5,4,vide,vide,vide,0.0651,vide
50,5,5,vide,vide,vide,0.0139,vide
50,5,6,vide,vide,vide,0.0964,vide
50,5,7,vide,vide,vide,0.0515,vide
50,5,8,vide,vide,vide,0.1565,X
50,5,9,vide,vide,vide,0.1439,X
50,5,10,vide,vide,vide,0.1247,vide
50,5,11,vide,vide,vide,0.0773,vide
50,5,12,vide,vide,vide,0.0893,vide
50,5,13,vide,vide,vide,0.0738,vide
50,5,14,vide,vide,vide,0.1160,vide
50,5,15,vide,vide,vide,0.0374,vide
50,5,16,vide,vide,vide,0.0385,vide
50,5,17,vide,vide,vide,0.0591,vide
50,5,18,vide,vide,vide,0.0697,vide
50,5,19,vide,vide,vide,0.0285,vide
50,5,20,vide,vide,vide,0.0356,vide
50,5,21,vide,vide,vide,0.0093,vide
50,5,22,vide,vide,vide,0.0100,vide
50,5,23,vide,vide,vide,0.0051,vide
50,5,24,vide,vide,vide,0.0174,vide
50,5,25,vide,vide,vide,0.0150,vide
50,5,26,vide,vide,vide,0.0175,vide
50,5,27,vide,vide,vide,0.0239,vide
50,5,28,vide,vide,vide,0.0328,vide
50,5,29,vide,vide,vide,0.0250,vide
50,5,30,vide,vide,?,0.0092,vide
50,5,31,vide,vide,vide,0.0211,vide
50,6,1,vide,vide,vide,0.0215,vide
50,6,2,vide,vide,vide,0.0509,vide
50,6,3,vide,vide,vide,0.0847,vide
50,6,4,vide,vide,vide,0.0871,vide
50,6,5,vide,vide,vide,0.0927,vide
50,6,6,vide,vide,vide,0.0213,vide
50,6,7,vide,vide,vide,0.0535,vide
50,6,8,vide,vide,vide,0.0184,vide
50,6,9,vide,vide,vide,0.0486,vide
50,6,10,vide,vide,vide,0.0129,vide
50,6,11,vide,vide,vide,0.0490,vide
50,6,12,vide,vide,vide,0.0453,vide
50,6,13,vide,vide,vide,0.0188,vide
50,6,14,vide,vide,vide,0.0333,vide
50,6,15,vide,vide,vide,0.0268,vide
50,6,16,vide,vide,vide,0.0535,vide
50,6,17,vide,vide,vide,0.0128,vide
50,6,18,vide,vide,vide,0.0071,vide
50,6,19,vide,vide,vide,0.0037,vide
50,6,20,vide,vide,vide,0.0115,vide
50,6,21,vide,vide,vide,0.0189,vide
50,6,22,vide,vide,vide,0.0118,vide
50,6,23,vide,vide,vide,0.0156,vide
50,6,24,vide,vide,vide,0.0123,vide
50,6,25,vide,vide,vide,0.0058,vide
50,6,26,vide,vide,vide,0.0064,vide
50,6,27,vide,vide,vide,0.0007,vide
50,6,28,vide,vide,vide,0.0086,vide
50,6,29,vide,vide,vide,0.0094,vide
50,6,30,vide,vide,vide,0.0183,vide
50,7,1,vide,vide,vide,0.0346,vide
50,7,2,vide,vide,vide,0.1298,vide
50,7,3,vide,vide,vide,0.1722,X
50,7,4,vide,vide,vide,0.1551,X
50,7,5,vide,vide,vide,0.1182,vide
50,7,6,vide,vide,vide,0.1425,X
50,7,7,vide,vide,vide,0.1347,vide
50,7,8,vide,vide,vide,0.0614,vide
50,7,9,vide,vide,vide,0.0945,vide
50,7,10,vide,vide,vide,0.0856,vide
50,7,11,vide,vide,vide,0.1180,vide
50,7,12,vide,vide,vide,0.0968,vide
50,7,13,vide,vide,?,0.0839,vide
50,7,14,vide,vide,vide,0.0651,vide
50,7,15,vide,vide,?,0.0523,vide
50,7,16,vide,vide,?,0.0925,vide
50,7,17,vide,vide,?,0.0666,vide
50,7,18,vide,vide,vide,0.0546,vide
50,7,19,vide,vide,vide,0.1088,vide
50,7,20,vide,vide,vide,0.0450,vide
50,7,21,vide,vide,vide,0.0126,vide
50,7,22,vide,vide,vide,0.0149,vide
50,7,23,vide,vide,vide,0.0085,vide
50,7,24,vide,vide,vide,0.0154,vide
50,7,25,vide,vide,vide,0.0073,vide
50,7,26,vide,vide,vide,0.0108,vide
50,7,27,vide,vide,vide,0.0116,vide
50,7,28,vide,vide,vide,0.0127,vide
50,7,29,vide,vide,vide,0.0088,vide
50,7,30,vide,vide,vide,0.0253,vide
50,7,31,vide,vide,vide,0.0333,vide
50,8,1,vide,vide,vide,0.0543,vide
50,8,2,vide,vide,vide,0.1063,vide
50,8,3,vide,vide,vide,0.0836,vide
50,8,4,vide,vide,vide,0.0744,vide
50,8,5,vide,vide,vide,0.1094,vide
50,8,6,vide,vide,vide,0.0238,vide
50,8,7,vide,vide,vide,0.1420,X
50,8,8,vide,vide,vide,0.1283,vide
50,8,9,vide,vide,vide,0.1168,vide
50,8,10,vide,vide,vide,0.0456,vide
50,8,11,vide,vide,vide,0.1527,X
50,8,12,vide,vide,vide,0.1526,X
50,8,13,vide,vide,vide,0.1349,vide
50,8,14,vide,vide,vide,0.1087,vide
50,8,15,vide,vide,vide,0.1197,vide
50,8,16,vide,vide,vide,0.1354,vide
50,8,17,vide,vide,?,0.1392,X
50,8,18,vide,vide,vide,0.1768,X
50,8,19,vide,vide,?,0.0627,vide
50,8,20,vide,vide,X,0.0467,vide
50,8,21,vide,vide,?,0.0084,vide
50,8,22,vide,vide,?,0.0092,vide
50,8,23,vide,vide,?,0.0142,vide
50,8,24,vide,vide,?,0.0151,vide
50,8,25,vide,vide,vide,0.0238,vide
50,8,26,vide,vide,?,0.0192,vide
50,8,27,vide,vide,vide,0.0121,vide
50,8,28,vide,vide,vide,0.0234,vide
50,8,29,vide,vide,vide,0.0196,vide
50,8,30,vide,vide,vide,0.0493,vide
50,8,31,vide,vide,vide,0.0434,vide
50,9,1,vide,vide,vide,0.0514,vide
50,9,2,vide,vide,vide,0.0073,vide
50,9,3,vide,vide,vide,0.0058,vide
50,9,4,vide,vide,vide,0.0050,vide
50,9,5,vide,vide,vide,0.0121,vide
50,9,6,vide,vide,vide,0.0060,vide
50,9,7,vide,vide,vide,0.0321,vide
50,9,8,vide,vide,vide,0.0191,vide
50,9,9,vide,vide,vide,0.0281,vide
50,9,10,vide,vide,vide,0.0189,vide
50,9,11,vide,vide,vide,0.0033,vide
50,9,12,vide,vide,vide,0.0092,vide
50,9,13,vide,vide,vide,0.0029,vide
50,9,14,vide,vide,vide,0.0024,vide
50,9,15,X,X,vide,0.0281,vide
50,9,16,vide,vide,vide,0.0028,vide
50,9,17,vide,vide,vide,0.0081,vide
50,9,18,vide,vide,vide,0.0017,vide
50,9,19,vide,vide,vide,0.0012,vide
50,9,20,vide,vide,vide,0.0101,vide
50,9,21,vide,vide,vide,0.0075,vide
50,9,22,vide,vide,vide,0.0066,vide
50,9,23,vide,vide,vide,0.0164,vide
50,9,24,vide,vide,vide,0.0034,vide
50,9,25,vide,vide,vide,0.0092,vide
50,9,26,vide,vide,vide,0.0069,vide
50,9,27,vide,X,vide,0.0489,vide
50,9,28,vide,vide,vide,0.0395,vide
50,9,29,vide,vide,?,0.0526,vide
50,9,30,vide,vide,vide,0.0934,vide
50,10,1,vide,vide,vide,0.1117,vide
50,10,2,vide,vide,vide,0.0966,vide
50,10,3,vide,vide,vide,0.1106,vide
50,10,4,vide,vide,vide,0.1052,vide
50,10,5,vide,vide,vide,0.1152,vide
50,10,6,vide,vide,vide,0.1323,vide
50,10,7,vide,vide,vide,0.1023,vide
50,10,8,vide,vide,vide,0.1361,vide
50,10,9,vide,vide,vide,0.1213,vide
50,10,10,vide,vide,vide,0.1383,X
50,10,11,vide,vide,vide,0.1048,vide
50,10,12,vide,vide,vide,0.1200,vide
50,10,13,vide,vide,vide,0.1482,X
50,10,14,vide,vide,vide,0.1248,vide
50,10,15,vide,vide,vide,0.1339,vide
50,10,16,vide,vide,vide,0.1358,vide
50,10,17,vide,vide,vide,0.1343,vide
50,10,18,vide,vide,vide,0.1605,X
50,10,19,vide,vide,vide,0.1710,X
50,10,20,vide,vide,vide,0.1602,X
50,10,21,vide,vide,vide,0.1475,X
50,10,22,vide,vide,vide,0.1616,X
50,10,23,vide,vide,vide,0.1468,X
50,10,24,vide,vide,vide,0.1368,X
50,10,25,vide,vide,vide,0.1462,X
50,10,26,vide,vide,vide,0.1609,X
50,10,27,vide,vide,vide,0.1393,X
50,10,28,vide,vide,?,0.1646,X
50,10,29,vide,vide,?,0.1857,X
50,10,30,vide,vide,?,0.1474,X
50,10,31,vide,vide,X,0.0665,vide
50,11,1,vide,vide,vide,0.0000,vide
50,11,2,vide,vide,vide,0.0000,vide
50,11,3,vide,vide,vide,0.0000,vide
50,11,4,vide,vide,vide,0.0000,vide
50,11,5,vide,vide,vide,0.0000,vide
50,11,6,vide,vide,vide,0.1023,vide
50,11,7,vide,vide,vide,0.0000,vide
50,11,8,vide,vide,vide,0.0000,vide
50,11,9,vide,vide,vide,0.1403,X
50,11,10,vide,vide,vide,0.1176,vide
50,11,11,vide,vide,vide,0.0000,vide
50,11,12,vide,vide,vide,0.0888,vide
50,11,13,vide,vide,vide,0.0422,vide
50,11,14,vide,vide,vide,0.0927,vide
50,11,15,vide,vide,vide,0.0514,vide
50,11,16,vide,vide,vide,0.0450,vide
50,11,17,vide,vide,vide,0.1324,vide
50,11,18,vide,vide,vide,0.2069,X
50,11,19,vide,vide,vide,0.0000,vide
50,11,20,vide,vide,vide,0.0000,vide
50,11,21,vide,vide,vide,0.0000,vide
50,11,22,vide,vide,vide,0.0000,vide
50,11,23,vide,vide,vide,0.0000,vide
50,11,24,vide,vide,vide,0.0000,vide
50,11,25,vide,vide,vide,0.0000,vide
50,11,26,vide,vide,vide,0.0000,vide
50,11,27,vide,vide,vide,0.0000,vide
50,11,28,vide,vide,vide,0.0000,vide
50,11,29,vide,vide,vide,0.0000,vide
50,11,30,vide,vide,vide,0.0000,vide
50,12,1,vide,vide,vide,0.1472,X
50,12,2,vide,vide,vide,0.1909,X
50,12,3,vide,X,vide,0.1458,X
50,12,4,vide,vide,vide,0.0795,vide
50,12,5,vide,vide,vide,0.1145,vide
50,12,6,vide,vide,vide,0.0664,vide
50,12,7,vide,vide,vide,0.0490,vide
50,12,8,vide,vide,vide,0.1074,vide
50,12,9,vide,vide,vide,0.0546,vide
50,12,10,vide,vide,vide,0.0487,vide
50,12,11,vide,vide,vide,0.1134,vide
50,12,12,vide,vide,vide,0.0840,vide
50,12,13,vide,vide,vide,0.0545,vide
50,12,14,vide,vide,?,0.0807,vide
50,12,15,vide,vide,vide,0.0541,vide
50,12,16,vide,vide,vide,0.1073,vide
50,12,17,vide,vide,vide,0.0853,vide
50,12,18,vide,vide,vide,0.1247,vide
50,12,19,vide,vide,vide,0.1545,X
50,12,20,vide,vide,vide,0.1539,X
50,12,21,vide,vide,vide,0.1369,X
50,12,22,vide,vide,vide,0.1525,X
50,12,23,vide,vide,vide,0.1795,X
50,12,24,vide,vide,vide,0.1151,vide
50,12,25,vide,vide,vide,0.0835,vide
50,12,26,vide,vide,vide,0.1337,vide
50,12,27,vide,vide,vide,0.1414,X
50,12,28,vide,vide,?,0.1225,vide
50,12,29,vide,vide,?,0.0950,vide
50,12,30,vide,vide,X,0.1292,vide
50,12,31,vide,vide,?,0.1076,vide
51,1,1,vide,vide,vide,0.0009,vide
51,1,2,vide,vide,vide,0.0016,vide
51,1,3,vide,vide,vide,0.0063,vide
51,1,4,vide,vide,vide,0.0073,vide
51,1,5,vide,vide,vide,0.0077,vide
51,1,6,vide,vide,vide,0.0081,vide
51,1,7,vide,vide,vide,0.0055,vide
51,1,8,vide,vide,vide,0.0039,vide
51,1,9,vide,vide,vide,0.0063,vide
51,1,10,vide,vide,vide,0.0075,vide
51,1,11,vide,vide,vide,0.0172,vide
51,1,12,vide,vide,vide,0.0087,vide
51,1,13,vide,vide,vide,0.0111,vide
51,1,14,vide,vide,vide,0.0064,vide
51,1,15,vide,vide,vide,0.0040,vide
51,1,16,vide,vide,vide,0.0047,vide
51,1,17,vide,vide,vide,0.0101,vide
51,1,18,vide,vide,vide,0.0110,vide
51,1,19,vide,vide,vide,0.0080,vide
51,1,20,vide,vide,vide,0.0083,vide
51,1,21,vide,vide,vide,0.0053,vide
51,1,22,vide,vide,vide,0.0037,vide
51,1,23,vide,vide,vide,0.0048,vide
51,1,24,vide,vide,vide,0.0065,vide
51,1,25,vide,vide,vide,0.0099,vide
51,1,26,vide,vide,vide,0.0072,vide
51,1,27,vide,vide,vide,0.0083,vide
51,1,28,vide,vide,vide,0.0104,vide
51,1,29,vide,vide,vide,0.0207,vide
51,1,30,vide,vide,vide,0.0000,vide
51,1,31,vide,vide,vide,0.0000,vide
51,2,1,vide,vide,vide,0.0035,vide
51,2,2,vide,vide,vide,0.0059,vide
51,2,3,vide,vide,vide,0.0108,vide
51,2,4,vide,vide,vide,0.0093,vide
51,2,5,vide,vide,vide,0.0090,vide
51,2,6,vide,vide,vide,0.0096,vide
51,2,7,vide,vide,vide,0.0164,vide
51,2,8,vide,vide,vide,0.0250,vide
51,2,9,vide,vide,vide,0.0212,vide
51,2,10,vide,vide,vide,0.0208,vide
51,2,11,vide,vide,vide,0.0154,vide
51,2,12,vide,vide,vide,0.0171,vide
51,2,13,vide,vide,vide,0.0082,vide
51,2,14,vide,vide,vide,0.0146,vide
51,2,15,vide,vide,vide,0.0218,vide
51,2,16,vide,vide,vide,0.0182,vide
51,2,17,vide,vide,vide,0.0193,vide
51,2,18,vide,vide,vide,0.0158,vide
51,2,19,vide,vide,vide,0.0152,vide
51,2,20,vide,vide,vide,0.0093,vide
51,2,21,vide,vide,vide,0.0136,vide
51,2,22,vide,vide,vide,0.0219,vide
51,2,23,vide,vide,vide,0.0201,vide
51,2,24,vide,vide,vide,0.0184,vide
51,2,25,vide,vide,vide,0.0094,vide
51,2,26,vide,vide,vide,0.0077,vide
51,2,27,vide,vide,vide,0.0093,vide
51,2,28,vide,vide,vide,0.0133,vide
51,3,1,vide,vide,vide,0.0084,vide
51,3,2,vide,vide,vide,0.0107,vide
51,3,3,vide,vide,vide,0.0074,vide
51,3,4,vide,vide,vide,0.0075,vide
51,3,5,vide,vide,vide,0.0041,vide
51,3,6,vide,vide,vide,0.0036,vide
51,3,7,vide,vide,vide,0.0074,vide
51,3,8,vide,vide,vide,0.0104,vide
51,3,9,vide,vide,vide,0.0056,vide
51,3,10,vide,vide,vide,0.0054,vide
51,3,11,vide,vide,vide,0.0004,vide
51,3,12,vide,vide,vide,0.0014,vide
51,3,13,vide,vide,vide,0.0014,vide
51,3,14,vide,vide,vide,0.0007,vide
51,3,15,vide,vide,vide,0.0000,vide
51,3,16,vide,vide,vide,0.0000,vide
51,3,17,vide,vide,vide,0.0049,vide
51,3,18,vide,vide,vide,0.0048,vide
51,3,19,vide,vide,vide,0.0044,vide
51,3,20,vide,vide,vide,0.0050,vide
51,3,21,vide,vide,vide,0.0100,vide
51,3,22,vide,vide,vide,0.0029,vide
51,3,23,vide,vide,vide,0.0082,vide
51,3,24,vide,vide,vide,0.0091,vide
51,3,25,vide,vide,vide,0.0091,vide
51,3,26,vide,vide,vide,0.0079,vide
51,3,27,vide,vide,vide,0.0078,vide
51,3,28,vide,vide,vide,0.0073,vide
51,3,29,vide,vide,vide,0.0090,vide
51,3,30,vide,vide,vide,0.0142,vide
51,3,31,vide,vide,vide,0.0000,vide
51,4,1,vide,vide,vide,0.0181,vide
51,4,2,vide,vide,vide,0.0131,vide
51,4,3,vide,vide,vide,0.0054,vide
51,4,4,vide,vide,vide,0.0090,vide
51,4,5,vide,vide,vide,0.0098,vide
51,4,6,vide,vide,vide,0.0061,vide
51,4,7,vide,vide,vide,0.0164,vide
51,4,8,vide,vide,vide,0.0170,vide
51,4,9,vide,vide,vide,0.0168,vide
51,4,10,vide,vide,vide,0.0292,vide
51,4,11,vide,vide,vide,0.0325,vide
51,4,12,vide,vide,vide,0.0303,vide
51,4,13,vide,vide,vide,0.0266,vide
51,4,14,vide,vide,vide,0.0263,vide
51,4,15,vide,vide,vide,0.0302,vide
51,4,16,vide,vide,vide,0.0445,vide
51,4,17,vide,vide,vide,0.0301,vide
51,4,18,vide,vide,vide,0.0441,vide
51,4,19,vide,vide,vide,0.0568,vide
51,4,20,vide,vide,vide,0.0682,vide
51,4,21,vide,vide,vide,0.0726,vide
51,4,22,vide,vide,vide,0.0679,vide
51,4,23,vide,vide,vide,0.0744,vide
51,4,24,vide,vide,vide,0.0806,vide
51,4,25,vide,vide,vide,0.0803,vide
51,4,26,vide,vide,vide,0.0694,vide
51,4,27,vide,vide,vide,0.0713,vide
51,4,28,vide,vide,vide,0.0822,vide
51,4,29,vide,vide,vide,0.0713,vide
51,4,30,vide,vide,vide,0.0689,vide
51,5,1,vide,vide,vide,0.0399,vide
51,5,2,vide,vide,vide,0.0396,vide
51,5,3,vide,vide,vide,0.0551,vide
51,5,4,vide,vide,vide,0.0491,vide
51,5,5,vide,vide,vide,0.0494,vide
51,5,6,vide,vide,vide,0.1237,vide
51,5,7,vide,vide,vide,0.0600,vide
51,5,8,vide,vide,?,0.0620,vide
51,5,9,vide,vide,vide,0.0607,vide
51,5,10,vide,vide,vide,0.0676,vide
51,5,11,vide,vide,vide,0.0615,vide
51,5,12,vide,vide,vide,0.0538,vide
51,5,13,vide,vide,vide,0.0622,vide
51,5,14,vide,vide,vide,0.0699,vide
51,5,15,vide,vide,vide,0.0945,vide
51,5,16,vide,vide,vide,0.0657,vide
51,5,17,vide,vide,vide,0.0682,vide
51,5,18,vide,vide,vide,0.0785,vide
51,5,19,vide,vide,vide,0.0614,vide
51,5,20,vide,vide,vide,0.0648,vide
51,5,21,vide,vide,vide,0.0654,vide
51,5,22,vide,vide,vide,0.0616,vide
51,5,23,vide,vide,vide,0.0565,vide
51,5,24,vide,vide,vide,0.0615,vide
51,5,25,vide,vide,vide,0.0689,vide
51,5,26,vide,vide,vide,0.0499,vide
51,5,27,vide,vide,vide,0.0493,vide
51,5,28,vide,vide,vide,0.0578,vide
51,5,29,vide,vide,vide,0.0422,vide
51,5,30,vide,vide,vide,0.0325,vide
51,5,31,vide,vide,vide,0.0343,vide
51,6,1,vide,vide,vide,0.0370,vide
51,6,2,vide,vide,vide,0.0300,vide
51,6,3,vide,vide,vide,0.0225,vide
51,6,4,vide,vide,vide,0.0214,vide
51,6,5,vide,vide,vide,0.0264,vide
51,6,6,vide,vide,vide,0.0248,vide
51,6,7,vide,vide,vide,0.0187,vide
51,6,8,vide,vide,vide,0.0225,vide
51,6,9,vide,vide,vide,0.0247,vide
51,6,10,vide,vide,vide,0.0107,vide
51,6,11,vide,vide,vide,0.0158,vide
51,6,12,vide,vide,vide,0.0204,vide
51,6,13,vide,vide,vide,0.0226,vide
51,6,14,vide,vide,vide,0.0201,vide
51,6,15,vide,vide,vide,0.0169,vide
51,6,16,vide,vide,vide,0.0201,vide
51,6,17,vide,vide,vide,0.0116,vide
51,6,18,vide,vide,vide,0.0149,vide
51,6,19,vide,vide,vide,0.0195,vide
51,6,20,vide,vide,vide,0.0197,vide
51,6,21,vide,vide,vide,0.0154,vide
51,6,22,vide,vide,vide,0.0215,vide
51,6,23,vide,vide,vide,0.0199,vide
51,6,24,vide,vide,vide,0.0089,vide
51,6,25,vide,vide,vide,0.0150,vide
51,6,26,vide,vide,vide,0.0210,vide
51,6,27,vide,vide,vide,0.0252,vide
51,6,28,vide,vide,vide,0.0250,vide
51,6,29,vide,vide,vide,0.0171,vide
51,6,30,vide,vide,vide,0.0399,vide
51,7,1,vide,vide,vide,0.0431,vide
51,7,2,vide,vide,vide,0.0361,vide
51,7,3,vide,vide,vide,0.0284,vide
51,7,4,vide,vide,vide,0.0185,vide
51,7,5,vide,vide,vide,0.0194,vide
51,7,6,vide,vide,vide,0.0174,vide
51,7,7,vide,vide,vide,0.0169,vide
51,7,8,vide,vide,vide,0.0191,vide
51,7,9,vide,vide,vide,0.0207,vide
51,7,10,vide,vide,vide,0.0129,vide
51,7,11,vide,vide,vide,0.0189,vide
51,7,12,vide,vide,vide,0.0126,vide
51,7,13,vide,vide,vide,0.0121,vide
51,7,14,vide,vide,vide,0.0122,vide
51,7,15,vide,vide,vide,0.0114,vide
51,7,16,vide,vide,vide,0.0186,vide
51,7,17,vide,vide,vide,0.0156,vide
51,7,18,vide,vide,vide,0.0131,vide
51,7,19,vide,vide,vide,0.0111,vide
51,7,20,vide,vide,vide,0.0126,vide
51,7,21,vide,vide,vide,0.2335,X
51,7,22,vide,vide,vide,0.2378,X
51,7,23,vide,vide,vide,0.0222,vide
51,7,24,vide,vide,vide,0.0190,vide
51,7,25,vide,vide,vide,0.0166,vide
51,7,26,vide,vide,vide,0.0133,vide
51,7,27,vide,vide,vide,0.0150,vide
51,7,28,vide,vide,vide,0.0167,vide
51,7,29,vide,vide,vide,0.0509,vide
51,7,30,vide,vide,vide,0.0670,vide
51,7,31,vide,vide,?,0.0537,vide
51,8,1,vide,vide,vide,0.0198,vide
51,8,2,vide,vide,vide,0.0326,vide
51,8,3,vide,vide,vide,0.0168,vide
51,8,4,vide,vide,vide,0.0156,vide
51,8,5,vide,vide,vide,0.0180,vide
51,8,6,vide,vide,vide,0.0205,vide
51,8,7,vide,vide,vide,0.0144,vide
51,8,8,vide,vide,vide,0.0127,vide
51,8,9,vide,vide,vide,0.0157,vide
51,8,10,vide,vide,vide,0.0176,vide
51,8,11,vide,vide,vide,0.0140,vide
51,8,12,vide,vide,vide,0.0159,vide
51,8,13,vide,vide,vide,0.0202,vide
51,8,14,vide,vide,vide,0.0205,vide
51,8,15,vide,vide,vide,0.0158,vide
51,8,16,vide,vide,vide,0.0151,vide
51,8,17,vide,vide,vide,0.0210,vide
51,8,18,vide,vide,vide,0.0100,vide
51,8,19,vide,vide,vide,0.0134,vide
51,8,20,vide,vide,vide,0.0189,vide
51,8,21,X,X,vide,0.0179,vide
51,8,22,X,X,vide,0.0130,vide
51,8,23,vide,vide,vide,0.0090,vide
51,8,24,vide,vide,vide,0.0125,vide
51,8,25,vide,vide,vide,0.0146,vide
51,8,26,vide,vide,vide,0.0204,vide
51,8,27,vide,vide,vide,0.0257,vide
51,8,28,vide,vide,vide,0.0441,vide
51,8,29,vide,vide,vide,0.0538,vide
51,8,30,vide,vide,vide,0.0108,vide
51,8,31,vide,vide,vide,0.0599,vide
51,9,1,vide,vide,vide,0.0299,vide
51,9,2,vide,vide,vide,0.0551,vide
51,9,3,vide,vide,vide,0.0223,vide
51,9,4,vide,vide,vide,0.0215,vide
51,9,5,vide,vide,vide,0.0223,vide
51,9,6,vide,vide,vide,0.0202,vide
51,9,7,vide,vide,vide,0.0276,vide
51,9,8,vide,vide,vide,0.0265,vide
51,9,9,vide,vide,vide,0.0222,vide
51,9,10,vide,vide,vide,0.0328,vide
51,9,11,vide,vide,vide,0.0246,vide
51,9,12,vide,vide,vide,0.0410,vide
51,9,13,vide,vide,vide,0.0185,vide
51,9,14,vide,vide,vide,0.0369,vide
51,9,15,vide,vide,vide,0.0266,vide
51,9,16,vide,vide,vide,0.0176,vide
51,9,17,vide,vide,vide,0.0256,vide
51,9,18,vide,vide,vide,0.0308,vide
51,9,19,vide,vide,vide,0.0222,vide
51,9,20,vide,vide,vide,0.0169,vide
51,9,21,vide,vide,vide,0.0168,vide
51,9,22,vide,vide,vide,0.0169,vide
51,9,23,vide,vide,vide,0.0104,vide
51,9,24,vide,vide,vide,0.0310,vide
51,9,25,vide,vide,vide,0.0178,vide
51,9,26,vide,vide,vide,0.0210,vide
51,9,27,vide,vide,vide,0.0185,vide
51,9,28,vide,vide,vide,0.0168,vide
51,9,29,vide,vide,vide,0.0410,vide
51,9,30,vide,vide,vide,0.0545,vide
51,10,1,vide,vide,vide,0.1427,X
51,10,2,vide,vide,vide,0.1196,vide
51,10,3,vide,vide,vide,0.0969,vide
51,10,4,vide,vide,vide,0.1343,vide
51,10,5,vide,vide,vide,0.1548,X
51,10,6,vide,vide,vide,0.1108,vide
51,10,7,vide,vide,vide,0.1211,vide
51,10,8,vide,vide,vide,0.1397,X
51,10,9,vide,vide,vide,0.1223,vide
51,10,10,vide,vide,vide,0.1141,vide
51,10,11,vide,vide,vide,0.1245,vide
51,10,12,vide,vide,vide,0.1167,vide
51,10,13,vide,vide,vide,0.0933,vide
51,10,14,vide,vide,vide,0.1132,vide
51,10,15,vide,vide,vide,0.1151,vide
51,10,16,vide,vide,vide,0.1032,vide
51,10,17,vide,vide,vide,0.1150,vide
51,10,18,vide,vide,vide,0.1246,vide
51,10,19,vide,vide,vide,0.1241,vide
51,10,20,vide,vide,vide,0.0717,vide
51,10,21,vide,vide,vide,0.1137,vide
51,10,22,vide,vide,vide,0.1608,X
51,10,23,vide,vide,vide,0.1661,X
51,10,24,vide,vide,vide,0.1409,X
51,10,25,vide,vide,vide,0.1619,X
51,10,26,vide,vide,vide,0.1515,X
51,10,27,vide,vide,vide,0.1027,vide
51,10,28,vide,vide,vide,0.1597,X
51,10,29,vide,vide,vide,0.1215,vide
51,10,30,vide,vide,vide,0.0883,vide
51,10,31,vide,vide,vide,0.0919,vide
51,11,1,vide,vide,vide,0.0000,vide
51,11,2,vide,vide,vide,0.0000,vide
51,11,3,vide,vide,vide,0.0000,vide
51,11,4,vide,vide,vide,0.0000,vide
51,11,5,vide,vide,vide,0.0000,vide
51,11,6,vide,vide,vide,0.0000,vide
51,11,7,vide,vide,vide,0.0000,vide
51,11,8,vide,vide,vide,0.0000,vide
51,11,9,vide,vide,vide,0.0000,vide
51,11,10,vide,vide,vide,0.0000,vide
51,11,11,vide,vide,vide,0.0000,vide
51,11,12,vide,vide,vide,0.0000,vide
51,11,13,vide,vide,vide,0.0000,vide
51,11,14,vide,vide,vide,0.0000,vide
51,11,15,vide,vide,vide,0.0000,vide
51,11,16,vide,vide,vide,0.0000,vide
51,11,17,vide,vide,vide,0.0008,vide
51,11,18,vide,vide,vide,0.0000,vide
51,11,19,vide,vide,vide,0.0000,vide
51,11,20,vide,vide,vide,0.0000,vide
51,11,21,vide,vide,vide,0.0000,vide
51,11,22,vide,vide,vide,0.0000,vide
51,11,23,vide,vide,vide,0.0043,vide
51,11,24,vide,vide,vide,0.0000,vide
51,11,25,vide,vide,vide,0.0000,vide
51,11,26,vide,vide,vide,0.0000,vide
51,11,27,vide,vide,vide,0.0000,vide
51,11,28,vide,vide,vide,0.0059,vide
51,11,29,vide,vide,vide,0.0487,vide
51,11,30,vide,vide,vide,0.0438,vide
51,12,1,vide,vide,vide,0.0321,vide
51,12,2,vide,vide,vide,0.0328,vide
51,12,3,vide,vide,vide,0.0261,vide
51,12,4,vide,vide,vide,0.0193,vide
51,12,5,vide,vide,vide,0.0210,vide
51,12,6,vide,vide,vide,0.0364,vide
51,12,7,vide,vide,vide,0.0386,vide
51,12,8,vide,vide,vide,0.0348,vide
51,12,9,vide,vide,vide,0.0445,vide
51,12,10,vide,vide,vide,0.0352,vide
51,12,11,vide,vide,vide,0.0364,vide
51,12,12,vide,vide,vide,0.0488,vide
51,12,13,vide,vide,vide,0.0483,vide
51,12,14,vide,vide,vide,0.1276,vide
51,12,15,X,X,vide,0.1708,X
51,12,16,vide,vide,vide,0.0410,vide
52,1,1,vide,vide,vide,0.0225,vide
52,1,2,vide,vide,vide,0.0256,vide
52,1,3,vide,vide,vide,0.0122,vide
52,1,4,vide,vide,vide,0.0101,vide
52,1,5,vide,vide,vide,0.0200,vide
52,1,6,vide,vide,vide,0.0075,vide
52,1,7,vide,vide,vide,0.0007,vide
52,1,8,vide,vide,vide,0.0080,vide
52,1,9,vide,vide,vide,0.0029,vide
52,1,10,vide,vide,vide,0.0066,vide
52,1,11,vide,vide,vide,0.0000,vide
52,1,12,vide,vide,vide,0.0000,vide
52,1,13,vide,vide,vide,0.0000,vide
52,1,14,vide,vide,vide,0.0000,vide
52,1,15,vide,vide,vide,0.0000,vide
52,1,16,vide,vide,vide,0.0000,vide
52,1,17,vide,vide,vide,0.0000,vide
52,1,18,vide,vide,vide,0.0000,vide
52,1,19,vide,vide,vide,0.0000,vide
52,1,20,vide,vide,vide,0.0000,vide
52,1,21,vide,vide,vide,0.0000,vide
52,1,22,vide,vide,vide,0.0000,vide
52,1,23,vide,vide,vide,0.0000,vide
52,1,24,vide,vide,vide,0.0000,vide
52,1,25,vide,vide,vide,0.0000,vide
52,1,26,vide,vide,vide,0.0016,vide
52,1,27,vide,vide,vide,0.0009,vide
52,1,28,vide,vide,vide,0.0000,vide
52,1,29,vide,vide,vide,0.0040,vide
52,1,30,vide,vide,vide,0.0072,vide
52,1,31,vide,vide,vide,0.0045,vide
52,2,1,vide,vide,vide,0.0120,vide
52,2,2,vide,vide,vide,0.0093,vide
52,2,3,vide,vide,vide,0.0139,vide
52,2,4,vide,vide,vide,0.0157,vide
52,2,5,vide,vide,vide,0.0153,vide
52,2,6,vide,vide,vide,0.0066,vide
52,2,7,vide,vide,vide,0.0067,vide
52,2,8,vide,vide,vide,0.0047,vide
52,2,9,vide,vide,vide,0.0048,vide
52,2,10,vide,vide,vide,0.0021,vide
52,2,11,vide,vide,vide,0.0020,vide
52,2,12,vide,vide,vide,0.0025,vide
52,2,13,vide,vide,vide,0.0027,vide
52,2,14,vide,vide,vide,0.0063,vide
52,2,15,vide,vide,vide,0.0015,vide
52,2,16,vide,vide,vide,0.0043,vide
52,2,17,vide,vide,vide,0.0012,vide
52,2,18,vide,vide,vide,0.0028,vide
52,2,19,vide,vide,vide,0.0070,vide
52,2,20,vide,vide,vide,0.0009,vide
52,2,21,vide,vide,vide,0.0051,vide
52,2,22,vide,vide,vide,0.0038,vide
52,2,23,vide,vide,vide,0.0018,vide
52,2,24,vide,vide,vide,0.0012,vide
52,2,25,vide,vide,vide,0.0019,vide
52,2,26,vide,vide,vide,0.0015,vide
52,2,27,vide,vide,vide,0.0053,vide
52,2,28,vide,vide,vide,0.0071,vide
52,3,1,vide,vide,vide,0.0082,vide
52,3,2,vide,vide,vide,0.0064,vide
52,3,3,vide,vide,vide,0.0039,vide
52,3,4,vide,vide,vide,0.0010,vide
52,3,5,vide,vide,vide,0.0007,vide
52,3,6,vide,vide,vide,0.0019,vide
52,3,7,vide,vide,vide,0.0018,vide
52,3,8,vide,vide,vide,0.0045,vide
52,3,9,vide,vide,vide,0.0034,vide
52,3,10,vide,vide,vide,0.0027,vide
52,3,11,vide,vide,vide,0.0017,vide
52,3,12,vide,vide,vide,0.0007,vide
52,3,13,vide,vide,vide,0.0021,vide
52,3,14,vide,vide,vide,0.0017,vide
52,3,15,vide,vide,vide,0.0050,vide
52,3,16,vide,vide,vide,0.0050,vide
52,3,17,vide,vide,vide,0.0017,vide
52,3,18,vide,vide,vide,0.0008,vide
52,3,19,vide,vide,vide,0.0016,vide
52,3,20,vide,vide,vide,0.0016,vide
52,3,21,vide,vide,vide,0.0027,vide
52,3,22,vide,vide,vide,0.0039,vide
52,3,23,vide,vide,vide,0.0011,vide
52,3,24,vide,vide,vide,0.0000,vide
52,3,25,vide,vide,vide,0.0011,vide
52,3,26,vide,vide,vide,0.0000,vide
52,3,27,vide,vide,vide,0.0000,vide
52,3,28,vide,vide,vide,0.0000,vide
52,3,29,vide,vide,vide,0.0004,vide
52,3,30,vide,vide,vide,0.0000,vide
52,3,31,vide,vide,vide,0.0000,vide
52,4,1,vide,vide,vide,0.0020,vide
52,4,2,vide,vide,vide,0.0005,vide
52,4,3,vide,vide,vide,0.0066,vide
52,4,4,vide,vide,vide,0.0071,vide
52,4,5,vide,vide,vide,0.0126,vide
52,4,6,vide,vide,vide,0.0137,vide
52,4,7,vide,vide,vide,0.0172,vide
52,4,8,vide,vide,vide,0.0027,vide
52,4,9,vide,vide,vide,0.0002,vide
52,4,10,vide,vide,vide,0.0018,vide
52,4,11,vide,vide,vide,0.0046,vide
52,4,12,vide,vide,vide,0.0026,vide
52,4,13,vide,vide,vide,0.0052,vide
52,4,14,vide,vide,vide,0.0033,vide
52,4,15,vide,vide,vide,0.0022,vide
52,4,16,vide,vide,vide,0.0030,vide
52,4,17,vide,vide,vide,0.0002,vide
52,4,18,vide,vide,vide,0.0080,vide
52,4,19,vide,vide,vide,0.0054,vide
52,4,20,vide,vide,vide,0.0068,vide
52,4,21,vide,vide,vide,0.0051,vide
52,4,22,vide,vide,vide,0.0023,vide
52,4,23,vide,vide,vide,0.0025,vide
52,4,24,vide,vide,vide,0.0036,vide
52,4,25,vide,vide,vide,0.0081,vide
52,4,26,vide,vide,vide,0.0034,vide
52,4,27,vide,vide,vide,0.0066,vide
52,4,28,vide,vide,vide,0.0030,vide
52,4,29,vide,vide,vide,0.0035,vide
52,4,30,vide,vide,vide,0.0086,vide
52,5,1,vide,vide,vide,0.0056,vide
52,5,2,vide,vide,vide,0.0082,vide
52,5,3,vide,vide,vide,0.0060,vide
52,5,4,vide,vide,vide,0.0045,vide
52,5,5,vide,vide,vide,0.0024,vide
52,5,6,vide,vide,vide,0.0034,vide
52,5,7,vide,vide,vide,0.0007,vide
52,5,8,vide,vide,vide,0.0054,vide
52,5,9,vide,vide,vide,0.0048,vide
52,5,10,vide,vide,vide,0.0062,vide
52,5,11,vide,vide,vide,0.0059,vide
52,5,12,vide,vide,vide,0.0055,vide
52,5,13,vide,vide,vide,0.0036,vide
52,5,14,vide,vide,vide,0.0029,vide
52,5,15,vide,vide,vide,0.0038,vide
52,5,16,vide,vide,vide,0.0063,vide
52,5,17,vide,vide,vide,0.0066,vide
52,5,18,vide,vide,vide,0.0095,vide
52,5,19,vide,vide,vide,0.0011,vide
52,5,20,vide,vide,vide,0.0047,vide
52,5,21,vide,vide,vide,0.0052,vide
52,5,22,vide,vide,vide,0.0064,vide
52,5,23,vide,vide,vide,0.0101,vide
52,5,24,vide,vide,vide,0.0039,vide
52,5,25,vide,vide,vide,0.0109,vide
52,5,26,vide,vide,vide,0.0229,vide
52,5,27,vide,vide,vide,0.0472,vide
52,5,28,vide,vide,vide,0.0343,vide
52,5,29,vide,vide,vide,0.0327,vide
52,5,30,vide,vide,vide,0.0292,vide
52,5,31,vide,vide,vide,0.0530,vide
52,6,1,vide,vide,vide,0.0573,vide
52,6,2,vide,vide,vide,0.0607,vide
52,6,3,vide,vide,vide,0.0091,vide
52,6,4,vide,vide,vide,0.0148,vide
52,6,5,vide,vide,vide,0.0021,vide
52,6,6,vide,vide,vide,0.0086,vide
52,6,7,vide,vide,vide,0.0052,vide
52,6,8,vide,vide,vide,0.0006,vide
52,6,9,vide,vide,vide,0.0015,vide
52,6,10,vide,vide,vide,0.0024,vide
52,6,11,vide,vide,vide,0.0016,vide
52,6,12,vide,vide,vide,0.0035,vide
52,6,13,vide,vide,vide,0.0046,vide
52,6,14,vide,vide,vide,0.0056,vide
52,6,15,vide,vide,vide,0.0086,vide
52,6,16,vide,vide,vide,0.0046,vide
52,6,17,vide,vide,vide,0.0028,vide
52,6,18,vide,vide,vide,0.0012,vide
52,6,19,vide,vide,vide,0.0014,vide
52,6,20,vide,vide,vide,0.0063,vide
52,6,21,vide,vide,vide,0.0023,vide
52,6,22,vide,vide,vide,0.0083,vide
52,6,23,vide,vide,vide,0.0044,vide
52,6,24,vide,vide,vide,0.0018,vide
53,1,1,vide,vide,vide,0.0036,vide
53,1,2,vide,vide,vide,0.0072,vide
53,1,3,vide,vide,vide,0.0060,vide
53,1,4,vide,vide,vide,0.0089,vide
53,1,5,vide,vide,vide,0.0051,vide
53,1,6,vide,vide,vide,0.0014,vide
53,1,7,vide,vide,vide,0.0019,vide
53,1,8,vide,vide,vide,0.0018,vide
53,1,9,vide,vide,vide,0.0050,vide
53,1,10,vide,vide,vide,0.0038,vide
53,1,11,vide,vide,vide,0.0060,vide
53,1,12,vide,vide,vide,0.0042,vide
53,1,13,vide,vide,vide,0.0018,vide
53,1,14,vide,vide,vide,0.0004,vide
53,1,15,vide,vide,vide,0.0011,vide
53,1,16,vide,vide,vide,0.0032,vide
53,1,17,vide,vide,vide,0.0000,vide
53,1,18,vide,vide,vide,0.0062,vide
53,1,19,vide,vide,vide,0.0054,vide
53,1,20,vide,vide,vide,0.0016,vide
53,1,21,vide,vide,vide,0.0020,vide
53,1,22,vide,vide,vide,0.0037,vide
53,1,23,vide,vide,vide,0.0030,vide
53,1,24,vide,vide,vide,0.0054,vide
53,1,25,vide,vide,vide,0.0058,vide
53,1,26,vide,vide,vide,0.0055,vide
53,1,27,vide,vide,vide,0.0021,vide
53,1,28,vide,vide,vide,0.0010,vide
53,1,29,vide,vide,vide,0.0022,vide
53,1,30,vide,vide,vide,0.0070,vide
53,1,31,vide,vide,vide,0.0076,vide
53,2,1,vide,vide,vide,0.0066,vide
53,2,2,vide,vide,vide,0.0072,vide
53,2,3,vide,vide,vide,0.0036,vide
53,2,4,vide,vide,vide,0.0051,vide
53,2,5,vide,vide,vide,0.0026,vide
53,2,6,vide,vide,vide,0.0089,vide
53,2,7,vide,vide,vide,0.0073,vide
53,2,8,vide,vide,vide,0.0105,vide
53,2,9,vide,vide,vide,0.0138,vide
53,2,10,vide,vide,vide,0.0069,vide
53,2,11,vide,vide,vide,0.0099,vide
53,2,12,vide,vide,vide,0.0040,vide
53,2,13,vide,vide,vide,0.0101,vide
53,2,14,vide,vide,vide,0.0085,vide
53,2,15,vide,vide,vide,0.0093,vide
53,2,16,vide,vide,vide,0.0127,vide
53,2,17,vide,vide,vide,0.0061,vide
53,2,18,vide,vide,vide,0.0046,vide
53,2,19,vide,vide,vide,0.0020,vide
53,2,20,vide,vide,vide,0.0064,vide
53,2,21,vide,vide,vide,0.0115,vide
53,2,22,vide,vide,vide,0.0098,vide
53,2,23,vide,vide,vide,0.0101,vide
53,2,24,vide,vide,vide,0.0059,vide
53,2,25,vide,vide,vide,0.0050,vide
53,2,26,vide,vide,vide,0.0017,vide
53,2,27,vide,vide,vide,0.0108,vide
53,2,28,vide,vide,vide,0.0098,vide
53,3,1,vide,vide,vide,0.0057,vide
53,3,2,vide,vide,vide,0.0055,vide
53,3,3,vide,vide,vide,0.0017,vide
53,3,4,vide,vide,vide,0.0023,vide
53,3,5,vide,vide,vide,0.0029,vide
53,3,6,vide,vide,vide,0.0023,vide
53,3,7,vide,vide,vide,0.0037,vide
53,3,8,vide,vide,vide,0.0060,vide
53,3,9,vide,vide,vide,0.0053,vide
53,3,10,vide,vide,vide,0.0012,vide
53,3,11,vide,vide,vide,0.0014,vide
53,3,12,vide,vide,vide,0.0009,vide
53,3,13,vide,vide,vide,0.0066,vide
53,3,14,vide,vide,vide,0.0073,vide
53,3,15,vide,vide,vide,0.0136,vide
53,3,16,vide,vide,vide,0.0092,vide
53,3,17,vide,vide,vide,0.0064,vide
53,3,18,vide,vide,vide,0.0072,vide
53,3,19,vide,vide,vide,0.0032,vide
53,3,20,vide,vide,vide,0.0061,vide
53,3,21,vide,vide,vide,0.0048,vide
53,3,22,vide,vide,vide,0.0125,vide
53,3,23,vide,vide,vide,0.0074,vide
53,3,24,vide,vide,vide,0.0022,vide
53,3,25,vide,vide,vide,0.0073,vide
53,3,26,vide,vide,vide,0.0035,vide
53,3,27,vide,vide,vide,0.0051,vide
53,3,28,vide,vide,vide,0.0068,vide
53,3,29,vide,vide,vide,0.0104,vide
53,3,30,vide,vide,vide,0.0084,vide
53,3,31,vide,vide,vide,0.0028,vide
53,4,1,vide,vide,vide,0.0052,vide
53,4,2,vide,vide,vide,0.0031,vide
53,4,3,vide,vide,vide,0.0029,vide
53,4,4,vide,vide,vide,0.0082,vide
53,4,5,vide,vide,vide,0.0099,vide
53,4,6,vide,vide,vide,0.0099,vide
53,4,7,vide,vide,vide,0.0046,vide
53,4,8,vide,vide,vide,0.0049,vide
53,4,9,vide,vide,vide,0.0086,vide
53,4,10,vide,vide,vide,0.0118,vide
53,4,11,vide,vide,vide,0.0148,vide
53,4,12,vide,vide,vide,0.0206,vide
53,4,13,vide,vide,vide,0.0355,vide
53,4,14,vide,vide,vide,0.0192,vide
53,4,15,vide,vide,vide,0.0414,vide
53,4,16,vide,vide,vide,0.0274,vide
53,4,17,vide,vide,vide,0.0352,vide
53,4,18,vide,vide,vide,0.0474,vide
53,4,19,vide,vide,vide,0.0287,vide
53,4,20,vide,vide,vide,0.0312,vide
53,4,21,vide,vide,vide,0.0193,vide
53,4,22,vide,vide,vide,0.0289,vide
53,4,23,vide,vide,vide,0.0328,vide
53,4,24,vide,vide,vide,0.0367,vide
53,4,25,vide,vide,vide,0.0238,vide
53,4,26,vide,vide,vide,0.0115,vide
53,4,27,vide,vide,vide,0.0136,vide
53,4,28,vide,vide,vide,0.0055,vide
53,4,29,vide,vide,vide,0.0128,vide
53,4,30,vide,vide,vide,0.0048,vide
53,5,1,vide,vide,vide,0.0485,vide
53,5,2,vide,vide,vide,0.0376,vide
53,5,3,vide,vide,vide,0.0601,vide
53,5,4,vide,vide,vide,0.0518,vide
53,5,5,vide,vide,vide,0.0526,vide
53,5,6,vide,vide,vide,0.0444,vide
53,5,7,vide,vide,vide,0.0395,vide
53,5,8,vide,vide,vide,0.0314,vide
53,5,9,vide,vide,vide,0.0352,vide
53,5,10,vide,vide,vide,0.0309,vide
53,5,11,vide,vide,vide,0.0417,vide
53,5,12,vide,vide,vide,0.0549,vide
53,5,13,vide,vide,vide,0.0602,vide
53,5,14,vide,vide,vide,0.0318,vide
53,5,15,vide,vide,vide,0.0336,vide
53,5,16,vide,vide,vide,0.0284,vide
53,5,17,vide,vide,vide,0.0503,vide
53,5,18,vide,vide,vide,0.0425,vide
53,5,19,vide,vide,vide,0.0431,vide
53,5,20,vide,vide,vide,0.0434,vide
53,5,21,vide,vide,vide,0.0394,vide
53,5,22,vide,vide,vide,0.0433,vide
53,5,23,vide,vide,vide,0.0416,vide
53,5,24,vide,vide,vide,0.0442,vide
53,5,25,vide,vide,vide,0.0436,vide
53,5,26,vide,vide,vide,0.0521,vide
53,5,27,vide,vide,vide,0.0376,vide
53,5,28,vide,vide,vide,0.0337,vide
53,5,29,vide,vide,vide,0.0253,vide
53,5,30,vide,vide,vide,0.0248,vide
53,5,31,vide,vide,?,0.0109,vide
53,6,1,vide,vide,vide,0.0140,vide
53,6,2,vide,vide,vide,0.0028,vide
53,6,3,vide,vide,vide,0.0067,vide
53,6,4,vide,vide,vide,0.0129,vide
53,6,5,vide,vide,vide,0.0124,vide
53,6,6,vide,vide,vide,0.0023,vide
53,6,7,vide,vide,vide,0.0056,vide
53,6,8,vide,vide,vide,0.0108,vide
53,6,9,vide,vide,vide,0.0040,vide
53,6,10,vide,vide,vide,0.0043,vide
53,6,11,vide,vide,vide,0.0120,vide
53,6,12,vide,vide,vide,0.0121,vide
53,6,13,vide,vide,vide,0.0061,vide
53,6,14,vide,vide,vide,0.0057,vide
53,6,15,vide,vide,vide,0.0074,vide
53,6,16,vide,vide,vide,0.0018,vide
53,6,17,vide,vide,vide,0.0071,vide
53,6,18,vide,vide,vide,0.0123,vide
54,1,1,vide,vide,vide,0.0000,vide
54,1,2,vide,vide,vide,0.0001,vide
54,1,3,vide,vide,vide,0.0000,vide
54,1,4,vide,vide,vide,0.0022,vide
54,1,5,vide,vide,vide,0.0017,vide
54,1,6,vide,vide,vide,0.0001,vide
54,1,7,vide,vide,vide,0.0000,vide
54,1,8,vide,vide,vide,0.0007,vide
54,1,9,vide,vide,vide,0.0013,vide
54,1,10,vide,vide,vide,0.0012,vide
54,1,11,vide,vide,vide,0.0022,vide
54,1,12,vide,vide,vide,0.0027,vide
54,1,13,vide,vide,vide,0.0001,vide
54,1,14,vide,vide,vide,0.0009,vide
54,1,15,vide,vide,vide,0.0011,vide
54,1,16,vide,vide,vide,0.0017,vide
54,1,17,vide,vide,vide,0.0010,vide
54,1,18,vide,vide,vide,0.0026,vide
54,1,19,vide,vide,vide,0.0025,vide
54,1,20,vide,vide,vide,0.0001,vide
54,1,21,vide,vide,vide,0.0008,vide
54,1,22,vide,vide,vide,0.0000,vide
54,1,23,vide,vide,vide,0.0006,vide
54,1,24,vide,vide,vide,0.0002,vide
54,1,25,vide,vide,vide,0.0015,vide
54,1,26,vide,vide,vide,0.0000,vide
54,1,27,vide,vide,vide,0.0000,vide
54,1,28,vide,vide,vide,0.0000,vide
54,1,29,vide,vide,vide,0.0002,vide
54,1,30,vide,vide,vide,0.0000,vide
54,1,31,vide,vide,vide,0.0000,vide
54,2,1,vide,vide,vide,0.0122,vide
54,2,2,vide,vide,vide,0.0117,vide
54,2,3,vide,vide,vide,0.0058,vide
54,2,4,vide,vide,vide,0.0012,vide
54,2,5,vide,vide,vide,0.0007,vide
54,2,6,vide,vide,vide,0.0009,vide
54,2,7,vide,vide,vide,0.0004,vide
54,2,8,vide,vide,vide,0.0008,vide
54,2,9,vide,vide,vide,0.0048,vide
54,2,10,vide,vide,vide,0.0023,vide
54,2,11,vide,vide,vide,0.0021,vide
54,2,12,vide,vide,vide,0.0003,vide
54,2,13,vide,vide,vide,0.0036,vide
54,2,14,vide,vide,vide,0.0007,vide
54,2,15,vide,vide,vide,0.0025,vide
54,2,16,vide,vide,vide,0.0040,vide
54,2,17,vide,vide,vide,0.0011,vide
54,2,18,vide,vide,vide,0.0028,vide
54,2,19,vide,vide,vide,0.0033,vide
54,2,20,vide,vide,vide,0.0030,vide
54,2,21,vide,vide,vide,0.0013,vide
54,2,22,vide,vide,vide,0.0023,vide
54,2,23,vide,vide,vide,0.0018,vide
54,2,24,vide,vide,vide,0.0007,vide
54,2,25,vide,vide,vide,0.0008,vide
54,2,26,vide,vide,vide,0.0003,vide
54,2,27,vide,vide,vide,0.0010,vide
54,2,28,vide,vide,vide,0.0004,vide
54,3,1,vide,vide,vide,0.0000,vide
54,3,2,vide,vide,vide,0.0000,vide
54,3,3,vide,vide,vide,0.0004,vide
54,3,4,vide,vide,vide,0.0000,vide
54,3,5,vide,vide,vide,0.0005,vide
54,3,6,vide,vide,vide,0.0008,vide
54,3,7,vide,vide,vide,0.0006,vide
54,3,8,vide,vide,vide,0.0030,vide
54,3,9,vide,vide,vide,0.0012,vide
54,3,10,vide,vide,vide,0.0004,vide
54,3,11,vide,vide,vide,0.0011,vide
54,3,12,vide,vide,vide,0.0008,vide
54,3,13,vide,vide,vide,0.0005,vide
54,3,14,vide,vide,vide,0.0002,vide
54,3,15,vide,vide,vide,0.0016,vide
54,3,16,vide,vide,vide,0.0010,vide
54,3,17,vide,vide,vide,0.0004,vide
54,3,18,vide,vide,vide,0.0010,vide
54,3,19,vide,vide,vide,0.0005,vide
54,3,20,vide,vide,vide,0.0018,vide
54,3,21,vide,vide,vide,0.0005,vide
54,3,22,vide,vide,vide,0.0023,vide
54,3,23,vide,vide,vide,0.0011,vide
54,3,24,vide,vide,vide,0.0000,vide
54,3,25,vide,vide,vide,0.0000,vide
54,3,26,vide,vide,vide,0.0000,vide
54,3,27,vide,vide,vide,0.0001,vide
54,3,28,vide,vide,vide,0.0008,vide
54,3,29,vide,vide,vide,0.0010,vide
54,3,30,vide,vide,vide,0.0000,vide
54,3,31,vide,vide,vide,0.0000,vide
54,4,1,vide,vide,vide,0.0050,vide
54,4,2,vide,vide,vide,0.0000,vide
54,4,3,vide,vide,vide,0.0023,vide
54,4,4,vide,vide,vide,0.0026,vide
54,4,5,vide,vide,vide,0.0042,vide
54,4,6,vide,vide,vide,0.0040,vide
54,4,7,vide,vide,vide,0.0010,vide
54,4,8,vide,vide,vide,0.0009,vide
54,4,9,vide,vide,vide,0.0008,vide
54,4,10,vide,vide,vide,0.0020,vide
54,4,11,vide,vide,vide,0.0009,vide
54,4,12,vide,vide,vide,0.0020,vide
54,4,13,vide,vide,vide,0.0045,vide
54,4,14,vide,vide,vide,0.0023,vide
54,4,15,vide,vide,vide,0.0025,vide
54,4,16,vide,vide,vide,0.0003,vide
54,4,17,vide,vide,vide,0.0045,vide
54,4,18,vide,vide,vide,0.0010,vide
54,4,19,vide,vide,vide,0.0020,vide
54,4,20,vide,vide,vide,0.0040,vide
54,4,21,vide,vide,vide,0.0011,vide
54,4,22,vide,vide,vide,0.0005,vide
54,4,23,vide,vide,vide,0.0033,vide
54,4,24,vide,vide,vide,0.0010,vide
54,4,25,vide,vide,vide,0.0007,vide
54,4,26,vide,vide,vide,0.0026,vide
54,4,27,vide,vide,vide,0.0043,vide
54,4,28,vide,vide,vide,0.0004,vide
54,4,29,vide,vide,vide,0.0009,vide
54,4,30,vide,vide,vide,0.0000,vide
54,5,1,vide,vide,vide,0.0099,vide
54,5,2,vide,vide,vide,0.0066,vide
54,5,3,vide,vide,vide,0.0050,vide
54,5,4,vide,vide,vide,0.0022,vide
54,5,5,vide,vide,vide,0.0010,vide
54,5,6,vide,vide,vide,0.0020,vide
54,5,7,vide,vide,vide,0.0012,vide
54,5,8,vide,vide,vide,0.0026,vide
54,5,9,vide,vide,vide,0.0013,vide
54,5,10,vide,vide,vide,0.0020,vide
54,5,11,vide,vide,vide,0.0035,vide
54,5,12,vide,vide,vide,0.0032,vide
54,5,13,vide,vide,vide,0.0026,vide
54,5,14,vide,vide,vide,0.0005,vide
54,5,15,vide,vide,vide,0.0037,vide
54,5,16,vide,vide,vide,0.0010,vide
54,5,17,vide,vide,vide,0.0023,vide
54,5,18,vide,vide,vide,0.0040,vide
54,5,19,vide,vide,vide,0.0011,vide
54,5,20,vide,vide,vide,0.0008,vide
54,5,21,vide,vide,vide,0.0007,vide
54,5,22,vide,vide,vide,0.0024,vide
54,5,23,vide,vide,vide,0.0006,vide
54,5,24,vide,vide,vide,0.0015,vide
54,5,25,vide,vide,vide,0.0025,vide
54,5,26,vide,vide,vide,0.0007,vide
54,5,27,vide,vide,vide,0.0008,vide
54,5,28,vide,vide,vide,0.0019,vide
54,5,29,vide,vide,vide,0.0049,vide
54,5,30,vide,vide,vide,0.0014,vide
54,5,31,vide,vide,vide,0.0023,vide
54,6,1,vide,vide,vide,0.0122,vide
54,6,2,vide,vide,vide,0.0057,vide
54,6,3,vide,vide,vide,0.0018,vide
54,6,4,vide,vide,vide,0.0014,vide
54,6,5,vide,vide,vide,0.0017,vide
54,6,6,vide,vide,vide,0.0009,vide
54,6,7,vide,vide,vide,0.0014,vide
54,6,8,vide,vide,vide,0.0013,vide
54,6,9,vide,vide,vide,0.0010,vide
54,6,10,vide,vide,vide,0.0008,vide
54,6,11,vide,vide,vide,0.0019,vide
54,6,12,vide,vide,vide,0.0011,vide
54,6,13,vide,vide,vide,0.0009,vide
54,6,14,vide,vide,vide,0.0021,vide
54,6,15,vide,vide,vide,0.0023,vide
54,6,16,vide,vide,vide,0.0012,vide
54,6,17,vide,vide,vide,0.0010,vide
54,6,18,vide,vide,vide,0.0023,vide
54,6,19,vide,vide,vide,0.0009,vide
54,6,20,vide,vide,vide,0.0006,vide
54,6,21,vide,vide,vide,0.0011,vide
54,6,22,vide,vide,vide,0.0005,vide
54,6,23,vide,vide,vide,0.0001,vide
54,6,24,vide,vide,vide,0.0008,vide
54,6,25,vide,vide,vide,0.0012,vide
54,6,26,vide,vide,vide,0.0006,vide
54,6,27,vide,vide,vide,0.0013,vide
54,6,28,vide,vide,vide,0.0017,vide
54,6,29,vide,vide,vide,0.0027,vide
54,6,30,vide,vide,vide,0.0011,vide
54,7,1,vide,vide,vide,0.0063,vide
54,7,2,vide,vide,vide,0.0042,vide
54,7,3,vide,vide,vide,0.0012,vide
54,7,4,vide,vide,vide,0.0024,vide
54,7,5,vide,vide,vide,0.0012,vide
54,7,6,vide,vide,vide,0.0009,vide
54,7,7,vide,vide,vide,0.0013,vide
54,7,8,vide,vide,vide,0.0024,vide
54,7,9,vide,vide,vide,0.0003,vide
54,7,10,vide,vide,vide,0.0008,vide
54,7,11,vide,vide,vide,0.0011,vide
54,7,12,vide,vide,vide,0.0011,vide
54,7,13,vide,vide,vide,0.0048,vide
54,7,14,vide,vide,vide,0.0013,vide
54,7,15,vide,vide,vide,0.0011,vide
54,7,16,vide,vide,vide,0.0008,vide
54,7,17,vide,vide,vide,0.0015,vide
54,7,18,vide,vide,vide,0.0001,vide
54,7,19,vide,vide,vide,0.0023,vide
54,7,20,vide,vide,vide,0.0009,vide
54,7,21,vide,vide,vide,0.0011,vide
54,7,22,vide,vide,vide,0.0009,vide
54,7,23,vide,vide,vide,0.0037,vide
54,7,24,vide,vide,vide,0.0012,vide
54,7,25,vide,vide,vide,0.0006,vide
54,7,26,vide,vide,vide,0.0018,vide
54,7,27,vide,vide,vide,0.0030,vide
54,7,28,vide,vide,vide,0.0007,vide
54,7,29,vide,vide,vide,0.0034,vide
54,7,30,vide,vide,vide,0.0052,vide
54,7,31,vide,vide,vide,0.0050,vide
54,8,1,vide,vide,vide,0.0216,vide
54,8,2,vide,vide,vide,0.0102,vide
54,8,3,vide,vide,vide,0.0020,vide
54,8,4,vide,vide,vide,0.0018,vide
54,8,5,vide,vide,vide,0.0013,vide
54,8,6,vide,vide,vide,0.0014,vide
54,8,7,vide,vide,vide,0.0029,vide
54,8,8,vide,vide,vide,0.0011,vide
54,8,9,vide,vide,vide,0.0012,vide
54,8,10,vide,vide,vide,0.0022,vide
54,8,11,vide,vide,vide,0.0006,vide
54,8,12,vide,vide,vide,0.0020,vide
54,8,13,vide,vide,vide,0.0014,vide
54,8,14,vide,vide,vide,0.0028,vide
54,8,15,vide,vide,vide,0.0013,vide
54,8,16,vide,vide,vide,0.0021,vide
54,8,17,vide,vide,vide,0.0053,vide
54,8,18,vide,vide,vide,0.0008,vide
54,8,19,vide,vide,vide,0.0008,vide
54,8,20,X,X,vide,0.0434,vide
56,1,1,vide,vide,vide,0.0000,vide
56,1,2,vide,vide,vide,0.0000,vide
56,1,3,vide,vide,vide,0.0000,vide
56,1,4,vide,vide,vide,0.0000,vide
56,1,5,vide,vide,vide,0.0000,vide
56,1,6,vide,vide,?,0.0000,vide
56,1,7,vide,vide,vide,0.0000,vide
56,1,8,vide,vide,?,0.0000,vide
56,1,9,vide,vide,vide,0.0000,vide
56,1,10,vide,vide,vide,0.0000,vide
56,1,11,vide,vide,vide,0.0000,vide
56,1,12,vide,vide,vide,0.0000,vide
56,1,13,vide,vide,vide,0.0000,vide
56,1,14,vide,vide,?,0.0000,vide
56,1,15,vide,vide,?,0.0000,vide
56,1,16,vide,vide,vide,0.0000,vide
56,1,17,vide,vide,vide,0.0000,vide
56,1,18,vide,vide,?,0.0000,vide
56,1,19,vide,vide,vide,0.0000,vide
56,1,20,vide,vide,?,0.0000,vide
56,1,21,vide,vide,vide,0.0000,vide
56,1,22,vide,vide,?,0.0000,vide
56,1,23,vide,vide,?,0.0000,vide
56,1,24,vide,vide,?,0.0000,vide
56,1,25,vide,vide,?,0.0000,vide
56,1,26,vide,vide,?,0.0000,vide
56,1,27,vide,vide,?,0.0000,vide
56,1,28,vide,vide,?,0.0000,vide
56,1,29,vide,vide,vide,0.0000,vide
56,1,30,vide,vide,vide,0.0000,vide
56,1,31,vide,vide,vide,0.0000,vide
56,2,1,vide,vide,vide,0.0000,vide
56,2,2,vide,vide,vide,0.0000,vide
56,2,3,vide,vide,vide,0.0000,vide
56,2,4,vide,vide,vide,0.0000,vide
56,2,5,vide,vide,vide,0.0000,vide
56,2,6,vide,vide,vide,0.0000,vide
56,2,7,vide,vide,vide,0.0000,vide
56,2,8,vide,vide,vide,0.0000,vide
56,2,9,vide,vide,vide,0.0000,vide
56,2,10,vide,vide,vide,0.0000,vide
56,2,11,vide,vide,vide,0.0000,vide
56,2,12,vide,vide,vide,0.0000,vide
56,2,13,vide,vide,vide,0.0000,vide
56,2,14,vide,vide,vide,0.0000,vide
56,2,15,vide,vide,vide,0.0000,vide
56,2,16,vide,vide,vide,0.0000,vide
56,2,17,vide,vide,vide,0.0000,vide
56,2,18,vide,vide,vide,0.0000,vide
56,2,19,vide,vide,vide,0.0000,vide
56,2,20,vide,vide,vide,0.0000,vide
56,2,21,vide,vide,vide,0.0000,vide
56,2,22,vide,vide,vide,0.0000,vide
56,2,23,vide,vide,vide,0.0000,vide
56,2,24,vide,vide,vide,0.0000,vide
56,2,25,vide,vide,vide,0.0000,vide
56,2,26,vide,vide,vide,0.0000,vide
56,2,27,vide,vide,vide,0.0000,vide
56,2,28,vide,vide,vide,0.0000,vide
56,3,1,vide,vide,vide,0.0000,vide
56,3,2,vide,vide,vide,0.0000,vide
56,3,3,vide,vide,vide,0.0000,vide
56,3,4,vide,vide,vide,0.0000,vide
56,3,5,vide,vide,vide,0.0000,vide
56,3,6,vide,vide,vide,0.0000,vide
56,3,7,vide,vide,vide,0.0000,vide
56,3,8,vide,vide,vide,0.0000,vide
56,3,9,vide,vide,vide,0.0000,vide
56,3,10,vide,vide,vide,0.0000,vide
56,3,11,vide,vide,vide,0.0000,vide
56,3,12,vide,vide,vide,0.0000,vide
56,3,13,vide,vide,vide,0.0000,vide
56,3,14,vide,vide,vide,0.0000,vide
56,3,15,vide,vide,vide,0.0000,vide
56,3,16,vide,vide,vide,0.0000,vide
56,3,17,vide,vide,vide,0.0000,vide
56,3,18,vide,vide,vide,0.0000,vide
56,3,19,vide,vide,vide,0.0000,vide
56,3,20,vide,vide,vide,0.0000,vide
56,3,21,vide,vide,vide,0.0000,vide
56,3,22,vide,vide,vide,0.0000,vide
56,3,23,vide,vide,vide,0.0000,vide
56,3,24,vide,vide,vide,0.0000,vide
57,1,1,vide,vide,vide,,non lu
57,1,2,vide,vide,vide,,non lu
57,1,3,vide,vide,vide,,non lu
57,1,4,vide,vide,vide,,non lu
57,1,5,vide,vide,vide,,non lu
57,1,6,vide,vide,vide,,non lu
57,1,7,vide,vide,vide,,non lu
57,1,8,vide,vide,vide,,non lu
57,1,9,vide,vide,vide,,non lu
57,1,10,vide,vide,vide,,non lu
57,1,11,vide,vide,vide,,non lu
57,1,12,vide,vide,vide,,non lu
57,1,13,vide,vide,vide,,non lu
57,1,14,vide,vide,vide,,non lu
57,1,15,vide,vide,vide,,non lu
57,1,16,vide,vide,vide,,non lu
57,1,17,vide,vide,vide,,non lu
57,1,18,vide,vide,vide,,non lu
57,1,19,vide,vide,vide,,non lu
57,1,20,vide,vide,vide,,non lu
57,1,21,vide,vide,vide,,non lu
57,1,22,vide,vide,vide,,non lu
57,1,23,vide,vide,vide,,non lu
57,1,24,vide,vide,vide,,non lu
57,1,25,vide,vide,vide,,non lu
57,1,26,vide,vide,vide,,non lu
57,1,27,vide,vide,vide,,non lu
57,1,28,vide,vide,vide,,non lu
57,1,29,vide,vide,vide,,non lu
57,1,30,vide,vide,vide,,non lu
57,1,31,vide,vide,vide,,non lu
57,2,1,vide,vide,vide,,non lu
57,2,2,vide,vide,vide,,non lu
57,2,3,vide,vide,vide,,non lu
57,2,4,vide,vide,vide,,non lu
57,2,5,vide,vide,vide,,non lu
57,2,6,vide,vide,vide,,non lu
57,2,7,vide,vide,vide,,non lu
57,2,8,vide,vide,vide,,non lu
57,2,9,vide,vide,vide,,non lu
57,2,10,vide,vide,vide,,non lu
57,2,11,vide,vide,vide,,non lu
57,2,12,vide,vide,vide,,non lu
57,2,13,vide,vide,vide,,non lu
57,2,14,vide,vide,vide,,non lu
57,2,15,vide,vide,vide,,non lu
57,2,16,vide,vide,vide,,non lu
57,2,17,vide,vide,vide,,non lu
57,2,18,vide,vide,vide,,non lu
57,2,19,vide,vide,vide,,non lu
57,2,20,vide,vide,vide,,non lu
57,2,21,vide,vide,vide,,non lu
57,2,22,vide,vide,vide,,non lu
57,2,23,vide,vide,vide,,non lu
57,2,24,vide,vide,vide,,non lu
57,2,25,vide,vide,vide,,non lu
57,2,26,vide,vide,vide,,non lu
57,2,27,vide,vide,vide,,non lu
57,2,28,vide,vide,vide,,non lu
57,3,1,vide,vide,vide,,non lu
57,3,2,vide,vide,vide,,non lu
57,3,3,vide,vide,vide,,non lu
57,3,4,vide,vide,vide,,non lu
57,3,5,vide,vide,vide,,non lu
57,3,6,vide,vide,vide,,non lu
57,3,7,vide,vide,vide,,non lu
57,3,8,vide,vide,vide,,non lu
57,3,9,vide,vide,vide,,non lu
57,3,10,vide,vide,vide,,non lu
57,3,11,vide,vide,vide,,non lu
57,3,12,vide,vide,vide,,non lu
57,3,13,vide,vide,vide,,non lu
57,3,14,vide,vide,vide,,non lu
57,3,15,vide,vide,vide,,non lu
57,3,16,vide,vide,vide,,non lu
57,3,17,vide,vide,vide,,non lu
57,3,18,vide,vide,vide,,non lu
57,3,19,vide,vide,vide,,non lu
57,3,20,vide,vide,vide,,non lu
57,3,21,vide,vide,vide,,non lu
57,3,22,vide,vide,vide,,non lu
57,3,23,vide,vide,vide,,non lu
57,3,24,vide,vide,vide,,non lu
57,3,25,vide,vide,vide,,non lu
57,3,26,vide,vide,vide,,non lu
57,3,27,vide,vide,vide,,non lu
57,3,28,vide,vide,vide,,non lu
57,3,29,vide,vide,vide,,non lu
57,3,30,vide,vide,vide,,non lu
57,3,31,vide,vide,vide,,non lu
57,4,1,vide,vide,vide,,non lu
57,4,2,vide,vide,vide,,non lu
57,4,3,vide,vide,vide,,non lu
57,4,4,vide,vide,vide,,non lu
57,4,5,vide,vide,vide,,non lu
57,4,6,vide,vide,vide,,non lu
57,4,7,vide,vide,vide,,non lu
57,4,8,vide,vide,vide,,non lu
57,4,9,vide,vide,vide,,non lu
57,4,10,vide,vide,vide,,non lu
57,4,11,vide,vide,vide,,non lu
57,4,12,vide,vide,vide,,non lu
57,4,13,vide,vide,vide,,non lu
57,4,14,vide,vide,vide,,non lu
57,4,15,vide,vide,vide,,non lu
57,4,16,vide,vide,vide,,non lu
57,4,17,vide,vide,vide,,non lu
57,4,18,vide,vide,vide,,non lu
57,4,19,vide,vide,vide,,non lu
57,4,20,vide,vide,vide,,non lu
57,4,21,vide,vide,vide,,non lu
57,4,22,vide,vide,vide,,non lu
57,4,23,vide,vide,vide,,non lu
57,4,24,vide,vide,vide,,non lu
57,4,25,vide,vide,vide,,non lu
57,4,26,vide,vide,vide,,non lu
57,4,27,vide,vide,vide,,non lu
57,4,28,vide,vide,vide,,non lu
57,4,29,vide,vide,vide,,non lu
57,4,30,vide,vide,vide,,non lu
57,5,1,vide,vide,vide,,non lu
57,5,2,vide,vide,vide,,non lu
57,5,3,vide,vide,vide,,non lu
57,5,4,vide,vide,vide,,non lu
57,5,5,vide,vide,vide,,non lu
57,5,6,vide,vide,vide,,non lu
57,5,7,vide,vide,vide,,non lu
57,5,8,vide,vide,vide,,non lu
57,5,9,vide,vide,vide,,non lu
57,5,10,vide,vide,vide,,non lu
57,5,11,vide,vide,vide,,non lu
57,5,12,vide,vide,vide,,non lu
57,5,13,vide,vide,vide,,non lu
57,5,14,vide,vide,vide,,non lu
57,5,15,vide,vide,vide,,non lu
57,5,16,vide,vide,vide,,non lu
57,5,17,vide,vide,vide,,non lu
57,5,18,vide,vide,vide,,non lu
57,5,19,vide,vide,vide,,non lu
57,5,20,vide,vide,vide,,non lu
57,5,21,vide,vide,vide,,non lu
57,5,22,vide,vide,vide,,non lu
57,5,23,vide,vide,vide,,non lu
57,5,24,vide,vide,vide,,non lu
57,5,25,vide,vide,vide,,non lu
57,5,26,vide,vide,vide,,non lu
57,5,27,vide,vide,vide,,non lu
57,5,28,vide,vide,vide,,non lu
57,5,29,vide,vide,vide,,non lu
57,5,30,vide,vide,vide,,non lu
57,5,31,vide,vide,vide,,non lu
57,6,1,vide,vide,vide,,non lu
57,6,2,vide,vide,vide,,non lu
57,6,3,vide,vide,vide,,non lu
57,6,4,vide,vide,vide,,non lu
57,6,5,vide,vide,vide,,non lu
57,6,6,vide,vide,vide,,non lu
57,6,7,vide,vide,vide,,non lu
57,6,8,vide,vide,vide,,non lu
57,6,9,vide,vide,vide,,non lu
57,6,10,vide,vide,vide,,non lu
57,6,11,vide,vide,vide,,non lu
57,6,12,vide,vide,vide,,non lu
57,6,13,vide,vide,vide,,non lu
57,6,14,vide,vide,vide,,non lu
57,6,15,vide,vide,vide,,non lu
57,6,16,vide,vide,vide,,non lu
57,6,17,vide,vide,vide,,non lu
57,6,18,vide,vide,vide,,non lu
57,6,19,vide,vide,vide,,non lu
57,6,20,vide,vide,vide,,non lu
57,6,21,vide,vide,vide,,non lu
57,6,22,vide,vide,vide,,non lu
57,6,23,vide,vide,vide,,non lu
57,6,24,vide,vide,vide,,non lu
57,6,25,vide,vide,vide,,non lu
57,6,26,vide,vide,vide,,non lu
57,6,27,vide,vide,vide,,non lu
57,6,28,vide,vide,vide,,non lu
57,6,29,vide,vide,vide,,non lu
57,6,30,vide,vide,vide,,non lu
57,7,1,vide,vide,vide,,non lu
57,7,2,vide,vide,vide,,non lu
57,7,3,vide,vide,vide,,non lu
57,7,4,vide,vide,vide,,non lu
57,7,5,vide,vide,vide,,non lu
57,7,6,vide,vide,vide,,non lu
57,7,7,vide,vide,vide,,non lu
57,7,8,vide,vide,vide,,non lu
57,7,9,vide,vide,vide,,non lu
57,7,10,vide,vide,vide,,non lu
57,7,11,vide,vide,vide,,non lu
57,7,12,vide,vide,vide,,non lu
57,7,13,vide,vide,vide,,non lu
57,7,14,vide,vide,vide,,non lu
57,7,15,vide,vide,vide,,non lu
57,7,16,vide,vide,vide,,non lu
57,7,17,vide,vide,vide,,non lu
57,7,18,vide,vide,vide,,non lu
57,7,19,vide,vide,vide,,non lu
57,7,20,vide,vide,vide,,non lu
57,7,21,vide,vide,vide,,non lu
57,7,22,vide,vide,vide,,non lu
57,7,23,vide,vide,vide,,non lu
57,7,24,vide,vide,vide,,non lu
57,7,25,vide,vide,vide,,non lu
57,7,26,vide,vide,vide,,non lu
57,7,27,vide,vide,vide,,non lu
57,7,28,vide,vide,vide,,non lu
57,7,29,vide,vide,vide,,non lu
57,7,30,vide,vide,vide,,non lu
57,7,31,vide,vide,vide,,non lu
57,8,1,vide,vide,vide,,non lu
57,8,2,vide,vide,vide,,non lu
57,8,3,vide,vide,vide,,non lu
57,8,4,vide,vide,vide,,non lu
57,8,5,vide,vide,vide,,non lu
57,8,6,vide,vide,vide,,non lu
57,8,7,vide,vide,vide,,non lu
57,8,8,vide,vide,vide,,non lu
57,8,9,vide,vide,vide,,non lu
57,8,10,vide,vide,vide,,non lu
57,8,11,vide,vide,vide,,non lu
57,8,12,vide,vide,vide,,non lu
57,8,13,vide,vide,vide,,non lu
57,8,14,vide,vide,vide,,non lu
57,8,15,vide,vide,vide,,non lu
57,8,16,vide,vide,vide,,non lu
57,8,17,vide,vide,vide,,non lu
57,8,18,vide,vide,vide,,non lu
57,8,19,vide,vide,vide,,non lu
57,8,20,vide,vide,vide,,non lu
57,8,21,vide,vide,vide,,non lu
57,8,22,vide,vide,vide,,non lu
57,8,23,vide,vide,vide,,non lu
57,8,24,vide,vide,vide,,non lu
57,8,25,vide,vide,vide,,non lu
57,8,26,vide,vide,vide,,non lu
57,8,27,vide,vide,vide,,non lu
57,8,28,vide,vide,vide,,non lu
57,8,29,vide,vide,vide,,non lu
57,8,30,vide,vide,vide,,non lu
57,8,31,vide,vide,vide,,non lu
57,9,1,vide,vide,vide,,non lu
57,9,2,vide,vide,vide,,non lu
57,9,3,vide,vide,vide,,non lu
57,9,4,vide,vide,vide,,non lu
57,9,5,vide,vide,vide,,non lu
57,9,6,vide,vide,vide,,non lu
57,9,7,vide,vide,vide,,non lu
57,9,8,vide,vide,vide,,non lu
57,9,9,vide,vide,vide,,non lu
57,9,10,vide,vide,vide,,non lu
57,9,11,vide,vide,vide,,non lu
57,9,12,vide,vide,vide,,non lu
57,9,13,vide,vide,vide,,non lu
57,9,14,vide,vide,vide,,non lu
57,9,15,vide,vide,vide,,non lu
57,9,16,vide,vide,vide,,non lu
57,9,17,vide,vide,vide,,non lu
57,9,18,vide,vide,vide,,non lu
57,9,19,vide,vide,vide,,non lu
57,9,20,vide,vide,vide,,non lu
57,9,21,vide,vide,vide,,non lu
57,9,22,vide,vide,vide,,non lu
57,9,23,vide,vide,vide,,non lu
57,9,24,vide,vide,vide,,non lu
57,9,25,vide,vide,vide,,non lu
57,9,26,vide,vide,vide,,non lu
57,9,27,vide,vide,vide,,non lu
57,9,28,vide,vide,vide,,non lu
57,9,29,vide,vide,vide,,non lu
57,9,30,vide,vide,vide,,non lu
57,10,1,vide,vide,vide,,non lu
57,10,2,vide,vide,vide,,non lu
57,10,3,vide,vide,vide,,non lu
57,10,4,vide,vide,vide,,non lu
57,10,5,vide,vide,vide,,non lu
57,10,6,vide,vide,vide,,non lu
57,10,7,vide,vide,vide,,non lu
57,10,8,vide,vide,vide,,non lu
57,10,9,vide,vide,vide,,non lu
57,10,10,vide,vide,vide,,non lu
57,10,11,vide,vide,vide,,non lu
57,10,12,vide,vide,vide,,non lu
57,10,13,vide,vide,vide,,non lu
57,10,14,vide,vide,vide,,non lu
57,10,15,vide,vide,vide,,non lu
57,10,16,vide,vide,vide,,non lu
57,10,17,vide,vide,vide,,non lu
57,10,18,vide,vide,vide,,non lu
57,10,19,vide,vide,vide,,non lu
57,10,20,vide,vide,vide,,non lu
57,10,21,vide,vide,vide,,non lu
57,10,22,vide,vide,vide,,non lu
57,10,23,vide,vide,vide,,non lu
57,10,24,vide,vide,vide,,non lu
57,10,25,vide,vide,vide,,non lu
57,10,26,vide,vide,vide,,non lu
57,10,27,vide,vide,vide,,non lu
57,10,28,vide,vide,vide,,non lu
57,10,29,vide,vide,vide,,non lu
57,10,30,vide,vide,vide,,non lu
57,10,31,vide,vide,vide,,non lu
57,11,1,vide,vide,vide,,non lu
57,11,2,vide,vide,vide,,non lu
57,11,3,vide,vide,vide,,non lu
57,11,4,vide,vide,vide,,non lu
57,11,5,vide,vide,vide,,non lu
57,11,6,vide,vide,vide,,non lu
57,11,7,vide,vide,vide,,non lu
57,11,8,vide,vide,vide,,non lu
57,11,9,vide,vide,vide,,non lu
57,11,10,vide,vide,vide,,non lu
57,11,11,vide,vide,vide,,non lu
57,11,12,vide,vide,vide,,non lu
57,11,13,vide,vide,vide,,non lu
57,11,14,vide,vide,vide,,non lu
57,11,15,vide,vide,vide,,non lu
57,11,16,vide,vide,vide,,non lu
57,11,17,vide,vide,vide,,non lu
57,11,18,vide,vide,vide,,non lu
57,11,19,vide,vide,vide,,non lu
57,11,20,vide,vide,vide,,non lu
57,11,21,vide,vide,vide,,non lu
57,11,22,vide,vide,vide,,non lu
57,11,23,vide,vide,vide,,non lu
57,11,24,vide,vide,vide,,non lu
57,11,25,vide,vide,vide,,non lu
57,11,26,vide,vide,vide,,non lu
57,11,27,vide,vide,vide,,non lu
57,11,28,vide,vide,vide,,non lu
57,11,29,vide,vide,vide,,non lu
57,11,30,vide,vide,vide,,non lu
57,12,1,vide,vide,vide,,non lu
57,12,2,vide,vide,vide,,non lu
57,12,3,vide,vide,vide,,non lu
57,12,4,vide,vide,vide,,non lu
57,12,5,vide,vide,vide,,non lu
57,12,6,vide,vide,vide,,non lu
57,12,7,vide,vide,vide,,non lu
57,12,8,vide,vide,vide,,non lu
57,12,9,vide,vide,vide,,non lu
57,12,10,vide,vide,vide,,non lu
57,12,11,vide,vide,vide,,non lu
57,12,12,vide,vide,vide,,non lu
57,12,13,vide,vide,vide,,non lu
57,12,14,vide,vide,vide,,non lu
57,12,15,vide,vide,vide,,non lu
57,12,16,vide,vide,vide,,non lu
57,12,17,vide,vide,vide,,non lu
57,12,18,vide,vide,vide,,non lu
57,12,19,vide,vide,vide,,non lu
57,12,20,vide,vide,vide,,non lu
57,12,21,vide,vide,vide,,non lu
57,12,22,vide,vide,vide,,non lu
57,12,23,vide,vide,vide,,non lu
57,12,24,vide,vide,vide,,non lu
57,12,25,vide,vide,vide,,non lu
57,12,26,vide,vide,vide,,non lu
57,12,27,vide,vide,vide,,non lu
57,12,28,vide,vide,vide,,non lu
57,12,29,vide,vide,vide,,non lu
57,12,30,vide,vide,vide,,non lu
57,12,31,vide,vide,vide,,non lu
58,1,1,vide,vide,vide,0.0091,vide
58,1,2,vide,vide,vide,0.0195,vide
58,1,3,vide,vide,vide,0.0213,vide
58,1,4,vide,vide,vide,0.0263,vide
58,1,5,vide,vide,vide,0.0144,vide
58,1,6,vide,vide,vide,0.0207,vide
58,1,7,vide,vide,vide,0.0419,vide
58,1,8,vide,vide,vide,0.0313,vide
58,1,9,vide,vide,vide,0.0272,vide
58,1,10,vide,vide,vide,0.0000,vide
58,1,11,vide,vide,vide,0.0000,vide
58,1,12,vide,vide,vide,0.0000,vide
58,1,13,vide,vide,?,0.0000,vide
58,1,14,vide,vide,?,0.0000,vide
58,1,15,vide,vide,vide,0.0206,vide
58,1,16,vide,vide,vide,0.0218,vide
58,1,17,vide,vide,vide,0.0201,vide
58,1,18,vide,vide,vide,0.0155,vide
58,1,19,vide,vide,vide,0.0000,vide
58,1,20,vide,vide,vide,0.0002,vide
58,1,21,vide,vide,vide,0.0037,vide
58,1,22,vide,vide,?,0.0000,vide
58,1,23,vide,vide,?,0.0000,vide
58,1,24,vide,vide,?,0.0000,vide
58,1,25,vide,vide,vide,0.0000,vide
58,1,26,vide,vide,vide,0.0000,vide
58,1,27,vide,vide,vide,0.0000,vide
58,1,28,vide,vide,vide,0.0000,vide
58,1,29,vide,vide,vide,0.0000,vide
58,1,30,vide,vide,vide,0.0000,vide
58,1,31,vide,vide,vide,0.0000,vide
58,2,1,vide,vide,vide,0.0556,vide
58,2,2,vide,vide,vide,0.0012,vide
58,2,3,vide,vide,?,0.0050,vide
58,2,4,vide,vide,vide,0.0052,vide
58,2,5,vide,vide,vide,0.0053,vide
58,2,6,vide,vide,vide,0.0074,vide
58,2,7,vide,vide,vide,0.0040,vide
58,2,8,vide,vide,?,0.0023,vide
58,2,9,vide,vide,?,0.0000,vide
58,2,10,vide,vide,?,0.0000,vide
58,2,11,vide,vide,?,0.0000,vide
58,2,12,vide,vide,?,0.0000,vide
58,2,13,vide,vide,?,0.0000,vide
58,2,14,vide,vide,?,0.0000,vide
58,2,15,vide,vide,?,0.0000,vide
58,2,16,vide,vide,?,0.0000,vide
58,2,17,vide,vide,?,0.0000,vide
58,2,18,vide,vide,vide,0.0034,vide
58,2,19,vide,vide,?,0.0001,vide
58,2,20,vide,vide,vide,0.0000,vide
58,2,21,vide,vide,?,0.0016,vide
58,2,22,vide,vide,?,0.0005,vide
58,2,23,vide,vide,?,0.0021,vide
58,2,24,vide,vide,?,0.0015,vide
58,2,25,vide,vide,?,0.0014,vide
58,2,26,vide,vide,?,0.0000,vide
58,2,27,vide,vide,?,0.0000,vide
58,2,28,vide,vide,?,0.0000,vide
58,3,1,vide,vide,vide,0.0000,vide
58,3,2,vide,vide,vide,0.0006,vide
58,3,3,vide,vide,vide,0.0000,vide
58,3,4,vide,vide,vide,0.0000,vide
58,3,5,vide,vide,vide,0.0000,vide
59,1,1,vide,vide,vide,0.0000,vide
59,1,2,vide,vide,vide,0.0000,vide
59,1,3,vide,vide,vide,0.0000,vide
59,1,4,vide,vide,vide,0.0000,vide
59,1,5,vide,vide,vide,0.0000,vide
59,1,6,vide,vide,vide,0.0000,vide
59,1,7,vide,vide,vide,0.0000,vide
59,1,8,vide,vide,vide,0.0000,vide
59,1,9,vide,vide,vide,0.0000,vide
59,1,10,vide,vide,vide,0.0006,vide
59,1,11,vide,vide,vide,0.0000,vide
59,1,12,vide,vide,vide,0.0017,vide
59,1,13,vide,vide,vide,0.0012,vide
59,1,14,vide,vide,vide,0.0004,vide
59,1,15,vide,vide,vide,0.0007,vide
59,1,16,vide,vide,vide,0.0006,vide
59,1,17,vide,vide,vide,0.0003,vide
59,1,18,vide,vide,vide,0.0000,vide
59,1,19,vide,vide,vide,0.0006,vide
59,1,20,vide,vide,vide,0.0014,vide
59,1,21,vide,vide,vide,0.0006,vide
59,1,22,vide,vide,vide,0.0000,vide
59,1,23,vide,vide,vide,0.0000,vide
59,1,24,vide,vide,vide,0.0000,vide
59,1,25,vide,vide,vide,0.0000,vide
59,1,26,vide,vide,vide,0.0000,vide
59,1,27,vide,vide,vide,0.0000,vide
59,1,28,vide,vide,vide,0.0000,vide
59,1,29,vide,vide,vide,0.0000,vide
59,1,30,vide,vide,vide,0.0000,vide
59,1,31,vide,vide,vide,0.0005,vide
59,2,1,vide,vide,vide,0.0000,vide
59,2,2,vide,vide,vide,0.0000,vide
59,2,3,vide,vide,vide,0.0000,vide
59,2,4,vide,vide,vide,0.0003,vide
59,2,5,vide,vide,vide,0.0000,vide
59,2,6,vide,vide,vide,0.0003,vide
59,2,7,vide,vide,vide,0.0001,vide
59,2,8,vide,vide,vide,0.0004,vide
59,2,9,vide,vide,vide,0.0017,vide
59,2,10,vide,vide,vide,0.0011,vide
59,2,11,vide,vide,vide,0.0019,vide
59,2,12,vide,vide,vide,0.0008,vide
59,2,13,vide,vide,vide,0.0005,vide
59,2,14,vide,vide,vide,0.0028,vide
59,2,15,vide,vide,vide,0.0003,vide
59,2,16,vide,vide,vide,0.0012,vide
59,2,17,vide,vide,vide,0.0017,vide
59,2,18,vide,vide,vide,0.0020,vide
59,2,19,vide,vide,vide,0.0030,vide
59,2,20,vide,vide,vide,0.0184,vide
59,2,21,vide,vide,vide,0.0034,vide
59,2,22,vide,vide,vide,0.0005,vide
59,2,23,vide,vide,vide,0.0011,vide
59,2,24,vide,vide,vide,0.0008,vide
59,2,25,vide,vide,vide,0.0034,vide
59,2,26,vide,vide,vide,0.0011,vide
59,2,27,vide,vide,vide,0.0005,vide
59,2,28,vide,vide,vide,0.0008,vide
59,3,1,vide,vide,vide,0.0000,vide
59,3,2,vide,vide,vide,0.0000,vide
59,3,3,vide,vide,vide,0.0000,vide
59,3,4,vide,vide,vide,0.0000,vide
59,3,5,vide,vide,vide,0.0000,vide
59,3,6,vide,vide,vide,0.0000,vide
59,3,7,vide,vide,vide,0.0000,vide
59,3,8,vide,vide,vide,0.0002,vide
59,3,9,vide,vide,vide,0.0022,vide
59,3,10,vide,vide,vide,0.0014,vide
59,3,11,vide,vide,vide,0.0002,vide
59,3,12,vide,vide,vide,0.0008,vide
59,3,13,vide,vide,vide,0.0013,vide
59,3,14,vide,vide,vide,0.0039,vide
59,3,15,vide,vide,vide,0.0006,vide
59,3,16,vide,vide,vide,0.0011,vide
59,3,17,vide,vide,vide,0.0021,vide
59,3,18,vide,vide,vide,0.0004,vide
59,3,19,vide,vide,vide,0.0003,vide
59,3,20,vide,vide,vide,0.0005,vide
59,3,21,vide,vide,vide,0.0025,vide
59,3,22,vide,vide,vide,0.0010,vide
59,3,23,vide,vide,vide,0.0023,vide
59,3,24,vide,vide,vide,0.0039,vide
59,3,25,vide,vide,vide,0.0000,vide
59,3,26,vide,vide,vide,0.0006,vide
59,3,27,vide,vide,vide,0.0000,vide
59,3,28,vide,vide,vide,0.0000,vide
59,3,29,vide,vide,vide,0.0000,vide
59,3,30,vide,vide,vide,0.0000,vide
59,3,31,vide,vide,vide,0.0000,vide
59,4,1,vide,vide,vide,0.0002,vide
59,4,2,vide,vide,vide,0.0007,vide
59,4,3,vide,vide,vide,0.0003,vide
59,4,4,vide,vide,vide,0.0003,vide
59,4,5,vide,vide,vide,0.0007,vide
59,4,6,vide,vide,vide,0.0024,vide
59,4,7,vide,vide,vide,0.0029,vide
59,4,8,vide,vide,vide,0.0007,vide
59,4,9,vide,vide,vide,0.0015,vide
59,4,10,vide,vide,vide,0.0012,vide
59,4,11,vide,vide,vide,0.0017,vide
59,4,12,vide,vide,vide,0.0010,vide
59,4,13,vide,vide,vide,0.0012,vide
59,4,14,vide,vide,vide,0.0043,vide
59,4,15,vide,vide,vide,0.0012,vide
59,4,16,vide,vide,vide,0.0009,vide
59,4,17,vide,vide,vide,0.0010,vide
59,4,18,vide,vide,vide,0.0024,vide
59,4,19,vide,vide,vide,0.0017,vide
59,4,20,vide,vide,vide,0.0011,vide
59,4,21,vide,vide,vide,0.0016,vide
59,4,22,vide,vide,vide,0.0007,vide
59,4,23,vide,vide,vide,0.0025,vide
59,4,24,vide,vide,vide,0.0013,vide
59,4,25,vide,vide,vide,0.0017,vide
59,4,26,vide,vide,vide,0.0007,vide
59,4,27,vide,vide,vide,0.0034,vide
59,4,28,vide,vide,vide,0.0024,vide
59,4,29,vide,vide,vide,0.0003,vide
59,4,30,vide,vide,vide,0.0017,vide
59,5,1,vide,vide,vide,0.0033,vide
59,5,2,vide,vide,vide,0.0028,vide
59,5,3,vide,vide,vide,0.0003,vide
59,5,4,vide,vide,vide,0.0011,vide
59,5,5,vide,vide,vide,0.0015,vide
59,5,6,vide,vide,vide,0.0018,vide
59,5,7,vide,vide,vide,0.0034,vide
59,5,8,vide,vide,vide,0.0014,vide
59,5,9,vide,vide,vide,0.0042,vide
59,5,10,vide,vide,vide,0.0003,vide
59,5,11,vide,vide,vide,0.0027,vide
59,5,12,vide,vide,vide,0.0058,vide
59,5,13,vide,vide,vide,0.0015,vide
59,5,14,vide,vide,vide,0.0017,vide
59,5,15,vide,vide,vide,0.0018,vide
59,5,16,vide,vide,vide,0.0014,vide
59,5,17,vide,vide,vide,0.0002,vide
59,5,18,vide,vide,vide,0.0017,vide
59,5,19,vide,vide,vide,0.0007,vide
59,5,20,vide,vide,vide,0.0005,vide
59,5,21,vide,vide,vide,0.0019,vide
59,5,22,vide,vide,vide,0.0019,vide
59,5,23,vide,vide,vide,0.0052,vide
59,5,24,vide,vide,vide,0.0009,vide
59,5,25,vide,vide,vide,0.0044,vide
59,5,26,vide,vide,vide,0.0027,vide
59,5,27,vide,vide,vide,0.0020,vide
59,5,28,vide,vide,vide,0.0008,vide
59,5,29,vide,vide,vide,0.0024,vide
59,5,30,vide,vide,vide,0.0070,vide
59,5,31,vide,vide,vide,0.0116,vide
59,6,1,vide,vide,vide,0.0022,vide
59,6,2,vide,vide,vide,0.0040,vide
59,6,3,vide,vide,vide,0.0008,vide
59,6,4,vide,vide,vide,0.0020,vide
59,6,5,vide,vide,vide,0.0010,vide
59,6,6,vide,vide,vide,0.0026,vide
59,6,7,vide,vide,vide,0.0016,vide
59,6,8,vide,vide,vide,0.0036,vide
59,6,9,vide,vide,vide,0.0035,vide
59,6,10,vide,vide,vide,0.0018,vide
59,6,11,vide,vide,vide,0.0020,vide
59,6,12,vide,vide,vide,0.0056,vide
59,6,13,vide,vide,vide,0.0052,vide
59,6,14,vide,vide,vide,0.0052,vide
59,6,15,vide,vide,vide,0.0059,vide
59,6,16,vide,vide,vide,0.0018,vide
59,6,17,vide,vide,vide,0.0020,vide
59,6,18,vide,vide,vide,0.0017,vide
59,6,19,vide,vide,vide,0.0002,vide
59,6,20,vide,vide,vide,0.0029,vide
59,6,21,vide,vide,vide,0.0011,vide
59,6,22,vide,vide,vide,0.0023,vide
59,6,23,vide,vide,vide,0.0005,vide
59,6,24,vide,vide,vide,0.0016,vide
59,6,25,vide,vide,vide,0.0012,vide
59,6,26,vide,vide,vide,0.0021,vide
59,6,27,vide,vide,vide,0.0060,vide
59,6,28,vide,vide,vide,0.0057,vide
59,6,29,vide,vide,vide,0.0083,vide
59,6,30,vide,X,vide,0.0533,vide
59,7,1,vide,vide,vide,0.0026,vide
59,7,2,vide,vide,vide,0.0047,vide
59,7,3,vide,vide,vide,0.0056,vide
59,7,4,vide,vide,vide,0.0041,vide
59,7,5,vide,vide,vide,0.0016,vide
59,7,6,vide,vide,vide,0.0031,vide
59,7,7,vide,vide,vide,0.0067,vide
59,7,8,vide,vide,vide,0.0013,vide
59,7,9,vide,vide,vide,0.0015,vide
59,7,10,vide,vide,vide,0.0028,vide
59,7,11,vide,vide,vide,0.0024,vide
59,7,12,vide,vide,vide,0.0017,vide
59,7,13,vide,vide,vide,0.0025,vide
59,7,14,vide,vide,vide,0.0034,vide
59,7,15,vide,vide,vide,0.0020,vide
59,7,16,vide,vide,vide,0.0026,vide
59,7,17,vide,vide,vide,0.0038,vide
59,7,18,vide,vide,vide,0.0051,vide
59,7,19,vide,vide,vide,0.0005,vide
59,7,20,vide,vide,vide,0.0029,vide
59,7,21,vide,vide,vide,0.0009,vide
59,7,22,vide,vide,vide,0.0015,vide
59,7,23,vide,vide,vide,0.0019,vide
59,7,24,vide,vide,vide,0.0059,vide
59,7,25,vide,vide,vide,0.0036,vide
59,7,26,vide,vide,vide,0.0026,vide
59,7,27,vide,vide,vide,0.0061,vide
59,7,28,vide,vide,vide,0.0178,vide
59,7,29,vide,vide,vide,0.0417,vide
59,7,30,vide,vide,vide,0.0131,vide
59,7,31,vide,vide,vide,0.0083,vide
59,8,1,vide,vide,vide,0.0079,vide
59,8,2,vide,vide,vide,0.0016,vide
59,8,3,vide,vide,vide,0.0040,vide
59,8,4,vide,vide,vide,0.0026,vide
59,8,5,vide,vide,vide,0.0011,vide
59,8,6,vide,vide,vide,0.0013,vide
59,8,7,vide,vide,vide,0.0007,vide
59,8,8,vide,vide,vide,0.0037,vide
59,8,9,vide,vide,vide,0.0015,vide
59,8,10,vide,vide,vide,0.0052,vide
59,8,11,vide,vide,vide,0.0048,vide
59,8,12,vide,vide,vide,0.0001,vide
59,8,13,vide,vide,vide,0.0004,vide
59,8,14,vide,vide,vide,0.0012,vide
59,8,15,vide,vide,vide,0.0041,vide
59,8,16,vide,vide,vide,0.0023,vide
59,8,17,vide,vide,vide,0.0032,vide
59,8,18,vide,vide,vide,0.0062,vide
59,8,19,vide,vide,vide,0.0011,vide
59,8,20,vide,vide,vide,0.0013,vide
59,8,21,vide,vide,vide,0.0019,vide
59,8,22,vide,vide,vide,0.0062,vide
59,8,23,vide,vide,vide,0.0008,vide
59,8,24,vide,vide,vide,0.0037,vide
59,8,25,vide,vide,vide,0.0024,vide
59,8,26,vide,vide,vide,0.0044,vide
59,8,27,vide,vide,vide,0.0045,vide
59,8,28,vide,vide,vide,0.0055,vide
59,8,29,vide,vide,vide,0.0128,vide
59,8,30,vide,vide,vide,0.0243,vide
59,8,31,vide,vide,vide,0.0088,vide
59,9,1,vide,vide,vide,0.0038,vide
59,9,2,vide,vide,vide,0.0009,vide
59,9,3,vide,vide,vide,0.0015,vide
59,9,4,vide,vide,vide,0.0050,vide
59,9,5,vide,vide,vide,0.0027,vide
59,9,6,vide,vide,vide,0.0005,vide
59,9,7,vide,vide,vide,0.0031,vide
59,9,8,vide,vide,vide,0.0063,vide
59,9,9,vide,vide,vide,0.0016,vide
59,9,10,vide,vide,vide,0.0013,vide
59,9,11,vide,vide,vide,0.0128,vide
59,9,12,vide,vide,vide,0.0065,vide
59,9,13,vide,vide,vide,0.0020,vide
59,9,14,vide,vide,vide,0.0028,vide
59,9,15,vide,vide,vide,0.0070,vide
59,9,16,vide,vide,vide,0.0015,vide
59,9,17,vide,vide,vide,0.0028,vide
59,9,18,vide,vide,vide,0.0008,vide
59,9,19,vide,vide,vide,0.0032,vide
59,9,20,vide,vide,vide,0.0014,vide
59,9,21,vide,vide,vide,0.0021,vide
59,9,22,vide,vide,vide,0.0024,vide
59,9,23,vide,vide,vide,0.0019,vide
59,9,24,vide,vide,vide,0.0026,vide
59,9,25,vide,vide,vide,0.0039,vide
59,9,26,vide,vide,vide,0.0011,vide
59,9,27,vide,vide,vide,0.0034,vide
59,9,28,vide,vide,vide,0.0122,vide
59,9,29,vide,vide,vide,0.0131,vide
59,9,30,vide,vide,vide,0.0151,vide
59,10,1,vide,vide,vide,0.0008,vide
59,10,2,vide,vide,vide,0.0020,vide
59,10,3,vide,vide,vide,0.0026,vide
59,10,4,vide,vide,vide,0.0001,vide
59,10,5,vide,vide,vide,0.0020,vide
59,10,6,vide,vide,vide,0.0026,vide
59,10,7,vide,?,vide,0.0277,vide
59,10,8,vide,?,vide,0.0085,vide
59,10,9,vide,vide,vide,0.0031,vide
59,10,10,vide,vide,vide,0.0056,vide
59,10,11,vide,vide,vide,0.0010,vide
59,10,12,vide,vide,vide,0.0033,vide
59,10,13,vide,vide,vide,0.0012,vide
59,10,14,vide,vide,vide,0.0010,vide
59,10,15,vide,vide,vide,0.0026,vide
59,10,16,vide,vide,vide,0.0004,vide
59,10,17,vide,vide,vide,0.0038,vide
59,10,18,vide,vide,vide,0.0004,vide
59,10,19,vide,vide,vide,0.0020,vide
59,10,20,vide,vide,vide,0.0028,vide
59,10,21,vide,vide,vide,0.0006,vide
59,10,22,vide,vide,vide,0.0012,vide
59,10,23,vide,vide,vide,0.0041,vide
59,10,24,vide,vide,vide,0.0045,vide
59,10,25,vide,vide,vide,0.0006,vide
59,10,26,vide,vide,vide,0.0019,vide
59,10,27,vide,vide,vide,0.0002,vide
59,10,28,vide,vide,vide,0.0011,vide
59,10,29,vide,vide,vide,0.0062,vide
59,10,30,vide,vide,vide,0.0111,vide
59,10,31,vide,vide,vide,0.0235,vide
59,11,1,vide,vide,vide,0.0008,vide
59,11,2,vide,vide,vide,0.0004,vide
59,11,3,vide,vide,vide,0.0006,vide
59,11,4,vide,vide,vide,0.0011,vide
59,11,5,vide,vide,vide,0.0018,vide
59,11,6,vide,vide,vide,0.0008,vide
59,11,7,X,X,vide,0.1804,X
59,11,8,X,X,vide,0.1982,X
59,11,9,vide,vide,vide,0.0024,vide
59,11,10,vide,vide,vide,0.0032,vide
59,11,11,vide,vide,vide,0.0019,vide
59,11,12,vide,vide,vide,0.0021,vide
59,11,13,vide,vide,vide,0.0017,vide
59,11,14,vide,vide,vide,0.0053,vide
59,11,15,vide,vide,vide,0.0011,vide
59,11,16,vide,vide,vide,0.0029,vide
59,11,17,vide,vide,vide,0.0047,vide
59,11,18,vide,vide,vide,0.0006,vide
59,11,19,vide,vide,vide,0.0007,vide
59,11,20,vide,vide,vide,0.0019,vide
59,11,21,vide,vide,vide,0.0044,vide
59,11,22,vide,vide,vide,0.0006,vide
59,11,23,vide,vide,vide,0.0017,vide
59,11,24,vide,vide,vide,0.0009,vide
59,11,25,vide,vide,vide,0.0003,vide
59,11,26,vide,vide,vide,0.0014,vide
59,11,27,vide,vide,vide,0.0010,vide
59,11,28,vide,vide,vide,0.0036,vide
59,11,29,vide,vide,vide,0.0060,vide
59,11,30,vide,vide,vide,0.0335,vide
59,12,1,vide,vide,vide,0.0102,vide
59,12,2,vide,vide,vide,0.0031,vide
59,12,3,vide,vide,vide,0.0042,vide
59,12,4,vide,vide,vide,0.0099,vide
59,12,5,vide,vide,vide,0.0047,vide
59,12,6,vide,vide,vide,0.0030,vide
59,12,7,vide,vide,vide,0.0013,vide
59,12,8,vide,vide,vide,0.0008,vide
59,12,9,vide,vide,vide,0.0024,vide
59,12,10,vide,vide,vide,0.0029,vide
59,12,11,vide,vide,vide,0.0027,vide
59,12,12,vide,vide,vide,0.0045,vide
59,12,13,vide,vide,vide,0.0032,vide
59,12,14,vide,vide,vide,0.0012,vide
59,12,15,vide,vide,vide,0.0011,vide
59,12,16,vide,vide,vide,0.0011,vide
59,12,17,vide,vide,vide,0.0014,vide
59,12,18,vide,vide,vide,0.0013,vide
59,12,19,vide,vide,vide,0.0008,vide
59,12,20,vide,vide,vide,0.0008,vide
59,12,21,vide,vide,vide,0.0033,vide
59,12,22,vide,vide,vide,0.0017,vide
59,12,23,vide,vide,vide,0.0015,vide
59,12,24,vide,vide,vide,0.0012,vide
59,12,25,vide,vide,vide,0.0015,vide
59,12,26,vide,vide,vide,0.0028,vide
59,12,27,vide,vide,vide,0.0018,vide
59,12,28,vide,vide,vide,0.0027,vide
59,12,29,vide,vide,vide,0.0066,vide
59,12,30,vide,vide,vide,0.0089,vide
59,12,31,vide,vide,vide,0.0404,vide
6,1,1,vide,vide,vide,0.0000,vide
6,1,2,vide,vide,vide,0.0000,vide
6,1,3,vide,vide,vide,0.0000,vide
6,1,4,vide,vide,vide,0.0000,vide
6,1,5,vide,vide,vide,0.0000,vide
6,1,6,vide,vide,vide,0.0000,vide
6,1,7,vide,vide,vide,0.0033,vide
6,1,8,vide,vide,vide,0.0000,vide
6,1,9,vide,vide,vide,0.0000,vide
6,1,10,vide,vide,vide,0.0000,vide
6,1,11,vide,vide,vide,0.0000,vide
6,1,12,vide,vide,vide,0.0000,vide
6,1,13,vide,vide,vide,0.0000,vide
6,1,14,vide,vide,vide,0.0004,vide
6,1,15,vide,vide,vide,0.0000,vide
6,1,16,vide,vide,vide,0.0000,vide
6,1,17,vide,vide,vide,0.0000,vide
6,1,18,vide,vide,vide,0.0000,vide
6,1,19,vide,vide,vide,0.0000,vide
6,1,20,vide,vide,vide,0.0000,vide
6,1,21,vide,vide,vide,0.0000,vide
6,1,22,vide,vide,vide,0.0000,vide
6,1,23,vide,vide,vide,0.0000,vide
6,1,24,vide,vide,vide,0.0000,vide
6,1,25,vide,vide,vide,0.0000,vide
6,1,26,vide,vide,vide,0.0000,vide
6,1,27,vide,vide,vide,0.0000,vide
6,1,28,vide,vide,vide,0.0000,vide
6,1,29,vide,vide,vide,0.0000,vide
6,1,30,vide,vide,vide,0.0000,vide
6,1,31,vide,vide,vide,0.0000,vide
6,2,1,vide,vide,vide,0.0312,vide
6,2,2,vide,vide,vide,0.0052,vide
6,2,3,vide,vide,vide,0.0103,vide
6,2,4,vide,vide,vide,0.0087,vide
6,2,5,vide,vide,vide,0.0322,vide
6,2,6,vide,vide,vide,0.0020,vide
6,2,7,vide,vide,vide,0.0007,vide
6,2,8,vide,vide,vide,0.0006,vide
6,2,9,vide,vide,vide,0.0008,vide
6,2,10,vide,vide,vide,0.0008,vide
6,2,11,vide,vide,vide,0.0027,vide
6,2,12,vide,vide,vide,0.0002,vide
6,2,13,vide,vide,vide,0.0011,vide
6,2,14,vide,vide,vide,0.0004,vide
6,2,15,vide,vide,vide,0.0002,vide
6,2,16,vide,vide,vide,0.0019,vide
6,2,17,vide,vide,vide,0.0045,vide
6,2,18,vide,vide,vide,0.0032,vide
6,2,19,vide,vide,vide,0.0035,vide
6,2,20,vide,vide,vide,0.0013,vide
6,2,21,vide,vide,vide,0.0011,vide
6,2,22,vide,vide,vide,0.0006,vide
6,2,23,vide,vide,vide,0.0011,vide
6,2,24,vide,vide,vide,0.0021,vide
6,2,25,vide,vide,vide,0.0043,vide
6,2,26,vide,vide,vide,0.0035,vide
6,2,27,vide,vide,vide,0.0019,vide
6,2,28,vide,vide,vide,0.0011,vide
6,2,29,vide,vide,vide,0.0017,vide
6,3,1,vide,vide,vide,0.0075,vide
6,3,2,vide,vide,vide,0.0099,vide
6,3,3,vide,vide,vide,0.0199,vide
6,3,4,vide,vide,vide,0.0254,vide
6,3,5,vide,vide,vide,0.0056,vide
6,3,6,vide,vide,vide,0.0020,vide
6,3,7,vide,vide,vide,0.0029,vide
6,3,8,vide,vide,vide,0.0014,vide
6,3,9,vide,vide,vide,0.0022,vide
6,3,10,vide,vide,vide,0.0015,vide
6,3,11,vide,vide,vide,0.0041,vide
6,3,12,vide,vide,vide,0.0031,vide
6,3,13,vide,vide,vide,0.0009,vide
6,3,14,vide,vide,vide,0.0022,vide
6,3,15,vide,vide,vide,0.0013,vide
6,3,16,vide,vide,vide,0.0015,vide
6,3,17,vide,vide,vide,0.0026,vide
6,3,18,vide,vide,vide,0.0049,vide
6,3,19,vide,vide,vide,0.0005,vide
6,3,20,vide,vide,vide,0.0008,vide
6,3,21,vide,vide,vide,0.0001,vide
6,3,22,vide,vide,vide,0.0025,vide
6,3,23,vide,vide,vide,0.0015,vide
6,3,24,vide,vide,vide,0.0029,vide
6,3,25,vide,vide,vide,0.0046,vide
6,3,26,vide,vide,vide,0.0010,vide
6,3,27,vide,vide,vide,0.0011,vide
6,3,28,vide,vide,vide,0.0022,vide
6,3,29,vide,vide,vide,0.0039,vide
6,3,30,vide,vide,vide,0.0099,vide
6,3,31,vide,vide,vide,0.0200,vide
6,4,1,vide,vide,vide,0.0065,vide
6,4,2,vide,vide,vide,0.0030,vide
6,4,3,vide,vide,vide,0.0033,vide
6,4,4,vide,vide,vide,0.0066,vide
6,4,5,vide,vide,vide,0.0054,vide
6,4,6,vide,vide,vide,0.0021,vide
6,4,7,vide,vide,vide,0.0035,vide
6,4,8,vide,vide,vide,0.0031,vide
6,4,9,vide,vide,vide,0.0006,vide
6,4,10,vide,vide,vide,0.0007,vide
6,4,11,vide,vide,vide,0.0018,vide
6,4,12,vide,vide,vide,0.0015,vide
6,4,13,vide,vide,vide,0.0023,vide
6,4,14,vide,vide,vide,0.0036,vide
6,4,15,vide,vide,vide,0.0014,vide
6,4,16,vide,vide,vide,0.0017,vide
6,4,17,vide,vide,vide,0.0027,vide
6,4,18,vide,vide,vide,0.0015,vide
6,4,19,vide,vide,vide,0.0026,vide
6,4,20,vide,vide,vide,0.0021,vide
6,4,21,vide,vide,vide,0.0028,vide
6,4,22,vide,vide,vide,0.0039,vide
6,4,23,vide,vide,vide,0.0008,vide
6,4,24,vide,vide,vide,0.0004,vide
6,4,25,vide,vide,vide,0.0016,vide
6,4,26,vide,vide,vide,0.0031,vide
6,4,27,vide,vide,vide,0.0019,vide
6,4,28,vide,vide,vide,0.0084,vide
6,4,29,vide,vide,vide,0.0097,vide
6,4,30,vide,vide,vide,0.0091,vide
6,5,1,vide,vide,vide,0.0554,vide
6,5,2,vide,vide,vide,0.0049,vide
6,5,3,vide,vide,vide,0.0099,vide
6,5,4,vide,vide,vide,0.0102,vide
6,5,5,vide,vide,vide,0.0059,vide
6,5,6,vide,vide,vide,0.0088,vide
6,5,7,vide,vide,vide,0.0019,vide
6,5,8,vide,vide,vide,0.0018,vide
6,5,9,vide,vide,vide,0.0011,vide
6,5,10,vide,vide,vide,0.0030,vide
6,5,11,vide,vide,vide,0.0028,vide
6,5,12,vide,vide,vide,0.0028,vide
6,5,13,vide,vide,vide,0.0054,vide
6,5,14,vide,vide,vide,0.0022,vide
6,5,15,vide,vide,vide,0.0041,vide
6,5,16,vide,vide,vide,0.0022,vide
6,5,17,vide,vide,vide,0.0021,vide
6,5,18,vide,vide,vide,0.0010,vide
6,5,19,vide,vide,vide,0.0073,vide
6,5,20,vide,vide,vide,0.0054,vide
6,5,21,vide,vide,vide,0.0023,vide
6,5,22,vide,vide,vide,0.0039,vide
6,5,23,vide,vide,vide,0.0002,vide
6,5,24,vide,vide,vide,0.0054,vide
6,5,25,vide,vide,vide,0.0012,vide
6,5,26,vide,vide,vide,0.0015,vide
6,5,27,vide,vide,vide,0.0047,vide
6,5,28,vide,vide,vide,0.0010,vide
6,5,29,vide,vide,vide,0.0010,vide
6,5,30,vide,vide,vide,0.0048,vide
6,5,31,vide,vide,vide,0.0201,vide
6,6,1,vide,vide,vide,0.0046,vide
6,6,2,vide,vide,vide,0.0030,vide
6,6,3,vide,vide,vide,0.0020,vide
6,6,4,vide,vide,vide,0.0012,vide
6,6,5,vide,vide,vide,0.0023,vide
6,6,6,vide,vide,vide,0.0019,vide
6,6,7,vide,vide,vide,0.0044,vide
6,6,8,vide,vide,vide,0.0032,vide
6,6,9,vide,vide,vide,0.0032,vide
6,6,10,vide,vide,vide,0.0042,vide
6,6,11,vide,vide,vide,0.0003,vide
6,6,12,vide,vide,vide,0.0017,vide
6,6,13,vide,vide,vide,0.0017,vide
6,6,14,vide,vide,vide,0.0068,vide
6,6,15,vide,vide,vide,0.0052,vide
6,6,16,vide,vide,vide,0.0035,vide
6,6,17,vide,vide,vide,0.0089,vide
6,6,18,vide,vide,vide,0.0019,vide
6,6,19,vide,vide,vide,0.0017,vide
6,6,20,vide,vide,vide,0.0011,vide
6,6,21,vide,vide,vide,0.0053,vide
6,6,22,vide,vide,vide,0.0045,vide
6,6,23,vide,vide,vide,0.0035,vide
6,6,24,vide,vide,vide,0.0041,vide
6,6,25,vide,vide,vide,0.0026,vide
6,6,26,vide,vide,vide,0.0036,vide
6,6,27,vide,vide,vide,0.0045,vide
6,6,28,vide,vide,vide,0.0251,vide
6,6,29,vide,vide,vide,0.0099,vide
6,6,30,vide,vide,vide,0.0384,vide
6,7,1,vide,vide,vide,0.0095,vide
6,7,2,vide,vide,vide,0.0054,vide
6,7,3,vide,vide,vide,0.0007,vide
6,7,4,vide,vide,vide,0.0027,vide
6,7,5,vide,vide,vide,0.0031,vide
6,7,6,vide,vide,vide,0.0023,vide
6,7,7,vide,vide,vide,0.0016,vide
6,7,8,vide,vide,vide,0.0059,vide
6,7,9,vide,vide,vide,0.0007,vide
6,7,10,vide,vide,vide,0.0008,vide
6,7,11,vide,vide,vide,0.0011,vide
6,7,12,vide,vide,vide,0.0032,vide
6,7,13,vide,vide,vide,0.0041,vide
6,7,14,vide,vide,vide,0.0030,vide
6,7,15,vide,vide,vide,0.0084,vide
6,7,16,vide,vide,vide,0.0037,vide
6,7,17,vide,vide,vide,0.0022,vide
6,7,18,vide,vide,vide,0.0012,vide
6,7,19,vide,vide,vide,0.0030,vide
6,7,20,vide,vide,vide,0.0049,vide
6,7,21,vide,vide,vide,0.0015,vide
6,7,22,vide,vide,vide,0.0056,vide
6,7,23,vide,vide,vide,0.0008,vide
6,7,24,vide,vide,vide,0.0010,vide
6,7,25,vide,vide,vide,0.0016,vide
6,7,26,vide,vide,vide,0.0015,vide
6,7,27,vide,vide,vide,0.0062,vide
6,7,28,vide,vide,vide,0.0135,vide
6,7,29,vide,vide,vide,0.0132,vide
6,7,30,vide,vide,vide,0.0108,vide
6,7,31,vide,vide,vide,0.0092,vide
6,8,1,vide,vide,vide,0.0046,vide
6,8,2,vide,vide,vide,0.0041,vide
6,8,3,vide,vide,vide,0.0081,vide
6,8,4,vide,vide,vide,0.0048,vide
6,8,5,vide,vide,vide,0.0060,vide
6,8,6,vide,vide,vide,0.0025,vide
6,8,7,vide,vide,vide,0.0014,vide
6,8,8,vide,vide,vide,0.0022,vide
6,8,9,vide,vide,vide,0.0022,vide
6,8,10,vide,vide,vide,0.0032,vide
6,8,11,vide,vide,vide,0.0038,vide
6,8,12,vide,vide,vide,0.0073,vide
6,8,13,vide,vide,vide,0.0022,vide
6,8,14,vide,vide,vide,0.0031,vide
6,8,15,vide,vide,vide,0.0025,vide
6,8,16,vide,vide,vide,0.0034,vide
6,8,17,vide,vide,vide,0.0056,vide
6,8,18,vide,vide,vide,0.0073,vide
6,8,19,vide,vide,vide,0.0060,vide
6,8,20,vide,vide,vide,0.0019,vide
6,8,21,vide,vide,vide,0.0016,vide
6,8,22,vide,vide,vide,0.0009,vide
6,8,23,vide,vide,vide,0.0022,vide
6,8,24,vide,vide,vide,0.0028,vide
6,8,25,vide,vide,vide,0.0019,vide
6,8,26,vide,vide,vide,0.0024,vide
6,8,27,vide,vide,vide,0.0049,vide
6,8,28,vide,vide,vide,0.0068,vide
6,8,29,vide,vide,vide,0.0257,vide
6,8,30,vide,vide,vide,0.0120,vide
6,8,31,vide,vide,vide,0.0425,vide
6,9,1,vide,vide,vide,0.0324,vide
6,9,2,vide,vide,vide,0.0608,vide
6,9,3,vide,vide,vide,0.0391,vide
6,9,4,vide,vide,vide,0.0099,vide
6,9,5,vide,vide,vide,0.0195,vide
6,9,6,vide,vide,vide,0.0208,vide
6,9,7,vide,vide,vide,0.0069,vide
6,9,8,vide,vide,vide,0.0046,vide
6,9,9,vide,vide,vide,0.0067,vide
6,9,10,vide,vide,vide,0.0003,vide
6,9,11,vide,vide,vide,0.0006,vide
6,9,12,vide,vide,vide,0.0070,vide
6,9,13,vide,vide,vide,0.0042,vide
6,9,14,vide,vide,vide,0.0021,vide
6,9,15,vide,vide,vide,0.0022,vide
6,9,16,vide,vide,vide,0.0054,vide
6,9,17,vide,vide,vide,0.0028,vide
6,9,18,vide,vide,vide,0.0009,vide
6,9,19,vide,vide,vide,0.0084,vide
6,9,20,vide,vide,vide,0.0051,vide
6,9,21,vide,vide,vide,0.0016,vide
6,9,22,vide,vide,vide,0.0024,vide
6,9,23,vide,vide,vide,0.0079,vide
6,9,24,vide,vide,vide,0.0023,vide
6,9,25,vide,vide,vide,0.0012,vide
6,9,26,vide,vide,vide,0.0002,vide
6,9,27,vide,vide,vide,0.0057,vide
6,9,28,vide,vide,vide,0.0071,vide
6,9,29,vide,vide,vide,0.0091,vide
6,9,30,vide,vide,vide,0.0242,vide
6,10,1,vide,vide,vide,0.0380,vide
6,10,2,vide,vide,vide,0.0256,vide
6,10,3,vide,vide,vide,0.0171,vide
6,10,4,vide,vide,vide,0.0283,vide
6,10,5,vide,vide,vide,0.0315,vide
6,10,6,vide,vide,vide,0.0226,vide
6,10,7,vide,vide,vide,0.0081,vide
6,10,8,vide,vide,vide,0.0117,vide
6,10,9,vide,vide,vide,0.0009,vide
6,10,10,vide,vide,vide,0.0010,vide
6,10,11,vide,vide,vide,0.0018,vide
6,10,12,vide,vide,vide,0.0019,vide
6,10,13,vide,vide,vide,0.0017,vide
6,10,14,vide,vide,vide,0.0044,vide
6,10,15,vide,vide,vide,0.0010,vide
6,10,16,vide,vide,vide,0.0008,vide
6,10,17,vide,vide,vide,0.0011,vide
6,10,18,vide,vide,vide,0.0027,vide
6,10,19,vide,vide,vide,0.0019,vide
6,10,20,vide,vide,vide,0.0022,vide
6,10,21,vide,vide,vide,0.0020,vide
6,10,22,vide,vide,vide,0.0006,vide
6,10,23,vide,vide,vide,0.0014,vide
6,10,24,vide,vide,vide,0.0004,vide
6,10,25,vide,vide,vide,0.0033,vide
6,10,26,vide,vide,vide,0.0034,vide
6,10,27,vide,vide,vide,0.0013,vide
6,10,28,vide,vide,vide,0.0028,vide
6,10,29,vide,vide,vide,0.0006,vide
6,10,30,vide,vide,vide,0.0008,vide
6,10,31,vide,vide,vide,0.0011,vide
6,11,1,vide,vide,vide,0.0063,vide
6,11,2,vide,vide,vide,0.0044,vide
6,11,3,vide,vide,vide,0.0063,vide
6,11,4,vide,vide,vide,0.0044,vide
6,11,5,vide,vide,vide,0.0018,vide
6,11,6,vide,vide,vide,0.0005,vide
6,11,7,vide,vide,vide,0.0010,vide
6,11,8,vide,vide,vide,0.0016,vide
6,11,9,vide,vide,vide,0.0011,vide
6,11,10,vide,vide,vide,0.0022,vide
6,11,11,vide,vide,vide,0.0018,vide
6,11,12,vide,vide,vide,0.0018,vide
6,11,13,vide,vide,vide,0.0026,vide
6,11,14,vide,vide,vide,0.0011,vide
6,11,15,vide,vide,vide,0.0017,vide
6,11,16,vide,vide,vide,0.0010,vide
6,11,17,vide,vide,vide,0.0029,vide
6,11,18,vide,vide,vide,0.0042,vide
6,11,19,vide,vide,vide,0.0014,vide
6,11,20,vide,vide,vide,0.0010,vide
6,11,21,vide,vide,vide,0.0013,vide
6,11,22,vide,vide,vide,0.0034,vide
6,11,23,vide,vide,vide,0.0030,vide
6,11,24,vide,vide,vide,0.0001,vide
6,11,25,vide,vide,vide,0.0012,vide
6,11,26,vide,vide,vide,0.0001,vide
6,11,27,vide,vide,vide,0.0011,vide
6,11,28,vide,vide,vide,0.0002,vide
6,11,29,vide,vide,vide,0.0020,vide
6,11,30,vide,vide,vide,0.0030,vide
6,12,1,vide,vide,vide,0.0042,vide
6,12,2,vide,vide,vide,0.0072,vide
6,12,3,vide,vide,vide,0.0022,vide
6,12,4,vide,vide,vide,0.0011,vide
6,12,5,vide,vide,vide,0.0014,vide
6,12,6,vide,vide,vide,0.0017,vide
6,12,7,vide,vide,vide,0.0011,vide
6,12,8,vide,vide,vide,0.0042,vide
6,12,9,vide,vide,vide,0.0067,vide
6,12,10,vide,vide,vide,0.0004,vide
6,12,11,vide,vide,vide,0.0009,vide
6,12,12,vide,vide,vide,0.0009,vide
6,12,13,vide,vide,vide,0.0038,vide
6,12,14,vide,vide,vide,0.0029,vide
6,12,15,vide,vide,vide,0.0010,vide
6,12,16,vide,vide,vide,0.0079,vide
6,12,17,vide,vide,vide,0.0055,vide
6,12,18,vide,vide,vide,0.0005,vide
6,12,19,vide,vide,vide,0.0010,vide
6,12,20,vide,vide,vide,0.0017,vide
6,12,21,vide,vide,vide,0.0013,vide
6,12,22,vide,vide,vide,0.0023,vide
6,12,23,vide,vide,vide,0.0035,vide
6,12,24,vide,vide,vide,0.0005,vide
6,12,25,vide,vide,vide,0.0008,vide
6,12,26,vide,vide,vide,0.0005,vide
6,12,27,vide,vide,vide,0.0008,vide
6,12,28,vide,vide,vide,0.0000,vide
6,12,29,vide,vide,vide,0.0008,vide
6,12,30,vide,vide,vide,0.0014,vide
6,12,31,vide,vide,vide,0.0000,vide
60,1,1,vide,vide,vide,0.0395,vide
60,1,2,vide,vide,vide,0.0202,vide
60,1,3,vide,vide,vide,0.0257,vide
60,1,4,vide,vide,vide,0.0367,vide
60,1,5,vide,vide,vide,0.0300,vide
60,1,6,vide,vide,vide,0.0211,vide
60,1,7,vide,vide,vide,0.0167,vide
60,1,8,vide,vide,vide,0.0072,vide
60,1,9,vide,vide,vide,0.0079,vide
60,1,10,vide,vide,vide,0.0193,vide
60,1,11,vide,vide,vide,0.0138,vide
60,1,12,vide,vide,vide,0.0000,vide
60,1,13,vide,vide,vide,0.0113,vide
60,1,14,vide,vide,vide,0.0206,vide
60,1,15,vide,vide,vide,0.0105,vide
60,1,16,vide,vide,vide,0.0133,vide
60,1,17,vide,vide,vide,0.0124,vide
60,1,18,vide,vide,vide,0.0177,vide
60,1,19,vide,vide,vide,0.0002,vide
60,1,20,vide,vide,vide,0.0375,vide
60,1,21,vide,vide,vide,0.0484,vide
60,1,22,vide,vide,vide,0.0461,vide
60,1,23,vide,vide,vide,0.0430,vide
60,1,24,vide,vide,vide,0.0391,vide
60,1,25,vide,vide,vide,0.0373,vide
60,1,26,vide,vide,vide,0.0281,vide
60,1,27,vide,vide,vide,0.0438,vide
60,1,28,vide,vide,vide,0.0440,vide
60,1,29,vide,vide,vide,0.0355,vide
60,1,30,vide,vide,vide,0.0283,vide
60,1,31,vide,vide,vide,0.0285,vide
60,2,1,vide,vide,vide,0.0418,vide
60,2,2,vide,vide,vide,0.0201,vide
60,2,3,vide,vide,vide,0.0202,vide
60,2,4,vide,vide,vide,0.0319,vide
60,2,5,vide,vide,vide,0.0236,vide
60,2,6,vide,vide,vide,0.0248,vide
60,2,7,vide,vide,vide,0.0181,vide
60,2,8,vide,vide,vide,0.0189,vide
60,2,9,vide,vide,vide,0.0189,vide
60,2,10,vide,vide,vide,0.0143,vide
60,2,11,vide,vide,vide,0.0000,vide
60,2,12,vide,vide,vide,0.0000,vide
60,2,13,vide,vide,vide,0.0000,vide
60,2,14,vide,vide,vide,0.0011,vide
60,2,15,vide,vide,vide,0.0119,vide
60,2,16,vide,vide,vide,0.0000,vide
60,2,17,vide,vide,vide,0.0241,vide
60,2,18,vide,vide,vide,0.0260,vide
60,2,19,vide,vide,vide,0.0112,vide
60,2,20,vide,vide,vide,0.0128,vide
60,2,21,vide,vide,vide,0.0216,vide
60,2,22,vide,vide,vide,0.0093,vide
60,2,23,vide,vide,vide,0.0291,vide
60,2,24,vide,vide,vide,0.0379,vide
60,2,25,vide,vide,vide,0.0289,vide
60,2,26,vide,vide,vide,0.0270,vide
60,2,27,vide,vide,vide,0.0260,vide
60,2,28,vide,vide,vide,0.0212,vide
60,3,1,vide,vide,vide,0.0000,vide
60,3,2,vide,vide,vide,0.0221,vide
60,3,3,vide,vide,vide,0.0239,vide
60,3,4,vide,vide,vide,0.0241,vide
60,3,5,vide,vide,vide,0.0171,vide
60,3,6,vide,vide,vide,0.0000,vide
60,3,7,vide,vide,vide,0.0000,vide
60,3,8,vide,vide,vide,0.0009,vide
60,3,9,vide,vide,vide,0.0024,vide
60,3,10,vide,vide,vide,0.0000,vide
60,3,11,vide,vide,vide,0.0000,vide
60,3,12,vide,vide,vide,0.0000,vide
60,3,13,vide,vide,vide,0.0000,vide
60,3,14,vide,vide,vide,0.0000,vide
60,3,15,vide,vide,vide,0.0062,vide
60,3,16,vide,vide,vide,0.0005,vide
60,3,17,vide,vide,vide,0.0209,vide
60,3,18,vide,vide,vide,0.0206,vide
60,3,19,vide,vide,vide,0.0080,vide
60,3,20,vide,vide,vide,0.0108,vide
60,3,21,vide,vide,vide,0.0077,vide
60,3,22,vide,vide,vide,0.0141,vide
60,3,23,vide,vide,vide,0.0277,vide
60,3,24,vide,vide,vide,0.0421,vide
60,3,25,vide,vide,vide,0.0356,vide
60,3,26,vide,vide,vide,0.0295,vide
60,3,27,vide,vide,vide,0.0305,vide
60,3,28,vide,vide,vide,0.0292,vide
60,3,29,vide,vide,vide,0.0229,vide
60,3,30,vide,vide,vide,0.0281,vide
60,3,31,vide,vide,vide,0.0349,vide
60,4,1,vide,vide,vide,0.0000,vide
60,4,2,vide,vide,vide,0.0000,vide
60,4,3,vide,vide,vide,0.0000,vide
60,4,4,vide,vide,vide,0.0000,vide
60,4,5,vide,vide,vide,0.0000,vide
60,4,6,vide,vide,vide,0.0000,vide
60,4,7,vide,vide,vide,0.0000,vide
60,4,8,vide,vide,vide,0.0000,vide
60,4,9,vide,vide,vide,0.0000,vide
60,4,10,vide,vide,vide,0.0000,vide
60,4,11,vide,vide,vide,0.0000,vide
60,4,12,vide,vide,vide,0.0000,vide
60,4,13,vide,vide,vide,0.0000,vide
60,4,14,vide,vide,vide,0.0154,vide
60,4,15,vide,vide,vide,0.0214,vide
60,4,16,vide,vide,vide,0.0063,vide
60,4,17,vide,vide,vide,0.0135,vide
60,4,18,vide,vide,vide,0.0148,vide
60,4,19,vide,vide,vide,0.0181,vide
60,4,20,vide,vide,vide,0.0008,vide
60,4,21,vide,vide,vide,0.0200,vide
60,4,22,vide,vide,vide,0.0124,vide
60,4,23,vide,vide,vide,0.0000,vide
60,4,24,vide,vide,vide,0.0000,vide
60,4,25,vide,vide,vide,0.0000,vide
60,4,26,vide,vide,vide,0.0000,vide
60,4,27,vide,vide,vide,0.0016,vide
60,4,28,vide,vide,vide,0.0000,vide
60,4,29,vide,vide,vide,0.0000,vide
60,4,30,vide,vide,vide,0.0000,vide
60,5,1,vide,vide,vide,0.0000,vide
60,5,2,vide,vide,vide,0.0000,vide
60,5,3,vide,vide,vide,0.0000,vide
60,5,4,vide,vide,vide,0.0000,vide
60,5,5,vide,vide,vide,0.0000,vide
60,5,6,vide,vide,vide,0.0000,vide
60,5,7,vide,vide,vide,0.0000,vide
60,5,8,vide,vide,vide,0.0000,vide
60,5,9,vide,vide,vide,0.0000,vide
60,5,10,vide,vide,vide,0.0000,vide
60,5,11,vide,vide,vide,0.0000,vide
60,5,12,vide,vide,vide,0.0029,vide
60,5,13,vide,vide,vide,0.0071,vide
60,5,14,vide,vide,vide,0.0000,vide
60,5,15,vide,vide,vide,0.0017,vide
60,5,16,vide,vide,vide,0.0064,vide
60,5,17,vide,vide,vide,0.0188,vide
60,5,18,vide,vide,vide,0.0008,vide
60,5,19,vide,vide,vide,0.0231,vide
60,5,20,vide,vide,vide,0.0204,vide
60,5,21,vide,vide,vide,0.0055,vide
60,5,22,vide,vide,vide,0.0053,vide
60,5,23,vide,vide,vide,0.0036,vide
60,5,24,vide,vide,vide,0.0092,vide
60,5,25,vide,vide,vide,0.0000,vide
60,5,26,vide,vide,vide,0.0040,vide
60,5,27,vide,vide,vide,0.0020,vide
60,5,28,vide,vide,vide,0.0000,vide
60,5,29,vide,vide,vide,0.0000,vide
60,5,30,vide,vide,vide,0.0877,vide
60,5,31,vide,vide,vide,0.0000,vide
60,6,1,vide,vide,vide,0.0000,vide
60,6,2,vide,vide,vide,0.0000,vide
60,6,3,vide,vide,vide,0.0000,vide
60,6,4,vide,vide,vide,0.0000,vide
60,6,5,vide,vide,vide,0.0000,vide
60,6,6,vide,vide,vide,0.0000,vide
60,6,7,vide,vide,vide,0.0000,vide
60,6,8,vide,vide,vide,0.0000,vide
60,6,9,vide,vide,vide,0.0000,vide
60,6,10,vide,vide,vide,0.0000,vide
60,6,11,vide,vide,vide,0.0000,vide
60,6,12,vide,vide,vide,0.0000,vide
60,6,13,vide,vide,vide,0.0000,vide
60,6,14,vide,vide,vide,0.0000,vide
60,6,15,vide,vide,vide,0.0000,vide
60,6,16,vide,vide,vide,0.0059,vide
60,6,17,vide,vide,vide,0.0054,vide
60,6,18,vide,vide,vide,0.0012,vide
60,6,19,vide,vide,vide,0.0039,vide
60,6,20,vide,vide,vide,0.0009,vide
60,6,21,vide,vide,vide,0.0085,vide
60,6,22,vide,vide,vide,0.0012,vide
60,6,23,vide,vide,vide,0.0195,vide
60,6,24,vide,vide,vide,0.0118,vide
60,6,25,vide,vide,vide,0.0008,vide
60,6,26,vide,vide,vide,0.0025,vide
60,6,27,vide,vide,vide,0.0031,vide
60,6,28,vide,vide,vide,0.0043,vide
60,6,29,vide,vide,vide,0.0008,vide
60,6,30,vide,vide,vide,0.0076,vide
60,7,1,vide,vide,vide,0.0000,vide
60,7,2,vide,vide,vide,0.0000,vide
60,7,3,vide,vide,vide,0.0000,vide
60,7,4,vide,vide,vide,0.0000,vide
60,7,5,vide,vide,vide,0.0000,vide
60,7,6,vide,vide,vide,0.0000,vide
60,7,7,vide,vide,vide,0.0013,vide
60,7,8,vide,vide,vide,0.0000,vide
60,7,9,vide,vide,vide,0.0000,vide
60,7,10,vide,vide,vide,0.0000,vide
60,7,11,vide,vide,vide,0.0000,vide
60,7,12,vide,vide,vide,0.0000,vide
60,7,13,vide,vide,vide,0.0000,vide
60,7,14,vide,vide,vide,0.0000,vide
60,7,15,vide,vide,vide,0.0000,vide
60,7,16,vide,vide,vide,0.0000,vide
60,7,17,vide,vide,vide,0.0000,vide
60,7,18,vide,vide,vide,0.0000,vide
60,7,19,vide,vide,vide,0.0000,vide
60,7,20,vide,vide,vide,0.0000,vide
60,7,21,vide,vide,vide,0.0044,vide
60,7,22,vide,vide,vide,0.0050,vide
60,7,23,vide,vide,vide,0.0000,vide
60,7,24,vide,vide,vide,0.0007,vide
60,7,25,vide,vide,vide,0.0010,vide
60,7,26,vide,vide,vide,0.0075,vide
60,7,27,vide,vide,vide,0.0003,vide
60,7,28,vide,vide,vide,0.0187,vide
60,7,29,vide,vide,vide,0.0135,vide
60,7,30,vide,vide,vide,0.0060,vide
60,7,31,vide,vide,vide,0.0087,vide
60,8,1,vide,vide,vide,0.0067,vide
60,8,2,vide,vide,vide,0.0292,vide
60,8,3,vide,vide,vide,0.0167,vide
60,8,4,vide,vide,vide,0.0000,vide
60,8,5,vide,vide,vide,0.0000,vide
60,8,6,vide,vide,vide,0.0002,vide
60,8,7,vide,vide,vide,0.0005,vide
60,8,8,vide,vide,vide,0.0005,vide
60,8,9,vide,vide,vide,0.0000,vide
60,8,10,vide,vide,vide,0.0000,vide
60,8,11,vide,vide,vide,0.0000,vide
60,8,12,vide,vide,vide,0.0000,vide
60,8,13,vide,vide,vide,0.0000,vide
60,8,14,vide,vide,vide,0.0000,vide
60,8,15,vide,vide,vide,0.0000,vide
60,8,16,vide,vide,vide,0.0000,vide
60,8,17,vide,vide,vide,0.0000,vide
60,8,18,vide,vide,vide,0.0000,vide
60,8,19,vide,vide,vide,0.0000,vide
62,1,1,vide,vide,vide,0.0000,vide
62,1,2,vide,vide,vide,0.0000,vide
62,1,3,vide,vide,vide,0.0000,vide
62,1,4,vide,vide,vide,0.0000,vide
62,1,5,vide,vide,vide,0.0000,vide
62,1,6,vide,vide,vide,0.0000,vide
62,1,7,vide,vide,vide,0.0000,vide
62,1,8,vide,vide,vide,0.0000,vide
62,1,9,vide,vide,vide,0.0000,vide
62,1,10,vide,vide,vide,0.0000,vide
62,1,11,vide,vide,vide,0.0000,vide
62,1,12,vide,vide,vide,0.0000,vide
62,1,13,vide,vide,vide,0.0000,vide
62,1,14,vide,vide,vide,0.0000,vide
62,1,15,vide,vide,vide,0.0000,vide
62,1,16,vide,vide,vide,0.0000,vide
62,1,17,vide,vide,vide,0.0000,vide
62,1,18,vide,vide,vide,0.0000,vide
62,1,19,vide,vide,vide,0.0000,vide
62,1,20,vide,vide,vide,0.0000,vide
62,1,21,vide,vide,vide,0.0000,vide
62,1,22,vide,vide,vide,0.0000,vide
62,1,23,vide,vide,vide,0.0000,vide
62,1,24,vide,vide,vide,0.0000,vide
62,1,25,vide,vide,vide,0.0000,vide
62,1,26,vide,vide,vide,0.0000,vide
62,1,27,vide,vide,vide,0.0000,vide
62,1,28,vide,vide,vide,0.0000,vide
62,1,29,vide,vide,vide,0.0000,vide
62,1,30,vide,vide,vide,0.0000,vide
62,1,31,vide,vide,vide,0.0000,vide
62,2,1,vide,vide,vide,0.0013,vide
62,2,2,vide,vide,vide,0.0014,vide
62,2,3,vide,vide,vide,0.0004,vide
62,2,4,vide,vide,vide,0.0015,vide
62,2,5,vide,vide,vide,0.0008,vide
62,2,6,vide,vide,vide,0.0001,vide
62,2,7,vide,vide,vide,0.0007,vide
62,2,8,vide,vide,vide,0.0007,vide
62,2,9,vide,vide,vide,0.0005,vide
62,2,10,vide,vide,vide,0.0000,vide
62,2,11,vide,vide,vide,0.0008,vide
62,2,12,vide,vide,vide,0.0004,vide
62,2,13,vide,vide,vide,0.0002,vide
62,2,14,vide,vide,vide,0.0002,vide
62,2,15,vide,vide,vide,0.0003,vide
62,2,16,vide,vide,vide,0.0002,vide
62,2,17,vide,vide,vide,0.0000,vide
62,2,18,vide,vide,vide,0.0004,vide
62,2,19,vide,vide,vide,0.0007,vide
62,2,20,vide,vide,vide,0.0001,vide
62,2,21,vide,vide,vide,0.0004,vide
62,2,22,vide,vide,vide,0.0001,vide
62,2,23,vide,vide,vide,0.0008,vide
62,2,24,vide,vide,vide,0.0003,vide
62,2,25,vide,vide,vide,0.0018,vide
62,2,26,vide,vide,vide,0.0004,vide
62,2,27,vide,vide,vide,0.0007,vide
62,2,28,vide,vide,vide,0.0000,vide
62,2,29,vide,vide,vide,0.0015,vide
62,3,1,vide,vide,vide,0.0047,vide
62,3,2,vide,vide,vide,0.0054,vide
62,3,3,vide,vide,vide,0.0046,vide
62,3,4,vide,vide,vide,0.0061,vide
62,3,5,vide,vide,vide,0.0010,vide
62,3,6,vide,vide,vide,0.0004,vide
62,3,7,vide,vide,vide,0.0003,vide
62,3,8,vide,vide,vide,0.0002,vide
62,3,9,vide,vide,vide,0.0001,vide
62,3,10,vide,vide,vide,0.0023,vide
62,3,11,vide,vide,vide,0.0003,vide
62,3,12,vide,vide,vide,0.0006,vide
62,3,13,vide,vide,vide,0.0005,vide
62,3,14,vide,vide,vide,0.0008,vide
62,3,15,vide,vide,vide,0.0000,vide
62,3,16,vide,vide,vide,0.0000,vide
62,3,17,vide,vide,vide,0.0009,vide
62,3,18,vide,vide,vide,0.0006,vide
62,3,19,vide,vide,vide,0.0004,vide
62,3,20,vide,vide,vide,0.0005,vide
62,3,21,vide,vide,vide,0.0002,vide
62,3,22,vide,vide,vide,0.0000,vide
62,3,23,vide,vide,vide,0.0000,vide
62,3,24,vide,vide,vide,0.0000,vide
62,3,25,vide,X,vide,0.0176,vide
62,3,26,vide,X,vide,0.0097,vide
62,3,27,vide,vide,vide,0.0054,vide
62,3,28,vide,vide,vide,0.0016,vide
62,3,29,vide,vide,vide,0.0244,vide
62,3,30,vide,vide,vide,0.0487,vide
62,3,31,vide,vide,vide,0.0146,vide
62,4,1,vide,vide,vide,0.0094,vide
62,4,2,vide,vide,vide,0.0028,vide
62,4,3,vide,vide,vide,0.0012,vide
62,4,4,vide,vide,vide,0.0011,vide
62,4,5,vide,vide,vide,0.0010,vide
62,4,6,vide,vide,vide,0.0000,vide
62,4,7,vide,vide,vide,0.0017,vide
62,4,8,vide,vide,vide,0.0009,vide
62,4,9,vide,vide,vide,0.0005,vide
62,4,10,vide,vide,vide,0.0007,vide
62,4,11,vide,vide,vide,0.0005,vide
62,4,12,vide,vide,vide,0.0001,vide
62,4,13,vide,vide,vide,0.0000,vide
62,4,14,vide,vide,vide,0.0000,vide
62,4,15,vide,vide,vide,0.0006,vide
62,4,16,vide,vide,vide,0.0008,vide
62,4,17,vide,vide,vide,0.0010,vide
62,4,18,vide,vide,vide,0.0007,vide
62,4,19,vide,vide,vide,0.0000,vide
62,4,20,vide,vide,vide,0.0000,vide
62,4,21,vide,vide,vide,0.0005,vide
62,4,22,vide,vide,vide,0.0005,vide
62,4,23,vide,vide,vide,0.0005,vide
62,4,24,vide,vide,vide,0.0004,vide
62,4,25,vide,vide,vide,0.0001,vide
62,4,26,vide,vide,vide,0.0003,vide
62,4,27,vide,vide,vide,0.0244,vide
62,4,28,vide,vide,vide,0.0674,vide
62,4,29,vide,vide,vide,0.0515,vide
62,4,30,vide,vide,vide,0.0566,vide
62,5,1,vide,vide,vide,0.0005,vide
62,5,2,vide,vide,vide,0.0026,vide
62,5,3,vide,vide,vide,0.0002,vide
62,5,4,vide,vide,vide,0.0000,vide
62,5,5,vide,X,vide,0.0100,vide
62,5,6,vide,X,vide,0.0016,vide
62,5,7,vide,vide,vide,0.0034,vide
62,5,8,vide,vide,vide,0.0013,vide
62,5,9,vide,X,vide,0.0006,vide
62,5,10,vide,vide,vide,0.0006,vide
62,5,11,vide,vide,vide,0.0000,vide
62,5,12,vide,vide,vide,0.0007,vide
62,5,13,vide,vide,vide,0.0002,vide
62,5,14,vide,vide,vide,0.0001,vide
62,5,15,vide,vide,vide,0.0010,vide
62,5,16,vide,vide,vide,0.0015,vide
62,5,17,vide,vide,vide,0.0012,vide
62,5,18,vide,vide,vide,0.0003,vide
62,5,19,vide,vide,vide,0.0002,vide
62,5,20,vide,vide,vide,0.0003,vide
62,5,21,vide,vide,vide,0.0002,vide
62,5,22,vide,vide,vide,0.0004,vide
62,5,23,vide,vide,vide,0.0013,vide
62,5,24,vide,vide,vide,0.0008,vide
62,5,25,vide,vide,vide,0.0000,vide
62,5,26,vide,vide,vide,0.0030,vide
62,5,27,vide,vide,vide,0.0186,vide
62,5,28,vide,vide,vide,0.0652,vide
62,5,29,vide,vide,vide,0.0534,vide
62,5,30,vide,vide,vide,0.0418,vide
62,5,31,vide,vide,vide,0.0295,vide
62,6,1,vide,vide,vide,0.0000,vide
62,6,2,vide,vide,vide,0.0049,vide
62,6,3,vide,?,vide,0.0240,vide
62,6,4,vide,vide,vide,0.0005,vide
62,6,5,vide,vide,vide,0.0011,vide
62,6,6,vide,vide,vide,0.0015,vide
62,6,7,vide,vide,vide,0.0018,vide
62,6,8,vide,vide,vide,0.0003,vide
62,6,9,vide,vide,vide,0.0014,vide
62,6,10,vide,vide,vide,0.0002,vide
62,6,11,vide,vide,vide,0.0002,vide
62,6,12,vide,vide,vide,0.0011,vide
62,6,13,vide,vide,vide,0.0004,vide
62,6,14,vide,vide,vide,0.0031,vide
62,6,15,vide,vide,vide,0.0001,vide
62,6,16,vide,vide,vide,0.0014,vide
62,6,17,vide,vide,vide,0.0005,vide
62,6,18,vide,vide,vide,0.0000,vide
62,6,19,vide,vide,vide,0.0010,vide
62,6,20,vide,vide,vide,0.0006,vide
62,6,21,vide,vide,vide,0.0007,vide
62,6,22,vide,vide,vide,0.0000,vide
62,6,23,vide,vide,vide,0.0012,vide
62,6,24,vide,vide,vide,0.0000,vide
62,6,25,vide,vide,vide,0.0031,vide
62,6,26,vide,vide,vide,0.0190,vide
62,6,27,vide,vide,vide,0.0267,vide
62,6,28,vide,vide,vide,0.0590,vide
62,6,29,vide,vide,vide,0.0174,vide
62,6,30,vide,vide,vide,0.0315,vide
62,7,1,vide,vide,vide,0.0029,vide
62,7,2,vide,vide,vide,0.0020,vide
62,7,3,vide,vide,vide,0.0027,vide
62,7,4,vide,vide,vide,0.0002,vide
62,7,5,vide,vide,vide,0.0000,vide
62,7,6,vide,vide,vide,0.0003,vide
62,7,7,vide,vide,vide,0.0006,vide
62,7,8,vide,vide,vide,0.0003,vide
62,7,9,vide,vide,vide,0.0001,vide
62,7,10,vide,vide,vide,0.0006,vide
62,7,11,vide,vide,vide,0.0003,vide
62,7,12,vide,vide,vide,0.0005,vide
62,7,13,vide,vide,vide,0.0000,vide
62,7,14,vide,vide,vide,0.0013,vide
62,7,15,vide,vide,vide,0.0007,vide
62,7,16,vide,vide,vide,0.0003,vide
62,7,17,vide,vide,vide,0.0004,vide
62,7,18,vide,vide,vide,0.0006,vide
62,7,19,vide,vide,vide,0.0014,vide
62,7,20,vide,vide,vide,0.0001,vide
62,7,21,vide,vide,vide,0.0025,vide
62,7,22,vide,vide,vide,0.0010,vide
62,7,23,vide,vide,vide,0.0008,vide
62,7,24,vide,vide,vide,0.0013,vide
62,7,25,vide,vide,vide,0.0004,vide
62,7,26,vide,vide,vide,0.0112,vide
62,7,27,vide,vide,vide,0.0180,vide
62,7,28,vide,vide,vide,0.0698,vide
62,7,29,vide,vide,vide,0.0777,vide
62,7,30,vide,vide,vide,0.0605,vide
62,7,31,vide,vide,vide,0.0471,vide
62,8,1,vide,vide,vide,0.0091,vide
62,8,2,vide,vide,vide,0.0102,vide
62,8,3,vide,vide,vide,0.0326,vide
62,8,4,vide,vide,vide,0.0068,vide
62,8,5,vide,vide,vide,0.0015,vide
62,8,6,vide,vide,vide,0.0017,vide
62,8,7,vide,vide,vide,0.0008,vide
62,8,8,vide,vide,vide,0.0019,vide
62,8,9,vide,X,vide,0.0015,vide
62,8,10,vide,vide,vide,0.0001,vide
62,8,11,vide,X,vide,0.0058,vide
62,8,12,vide,vide,vide,0.0014,vide
62,8,13,vide,vide,vide,0.0007,vide
62,8,14,vide,vide,vide,0.0015,vide
62,8,15,vide,vide,vide,0.0003,vide
62,8,16,vide,vide,vide,0.0017,vide
62,8,17,vide,vide,vide,0.0008,vide
62,8,18,vide,vide,vide,0.0023,vide
62,8,19,vide,vide,vide,0.0002,vide
62,8,20,vide,vide,vide,0.0010,vide
62,8,21,vide,vide,vide,0.0014,vide
62,8,22,vide,vide,vide,0.0003,vide
62,8,23,vide,vide,vide,0.0000,vide
62,8,24,vide,vide,vide,0.0001,vide
62,8,25,vide,vide,vide,0.0015,vide
62,8,26,vide,vide,vide,0.0001,vide
62,8,27,vide,vide,vide,0.0002,vide
62,8,28,vide,vide,vide,0.0005,vide
62,8,29,vide,vide,vide,0.0028,vide
62,8,30,vide,vide,vide,0.0121,vide
62,8,31,vide,vide,vide,0.0167,vide
62,9,1,vide,vide,vide,0.0165,vide
62,9,2,vide,vide,vide,0.0631,vide
62,9,3,vide,vide,vide,0.0180,vide
62,9,4,vide,vide,vide,0.0145,vide
62,9,5,vide,vide,vide,0.0097,vide
62,9,6,vide,vide,vide,0.0466,vide
62,9,7,vide,vide,vide,0.0289,vide
62,9,8,vide,vide,vide,0.0071,vide
62,9,9,vide,vide,vide,0.0037,vide
62,9,10,vide,vide,vide,0.0003,vide
62,9,11,vide,vide,vide,0.0007,vide
62,9,12,vide,vide,vide,0.0021,vide
62,9,13,vide,vide,vide,0.0000,vide
62,9,14,vide,vide,vide,0.0003,vide
62,9,15,vide,vide,vide,0.0006,vide
62,9,16,vide,vide,vide,0.0004,vide
62,9,17,vide,vide,vide,0.0013,vide
62,9,18,vide,vide,vide,0.0012,vide
62,9,19,vide,vide,vide,0.0002,vide
62,9,20,vide,vide,vide,0.0008,vide
62,9,21,vide,vide,vide,0.0000,vide
62,9,22,vide,vide,vide,0.0015,vide
62,9,23,vide,vide,vide,0.0017,vide
62,9,24,vide,vide,vide,0.0008,vide
62,9,25,vide,vide,vide,0.0013,vide
62,9,26,vide,vide,vide,0.0003,vide
62,9,27,vide,vide,vide,0.0000,vide
62,9,28,vide,vide,vide,0.0000,vide
62,9,29,vide,vide,vide,0.0014,vide
62,9,30,vide,vide,vide,0.0001,vide
62,10,1,vide,vide,vide,0.0217,vide
62,10,2,vide,vide,vide,0.0195,vide
62,10,3,vide,vide,vide,0.0166,vide
62,10,4,vide,vide,vide,0.0185,vide
62,10,5,vide,vide,vide,0.0215,vide
62,10,6,vide,vide,vide,0.0167,vide
62,10,7,vide,vide,vide,0.0212,vide
62,10,8,vide,vide,vide,0.0068,vide
62,10,9,vide,vide,vide,0.0015,vide
62,10,10,vide,vide,vide,0.0023,vide
62,10,11,vide,vide,vide,0.0015,vide
62,10,12,vide,vide,vide,0.0003,vide
62,10,13,vide,vide,vide,0.0030,vide
62,10,14,vide,vide,vide,0.0007,vide
62,10,15,vide,vide,vide,0.0002,vide
62,10,16,vide,vide,vide,0.0014,vide
62,10,17,vide,vide,vide,0.0008,vide
62,10,18,vide,vide,vide,0.0004,vide
62,10,19,vide,vide,vide,0.0003,vide
62,10,20,vide,vide,vide,0.0013,vide
62,10,21,vide,vide,vide,0.0000,vide
62,10,22,vide,vide,vide,0.0004,vide
62,10,23,vide,vide,vide,0.0002,vide
62,10,24,vide,vide,vide,0.0007,vide
62,10,25,vide,vide,vide,0.0005,vide
62,10,26,vide,vide,vide,0.0000,vide
62,10,27,vide,vide,vide,0.0016,vide
62,10,28,vide,vide,vide,0.0002,vide
62,10,29,vide,vide,vide,0.0003,vide
62,10,30,vide,vide,vide,0.0007,vide
62,10,31,vide,vide,vide,0.0002,vide
62,11,1,vide,vide,vide,0.0048,vide
62,11,2,vide,vide,vide,0.0020,vide
62,11,3,vide,vide,vide,0.0064,vide
62,11,4,vide,vide,vide,0.0034,vide
62,11,5,vide,vide,vide,0.0016,vide
62,11,6,vide,vide,vide,0.0033,vide
62,11,7,vide,vide,vide,0.0012,vide
62,11,8,vide,vide,vide,0.0004,vide
62,11,9,vide,vide,vide,0.0003,vide
62,11,10,vide,vide,vide,0.0015,vide
62,11,11,vide,vide,vide,0.0005,vide
62,11,12,vide,vide,vide,0.0002,vide
62,11,13,vide,vide,vide,0.0013,vide
62,11,14,vide,vide,vide,0.0011,vide
62,11,15,vide,vide,vide,0.0010,vide
62,11,16,vide,vide,vide,0.0009,vide
62,11,17,vide,vide,vide,0.0020,vide
62,11,18,vide,vide,vide,0.0007,vide
62,11,19,vide,vide,vide,0.0002,vide
62,11,20,vide,vide,vide,0.0005,vide
62,11,21,vide,vide,vide,0.0003,vide
62,11,22,vide,vide,vide,0.0006,vide
62,11,23,vide,vide,vide,0.0001,vide
62,11,24,vide,vide,vide,0.0007,vide
62,11,25,vide,vide,vide,0.0003,vide
62,11,26,vide,vide,vide,0.0002,vide
62,11,27,vide,vide,vide,0.0003,vide
62,11,28,vide,vide,vide,0.0003,vide
62,11,29,vide,vide,vide,0.0000,vide
62,11,30,vide,vide,vide,0.0000,vide
62,12,1,vide,vide,vide,0.0343,vide
62,12,2,vide,vide,vide,0.0236,vide
62,12,3,vide,vide,vide,0.0222,vide
62,12,4,vide,vide,vide,0.0166,vide
62,12,5,vide,vide,vide,0.0138,vide
62,12,6,vide,vide,vide,0.0032,vide
62,12,7,vide,vide,vide,0.0002,vide
62,12,8,vide,vide,vide,0.0020,vide
62,12,9,vide,vide,vide,0.0008,vide
62,12,10,vide,vide,vide,0.0015,vide
62,12,11,vide,vide,vide,0.0021,vide
62,12,12,vide,vide,vide,0.0017,vide
62,12,13,vide,vide,vide,0.0009,vide
62,12,14,vide,vide,vide,0.0000,vide
62,12,15,vide,vide,vide,0.0008,vide
62,12,16,vide,vide,vide,0.0006,vide
62,12,17,vide,vide,vide,0.0002,vide
62,12,18,vide,vide,vide,0.0015,vide
62,12,19,vide,vide,vide,0.0003,vide
62,12,20,vide,vide,vide,0.0015,vide
62,12,21,vide,vide,vide,0.0006,vide
62,12,22,vide,vide,vide,0.0016,vide
62,12,23,vide,vide,vide,0.0000,vide
62,12,24,vide,vide,vide,0.0009,vide
62,12,25,vide,vide,vide,0.0010,vide
62,12,26,vide,vide,vide,0.0008,vide
62,12,27,vide,vide,vide,0.0003,vide
62,12,28,vide,vide,vide,0.0000,vide
62,12,29,vide,vide,vide,0.0067,vide
62,12,30,vide,vide,vide,0.0508,vide
62,12,31,vide,vide,vide,0.0899,vide
63,1,1,vide,vide,vide,0.0034,vide
63,1,2,vide,vide,vide,0.0012,vide
63,1,3,vide,vide,vide,0.0035,vide
63,1,4,vide,vide,vide,0.0021,vide
63,1,5,vide,vide,vide,0.0035,vide
63,1,6,vide,vide,vide,0.0015,vide
63,1,7,vide,vide,vide,0.0002,vide
63,1,8,vide,vide,vide,0.0000,vide
63,1,9,vide,vide,vide,0.0000,vide
63,1,10,vide,vide,vide,0.0000,vide
63,1,11,vide,vide,vide,0.0000,vide
63,1,12,vide,vide,vide,0.0000,vide
63,1,13,vide,vide,vide,0.0000,vide
63,1,14,vide,vide,vide,0.0000,vide
63,1,15,vide,vide,vide,0.0000,vide
63,1,16,vide,vide,vide,0.0000,vide
63,1,17,vide,vide,vide,0.0000,vide
63,1,18,vide,vide,vide,0.0000,vide
63,1,19,vide,vide,vide,0.0005,vide
63,1,20,vide,vide,vide,0.0040,vide
63,1,21,vide,vide,vide,0.0000,vide
63,1,22,vide,vide,vide,0.0007,vide
63,1,23,vide,vide,vide,0.0000,vide
63,1,24,vide,vide,vide,0.0007,vide
63,1,25,vide,vide,vide,0.0003,vide
63,1,26,vide,vide,vide,0.0002,vide
63,1,27,vide,vide,vide,0.0002,vide
63,1,28,vide,vide,vide,0.0000,vide
63,1,29,vide,vide,vide,0.0000,vide
63,1,30,vide,vide,vide,0.0000,vide
63,1,31,vide,vide,vide,0.0000,vide
63,2,1,vide,vide,vide,0.0016,vide
63,2,2,vide,vide,vide,0.0020,vide
63,2,3,vide,vide,vide,0.0023,vide
63,2,4,vide,vide,vide,0.0009,vide
63,2,5,vide,vide,vide,0.0033,vide
63,2,6,vide,vide,vide,0.0038,vide
63,2,7,vide,vide,vide,0.0005,vide
63,2,8,vide,vide,vide,0.0021,vide
63,2,9,vide,vide,vide,0.0036,vide
63,2,10,vide,vide,vide,0.0053,vide
63,2,11,vide,vide,vide,0.0022,vide
63,2,12,vide,vide,vide,0.0020,vide
63,2,13,vide,vide,vide,0.0018,vide
63,2,14,vide,vide,vide,0.0016,vide
63,2,15,vide,vide,vide,0.0007,vide
63,2,16,vide,vide,vide,0.0003,vide
63,2,17,vide,vide,vide,0.0002,vide
63,2,18,vide,vide,vide,0.0000,vide
63,2,19,vide,vide,vide,0.0002,vide
63,2,20,vide,vide,vide,0.0010,vide
63,2,21,vide,vide,vide,0.0000,vide
63,2,22,vide,vide,vide,0.0000,vide
63,2,23,vide,vide,vide,0.0001,vide
63,2,24,vide,vide,vide,0.0009,vide
63,2,25,vide,vide,vide,0.0005,vide
63,2,26,vide,vide,vide,0.0012,vide
63,2,27,vide,vide,vide,0.0000,vide
63,2,28,vide,vide,vide,0.0004,vide
63,3,1,vide,vide,vide,0.0000,vide
63,3,2,vide,vide,vide,0.0002,vide
63,3,3,vide,vide,vide,0.0002,vide
63,3,4,vide,vide,vide,0.0000,vide
63,3,5,vide,vide,vide,0.0000,vide
63,3,6,vide,vide,vide,0.0001,vide
63,3,7,vide,vide,vide,0.0002,vide
63,3,8,vide,vide,vide,0.0007,vide
63,3,9,vide,vide,vide,0.0017,vide
63,3,10,vide,vide,vide,0.0002,vide
63,3,11,vide,vide,vide,0.0000,vide
63,3,12,vide,vide,vide,0.0000,vide
63,3,13,vide,vide,vide,0.0000,vide
63,3,14,vide,vide,vide,0.0000,vide
63,3,15,vide,vide,vide,0.0000,vide
63,3,16,vide,vide,vide,0.0006,vide
63,3,17,vide,vide,vide,0.0000,vide
63,3,18,vide,vide,vide,0.0000,vide
63,3,19,vide,vide,vide,0.0000,vide
63,3,20,vide,vide,vide,0.0000,vide
63,3,21,vide,vide,vide,0.0000,vide
63,3,22,vide,vide,vide,0.0000,vide
63,3,23,vide,vide,vide,0.0000,vide
63,3,24,vide,vide,vide,0.0000,vide
63,3,25,vide,vide,vide,0.0000,vide
63,3,26,vide,vide,vide,0.0000,vide
63,3,27,vide,vide,vide,0.0000,vide
63,3,28,vide,vide,vide,0.0000,vide
63,3,29,vide,vide,vide,0.0007,vide
63,3,30,vide,vide,vide,0.0000,vide
63,3,31,vide,vide,vide,0.0000,vide
63,4,1,vide,vide,vide,0.0008,vide
63,4,2,vide,vide,vide,0.0016,vide
63,4,3,vide,vide,vide,0.0013,vide
63,4,4,vide,vide,vide,0.0005,vide
63,4,5,vide,vide,vide,0.0019,vide
63,4,6,vide,vide,vide,0.0014,vide
63,4,7,vide,vide,vide,0.0019,vide
63,4,8,vide,vide,vide,0.0020,vide
63,4,9,vide,vide,vide,0.0017,vide
63,4,10,vide,vide,vide,0.0008,vide
63,4,11,vide,vide,vide,0.0011,vide
63,4,12,vide,vide,vide,0.0033,vide
63,4,13,vide,vide,vide,0.0035,vide
63,4,14,vide,vide,vide,0.0015,vide
63,4,15,vide,vide,vide,0.0018,vide
63,4,16,vide,vide,vide,0.0025,vide
63,4,17,vide,vide,vide,0.0016,vide
63,4,18,vide,vide,vide,0.0017,vide
63,4,19,vide,vide,vide,0.0016,vide
63,4,20,vide,vide,vide,0.0019,vide
63,4,21,vide,vide,vide,0.0015,vide
63,4,22,vide,vide,vide,0.0012,vide
63,4,23,vide,vide,vide,0.0015,vide
63,4,24,vide,vide,vide,0.0008,vide
63,4,25,vide,vide,vide,0.0005,vide
63,4,26,vide,vide,vide,0.0011,vide
63,4,27,vide,vide,vide,0.0017,vide
63,4,28,vide,vide,vide,0.0048,vide
63,4,29,vide,vide,vide,0.0006,vide
63,4,30,vide,vide,vide,0.0009,vide
63,5,1,vide,vide,vide,0.0028,vide
63,5,2,vide,vide,vide,0.0058,vide
63,5,3,vide,vide,vide,0.0007,vide
63,5,4,vide,vide,vide,0.0014,vide
63,5,5,vide,vide,vide,0.0027,vide
63,5,6,vide,vide,vide,0.0018,vide
63,5,7,vide,vide,vide,0.0031,vide
63,5,8,vide,vide,vide,0.0037,vide
63,5,9,vide,vide,vide,0.0039,vide
63,5,10,vide,vide,vide,0.0021,vide
63,5,11,vide,vide,vide,0.0017,vide
63,5,12,vide,vide,vide,0.0028,vide
63,5,13,vide,vide,vide,0.0022,vide
63,5,14,vide,vide,vide,0.0014,vide
63,5,15,vide,vide,vide,0.0023,vide
63,5,16,vide,vide,vide,0.0031,vide
63,5,17,vide,vide,vide,0.0019,vide
63,5,18,vide,vide,vide,0.0005,vide
63,5,19,vide,vide,vide,0.0034,vide
63,5,20,vide,vide,vide,0.0013,vide
63,5,21,vide,vide,vide,0.0026,vide
63,5,22,vide,vide,vide,0.0008,vide
63,5,23,vide,vide,vide,0.0022,vide
63,5,24,vide,vide,vide,0.0028,vide
63,5,25,vide,vide,vide,0.0038,vide
63,5,26,vide,vide,vide,0.0063,vide
63,5,27,vide,vide,vide,0.0004,vide
63,5,28,vide,vide,vide,0.0007,vide
63,5,29,vide,vide,vide,0.0011,vide
63,5,30,vide,vide,vide,0.0010,vide
63,5,31,vide,vide,vide,0.0039,vide
63,6,1,vide,vide,vide,0.0034,vide
63,6,2,vide,vide,vide,0.0041,vide
63,6,3,vide,vide,vide,0.0022,vide
63,6,4,vide,vide,vide,0.0028,vide
63,6,5,vide,vide,vide,0.0005,vide
63,6,6,vide,vide,vide,0.0025,vide
63,6,7,vide,vide,vide,0.0022,vide
63,6,8,vide,vide,vide,0.0019,vide
63,6,9,vide,vide,vide,0.0024,vide
63,6,10,vide,vide,vide,0.0019,vide
63,6,11,vide,vide,vide,0.0031,vide
63,6,12,vide,vide,vide,0.0006,vide
63,6,13,vide,vide,vide,0.0016,vide
63,6,14,vide,vide,vide,0.0140,vide
63,6,15,vide,vide,vide,0.0014,vide
63,6,16,vide,vide,vide,0.0026,vide
63,6,17,vide,vide,vide,0.0017,vide
63,6,18,vide,vide,vide,0.0024,vide
63,6,19,vide,vide,vide,0.0014,vide
63,6,20,vide,vide,vide,0.0030,vide
63,6,21,vide,vide,vide,0.0012,vide
63,6,22,vide,vide,vide,0.0019,vide
63,6,23,vide,vide,vide,0.0047,vide
63,6,24,vide,vide,vide,0.0018,vide
63,6,25,vide,vide,vide,0.0036,vide
63,6,26,vide,vide,vide,0.0016,vide
63,6,27,vide,vide,vide,0.0026,vide
63,6,28,vide,vide,vide,0.0016,vide
63,6,29,vide,vide,vide,0.0022,vide
63,6,30,vide,vide,vide,0.0037,vide
63,7,1,vide,vide,vide,0.0031,vide
63,7,2,vide,vide,vide,0.0031,vide
63,7,3,vide,vide,vide,0.0011,vide
63,7,4,vide,vide,vide,0.0027,vide
63,7,5,vide,vide,vide,0.0012,vide
63,7,6,vide,vide,vide,0.0018,vide
63,7,7,vide,vide,vide,0.0023,vide
63,7,8,vide,vide,vide,0.0017,vide
63,7,9,vide,vide,vide,0.0013,vide
63,7,10,vide,vide,vide,0.0037,vide
63,7,11,vide,vide,vide,0.0011,vide
63,7,12,vide,vide,vide,0.0014,vide
63,7,13,vide,vide,vide,0.0023,vide
63,7,14,vide,vide,vide,0.0015,vide
63,7,15,vide,vide,vide,0.0014,vide
63,7,16,vide,vide,vide,0.0009,vide
63,7,17,vide,vide,vide,0.0000,vide
63,7,18,vide,vide,vide,0.0010,vide
63,7,19,vide,vide,vide,0.0000,vide
63,7,20,vide,vide,vide,0.0007,vide
63,7,21,vide,vide,vide,0.0015,vide
63,7,22,vide,vide,vide,0.0012,vide
63,7,23,vide,vide,vide,0.0006,vide
63,7,24,vide,vide,vide,0.0000,vide
63,7,25,vide,vide,vide,0.0007,vide
63,7,26,vide,vide,vide,0.0009,vide
63,7,27,vide,vide,vide,0.0013,vide
63,7,28,vide,vide,vide,0.0020,vide
63,7,29,vide,vide,vide,0.0008,vide
63,7,30,vide,vide,vide,0.0009,vide
63,7,31,vide,vide,vide,0.0013,vide
63,8,1,vide,vide,vide,0.0057,vide
63,8,2,vide,vide,vide,0.0020,vide
63,8,3,vide,vide,vide,0.0003,vide
63,8,4,vide,vide,vide,0.0015,vide
63,8,5,vide,vide,vide,0.0009,vide
63,8,6,vide,vide,vide,0.0027,vide
63,8,7,vide,vide,vide,0.0019,vide
63,8,8,vide,vide,vide,0.0013,vide
63,8,9,vide,vide,vide,0.0011,vide
63,8,10,vide,vide,vide,0.0005,vide
63,8,11,vide,vide,vide,0.0047,vide
63,8,12,vide,vide,vide,0.0003,vide
63,8,13,vide,vide,vide,0.0010,vide
63,8,14,vide,vide,vide,0.0016,vide
63,8,15,vide,vide,vide,0.0025,vide
63,8,16,vide,vide,vide,0.0007,vide
63,8,17,vide,vide,vide,0.0034,vide
63,8,18,vide,vide,vide,0.0045,vide
63,8,19,vide,vide,vide,0.0013,vide
63,8,20,vide,vide,vide,0.0016,vide
63,8,21,vide,vide,vide,0.0000,vide
63,8,22,vide,vide,vide,0.0019,vide
63,8,23,vide,vide,vide,0.0008,vide
63,8,24,vide,vide,vide,0.0011,vide
63,8,25,vide,vide,vide,0.0029,vide
63,8,26,vide,vide,vide,0.0016,vide
63,8,27,vide,vide,vide,0.0003,vide
63,8,28,vide,vide,vide,0.0018,vide
63,8,29,vide,vide,vide,0.0004,vide
63,8,30,vide,vide,vide,0.0026,vide
63,8,31,vide,vide,vide,0.0026,vide
63,9,1,vide,vide,vide,0.0056,vide
63,9,2,vide,vide,vide,0.0021,vide
63,9,3,vide,vide,vide,0.0019,vide
63,9,4,vide,vide,vide,0.0028,vide
63,9,5,vide,vide,vide,0.0013,vide
63,9,6,vide,vide,vide,0.0030,vide
63,9,7,vide,vide,vide,0.0027,vide
63,9,8,vide,vide,vide,0.0057,vide
63,9,9,vide,vide,vide,0.0031,vide
63,9,10,vide,vide,vide,0.0024,vide
63,9,11,vide,vide,vide,0.0002,vide
63,9,12,vide,vide,vide,0.0032,vide
63,9,13,vide,vide,vide,0.0013,vide
63,9,14,vide,vide,vide,0.0015,vide
63,9,15,vide,vide,vide,0.0033,vide
63,9,16,vide,vide,vide,0.0031,vide
63,9,17,vide,vide,vide,0.0038,vide
63,9,18,vide,vide,vide,0.0009,vide
63,9,19,vide,vide,vide,0.0043,vide
63,9,20,vide,vide,vide,0.0028,vide
63,9,21,vide,vide,vide,0.0013,vide
63,9,22,vide,vide,vide,0.0007,vide
63,9,23,vide,vide,vide,0.0013,vide
63,9,24,vide,vide,vide,0.0017,vide
63,9,25,vide,vide,vide,0.0008,vide
63,9,26,vide,vide,vide,0.0016,vide
63,9,27,vide,vide,vide,0.0031,vide
63,9,28,vide,vide,vide,0.0022,vide
63,9,29,vide,vide,vide,0.0061,vide
63,9,30,vide,vide,vide,0.0032,vide
63,10,1,vide,vide,vide,0.0023,vide
63,10,2,vide,vide,vide,0.0040,vide
63,10,3,vide,vide,vide,0.0012,vide
63,10,4,vide,vide,vide,0.0024,vide
63,10,5,vide,vide,vide,0.0007,vide
63,10,6,vide,vide,vide,0.0039,vide
63,10,7,vide,vide,vide,0.0017,vide
63,10,8,vide,vide,vide,0.0023,vide
63,10,9,vide,vide,vide,0.0005,vide
63,10,10,vide,vide,vide,0.0029,vide
63,10,11,vide,vide,vide,0.0022,vide
63,10,12,vide,vide,vide,0.0017,vide
63,10,13,vide,vide,vide,0.0032,vide
63,10,14,vide,vide,vide,0.0018,vide
63,10,15,vide,vide,vide,0.0045,vide
63,10,16,vide,vide,vide,0.0000,vide
63,10,17,vide,vide,vide,0.0023,vide
63,10,18,vide,vide,vide,0.0012,vide
63,10,19,vide,vide,vide,0.0032,vide
63,10,20,vide,vide,vide,0.0002,vide
63,10,21,vide,vide,vide,0.0008,vide
63,10,22,vide,vide,vide,0.0016,vide
63,10,23,vide,vide,vide,0.0020,vide
63,10,24,vide,vide,vide,0.0019,vide
63,10,25,vide,vide,vide,0.0018,vide
63,10,26,vide,vide,vide,0.0012,vide
63,10,27,vide,vide,vide,0.0142,vide
63,10,28,vide,vide,vide,0.0038,vide
63,10,29,vide,vide,vide,0.0212,vide
63,10,30,vide,vide,vide,0.0345,vide
63,10,31,vide,vide,vide,0.0476,vide
63,11,1,vide,vide,vide,0.0014,vide
63,11,2,vide,vide,vide,0.0018,vide
63,11,3,vide,vide,vide,0.0006,vide
63,11,4,vide,vide,vide,0.0013,vide
63,11,5,vide,vide,vide,0.0020,vide
63,11,6,vide,vide,vide,0.0016,vide
63,11,7,vide,vide,vide,0.0049,vide
63,11,8,vide,vide,vide,0.0035,vide
63,11,9,vide,vide,vide,0.0040,vide
63,11,10,vide,vide,vide,0.0043,vide
63,11,11,vide,vide,vide,0.0019,vide
63,11,12,vide,vide,vide,0.0192,vide
63,11,13,vide,vide,vide,0.0193,vide
63,11,14,vide,vide,vide,0.0054,vide
63,11,15,vide,vide,vide,0.0035,vide
63,11,16,vide,vide,vide,0.0032,vide
63,11,17,vide,vide,vide,0.0047,vide
63,11,18,vide,vide,vide,0.0030,vide
63,11,19,vide,vide,vide,0.0016,vide
63,11,20,vide,vide,vide,0.0023,vide
63,11,21,vide,vide,vide,0.0023,vide
63,11,22,vide,vide,vide,0.0020,vide
63,11,23,vide,vide,vide,0.0002,vide
63,11,24,vide,vide,vide,0.0009,vide
63,11,25,vide,vide,vide,0.0007,vide
63,11,26,vide,vide,vide,0.0004,vide
63,11,27,vide,vide,vide,0.0024,vide
63,11,28,vide,vide,vide,0.0031,vide
63,11,29,vide,vide,vide,0.0071,vide
63,11,30,vide,vide,vide,0.0064,vide
63,12,1,vide,vide,vide,0.0094,vide
63,12,2,vide,vide,vide,0.0026,vide
63,12,3,vide,vide,vide,0.0060,vide
63,12,4,vide,vide,vide,0.0062,vide
63,12,5,vide,vide,vide,0.0033,vide
63,12,6,vide,vide,vide,0.0013,vide
63,12,7,vide,vide,vide,0.0028,vide
63,12,8,vide,vide,vide,0.0054,vide
63,12,9,vide,vide,vide,0.0011,vide
63,12,10,vide,vide,vide,0.0025,vide
63,12,11,vide,vide,vide,0.0030,vide
63,12,12,vide,vide,vide,0.0059,vide
63,12,13,vide,vide,vide,0.0175,vide
63,12,14,vide,vide,vide,0.0031,vide
63,12,15,vide,vide,vide,0.0014,vide
63,12,16,vide,vide,vide,0.0024,vide
63,12,17,vide,vide,vide,0.0007,vide
63,12,18,vide,vide,vide,0.0067,vide
63,12,19,vide,vide,vide,0.0001,vide
63,12,20,vide,vide,vide,0.0037,vide
63,12,21,vide,vide,vide,0.0007,vide
63,12,22,vide,vide,vide,0.0030,vide
63,12,23,vide,vide,vide,0.0017,vide
63,12,24,vide,vide,vide,0.0001,vide
63,12,25,vide,vide,vide,0.0001,vide
63,12,26,vide,vide,vide,0.0002,vide
63,12,27,vide,vide,vide,0.0000,vide
63,12,28,vide,vide,vide,0.0001,vide
63,12,29,vide,vide,vide,0.0000,vide
63,12,30,vide,vide,vide,0.0000,vide
63,12,31,vide,vide,vide,0.0008,vide
64,1,1,vide,vide,vide,0.0000,vide
64,1,2,vide,vide,vide,0.0000,vide
64,1,3,vide,vide,vide,0.0000,vide
64,1,4,vide,vide,vide,0.0000,vide
64,1,5,vide,vide,vide,0.0000,vide
64,1,6,vide,vide,vide,0.0000,vide
64,1,7,vide,vide,vide,0.0000,vide
64,1,8,vide,vide,vide,0.0000,vide
64,1,9,vide,vide,vide,0.0000,vide
64,1,10,vide,vide,vide,0.0000,vide
64,1,11,vide,vide,vide,0.0000,vide
64,1,12,vide,vide,vide,0.0000,vide
64,1,13,vide,vide,vide,0.0000,vide
64,1,14,vide,vide,vide,0.0005,vide
64,1,15,vide,vide,vide,0.0010,vide
64,1,16,vide,vide,vide,0.0000,vide
64,1,17,vide,vide,vide,0.0000,vide
64,1,18,vide,vide,vide,0.0003,vide
64,1,19,vide,vide,vide,0.0004,vide
64,1,20,vide,vide,vide,0.0011,vide
64,1,21,vide,vide,vide,0.0010,vide
64,1,22,vide,vide,vide,0.0016,vide
64,1,23,vide,vide,vide,0.0000,vide
64,1,24,vide,vide,vide,0.0000,vide
64,1,25,vide,vide,vide,0.0036,vide
64,1,26,vide,vide,vide,0.0008,vide
64,1,27,vide,vide,vide,0.0000,vide
64,1,28,vide,vide,vide,0.0000,vide
64,1,29,vide,vide,vide,0.0000,vide
64,1,30,vide,vide,vide,0.0000,vide
64,1,31,vide,vide,vide,0.0000,vide
64,2,1,vide,vide,vide,0.0005,vide
64,2,2,vide,vide,vide,0.0001,vide
64,2,3,vide,vide,vide,0.0009,vide
64,2,4,vide,vide,vide,0.0010,vide
64,2,5,vide,vide,vide,0.0019,vide
64,2,6,vide,vide,vide,0.0009,vide
64,2,7,vide,vide,vide,0.0009,vide
64,2,8,vide,vide,vide,0.0004,vide
64,2,9,vide,vide,vide,0.0023,vide
64,2,10,vide,vide,vide,0.0023,vide
64,2,11,vide,vide,vide,0.0017,vide
64,2,12,vide,vide,vide,0.0007,vide
64,2,13,vide,vide,vide,0.0011,vide
64,2,14,vide,vide,vide,0.0006,vide
64,2,15,vide,vide,vide,0.0009,vide
64,2,16,vide,vide,vide,0.0022,vide
64,2,17,vide,vide,vide,0.0023,vide
64,2,18,vide,vide,vide,0.0015,vide
64,2,19,vide,vide,vide,0.0021,vide
64,2,20,vide,vide,vide,0.0009,vide
64,2,21,vide,vide,vide,0.0006,vide
64,2,22,vide,vide,vide,0.0000,vide
64,2,23,vide,vide,vide,0.0027,vide
64,2,24,vide,vide,vide,0.0011,vide
64,2,25,vide,vide,vide,0.0008,vide
64,2,26,vide,vide,vide,0.0007,vide
64,2,27,vide,vide,vide,0.0027,vide
64,2,28,vide,vide,vide,0.0015,vide
64,2,29,vide,vide,vide,0.0010,vide
64,3,1,vide,vide,vide,0.0001,vide
64,3,2,vide,vide,vide,0.0003,vide
64,3,3,vide,vide,vide,0.0015,vide
64,3,4,vide,vide,vide,0.0009,vide
64,3,5,vide,vide,vide,0.0000,vide
64,3,6,vide,vide,vide,0.0014,vide
64,3,7,vide,vide,vide,0.0012,vide
64,3,8,vide,vide,vide,0.0035,vide
64,3,9,vide,vide,vide,0.0014,vide
64,3,10,vide,vide,vide,0.0006,vide
64,3,11,vide,vide,vide,0.0019,vide
64,3,12,vide,vide,vide,0.0010,vide
64,3,13,vide,vide,vide,0.0019,vide
64,3,14,vide,vide,vide,0.0002,vide
64,3,15,vide,vide,vide,0.0013,vide
64,3,16,vide,vide,vide,0.0009,vide
64,3,17,vide,vide,vide,0.0004,vide
64,3,18,vide,vide,vide,0.0027,vide
64,3,19,vide,vide,vide,0.0009,vide
64,3,20,vide,vide,vide,0.0011,vide
64,3,21,vide,vide,vide,0.0004,vide
64,3,22,vide,vide,vide,0.0030,vide
64,3,23,vide,vide,vide,0.0026,vide
64,3,24,vide,vide,vide,0.0012,vide
64,3,25,vide,vide,vide,0.0022,vide
64,3,26,vide,vide,vide,0.0005,vide
64,3,27,vide,vide,vide,0.0010,vide
64,3,28,vide,vide,vide,0.0003,vide
64,3,29,vide,vide,vide,0.0009,vide
64,3,30,vide,vide,vide,0.0000,vide
64,3,31,vide,vide,vide,0.0001,vide
64,4,1,vide,vide,vide,0.0016,vide
64,4,2,vide,vide,vide,0.0004,vide
64,4,3,vide,vide,vide,0.0006,vide
64,4,4,vide,vide,vide,0.0010,vide
64,4,5,vide,vide,vide,0.0022,vide
64,4,6,vide,vide,vide,0.0011,vide
64,4,7,vide,vide,vide,0.0019,vide
64,4,8,vide,vide,vide,0.0011,vide
64,4,9,vide,vide,vide,0.0014,vide
64,4,10,vide,vide,vide,0.0016,vide
64,4,11,vide,vide,vide,0.0008,vide
64,4,12,vide,vide,vide,0.0025,vide
64,4,13,vide,vide,vide,0.0029,vide
64,4,14,vide,vide,vide,0.0015,vide
64,4,15,vide,vide,vide,0.0021,vide
64,4,16,vide,vide,vide,0.0015,vide
64,4,17,vide,vide,vide,0.0017,vide
64,4,18,vide,vide,vide,0.0032,vide
64,4,19,vide,vide,vide,0.0015,vide
64,4,20,vide,vide,vide,0.0006,vide
64,4,21,vide,vide,vide,0.0001,vide
64,4,22,vide,vide,vide,0.0009,vide
64,4,23,vide,vide,vide,0.0008,vide
64,4,24,vide,vide,vide,0.0005,vide
64,4,25,vide,vide,vide,0.0011,vide
64,4,26,vide,vide,vide,0.0011,vide
64,4,27,vide,vide,vide,0.0016,vide
64,4,28,vide,vide,vide,0.0023,vide
64,4,29,vide,vide,vide,0.0032,vide
64,4,30,vide,vide,vide,0.0011,vide
64,5,1,vide,vide,vide,0.0017,vide
64,5,2,vide,vide,vide,0.0009,vide
64,5,3,vide,vide,vide,0.0030,vide
64,5,4,vide,vide,vide,0.0014,vide
64,5,5,vide,vide,vide,0.0002,vide
64,5,6,vide,vide,vide,0.0011,vide
64,5,7,vide,vide,vide,0.0011,vide
64,5,8,vide,vide,vide,0.0014,vide
64,5,9,vide,vide,vide,0.0028,vide
64,5,10,vide,vide,vide,0.0019,vide
64,5,11,vide,vide,vide,0.0021,vide
64,5,12,vide,vide,vide,0.0029,vide
64,5,13,vide,vide,vide,0.0026,vide
64,5,14,vide,vide,vide,0.0011,vide
64,5,15,vide,vide,vide,0.0012,vide
64,5,16,vide,vide,vide,0.0001,vide
64,5,17,vide,vide,vide,0.0024,vide
64,5,18,vide,vide,vide,0.0026,vide
64,5,19,vide,vide,vide,0.0013,vide
64,5,20,vide,vide,vide,0.0024,vide
64,5,21,vide,vide,vide,0.0003,vide
64,5,22,vide,vide,vide,0.0066,vide
64,5,23,vide,vide,vide,0.0113,vide
64,5,24,vide,vide,vide,0.0048,vide
64,5,25,vide,vide,vide,0.0032,vide
64,5,26,vide,vide,vide,0.0082,vide
64,5,27,vide,vide,vide,0.0090,vide
64,5,28,vide,vide,vide,0.0116,vide
64,5,29,vide,vide,vide,0.0149,vide
64,5,30,vide,vide,vide,0.0247,vide
64,5,31,vide,vide,vide,0.0191,vide
64,6,1,vide,vide,vide,0.0033,vide
64,6,2,vide,vide,vide,0.0034,vide
64,6,3,vide,vide,vide,0.0028,vide
64,6,4,vide,vide,vide,0.0011,vide
64,6,5,vide,vide,vide,0.0018,vide
64,6,6,vide,vide,vide,0.0011,vide
64,6,7,vide,vide,vide,0.0014,vide
64,6,8,vide,vide,vide,0.0012,vide
64,6,9,vide,vide,vide,0.0003,vide
64,6,10,vide,vide,vide,0.0023,vide
64,6,11,vide,vide,vide,0.0013,vide
64,6,12,vide,vide,vide,0.0010,vide
64,6,13,vide,vide,vide,0.0010,vide
64,6,14,vide,vide,vide,0.0043,vide
64,6,15,vide,vide,vide,0.0035,vide
64,6,16,vide,vide,vide,0.0048,vide
64,6,17,vide,vide,vide,0.0058,vide
64,6,18,vide,vide,vide,0.0013,vide
64,6,19,vide,vide,vide,0.0051,vide
64,6,20,vide,vide,vide,0.0115,vide
64,6,21,vide,vide,vide,0.0129,vide
64,6,22,vide,vide,vide,0.0225,vide
64,6,23,vide,vide,vide,0.0213,vide
64,6,24,vide,vide,vide,0.0268,vide
64,6,25,vide,vide,vide,0.0391,vide
64,6,26,vide,vide,vide,0.0540,vide
64,6,27,vide,vide,vide,0.0498,vide
64,6,28,vide,vide,vide,0.0624,vide
64,6,29,vide,vide,vide,0.0489,vide
64,6,30,vide,vide,vide,0.0528,vide
64,7,1,vide,vide,vide,0.0081,vide
64,7,2,vide,vide,vide,0.0058,vide
64,7,3,vide,vide,vide,0.0009,vide
64,7,4,vide,vide,vide,0.0015,vide
64,7,5,vide,vide,vide,0.0003,vide
64,7,6,vide,vide,vide,0.0001,vide
64,7,7,vide,vide,vide,0.0005,vide
64,7,8,vide,vide,vide,0.0004,vide
64,7,9,vide,vide,vide,0.0023,vide
64,7,10,vide,vide,vide,0.0001,vide
64,7,11,vide,vide,vide,0.0000,vide
64,7,12,vide,vide,vide,0.0001,vide
64,7,13,vide,vide,vide,0.0002,vide
64,7,14,vide,vide,vide,0.0000,vide
64,7,15,vide,vide,vide,0.0011,vide
64,7,16,vide,vide,vide,0.0004,vide
64,7,17,vide,vide,vide,0.0007,vide
64,7,18,vide,vide,vide,0.0000,vide
64,7,19,vide,vide,vide,0.0037,vide
64,7,20,vide,vide,vide,0.0057,vide
64,7,21,vide,vide,vide,0.0137,vide
64,7,22,vide,vide,vide,0.0166,vide
64,7,23,vide,vide,vide,0.0138,vide
64,7,24,vide,vide,vide,0.0207,vide
64,7,25,vide,vide,vide,0.0209,vide
64,7,26,vide,vide,vide,0.0209,vide
64,7,27,vide,vide,vide,0.0224,vide
64,7,28,vide,vide,vide,0.0248,vide
64,7,29,vide,vide,vide,0.0269,vide
64,7,30,vide,vide,vide,0.0175,vide
64,7,31,vide,vide,vide,0.0218,vide
64,8,1,vide,vide,vide,0.0004,vide
64,8,2,vide,vide,vide,0.0000,vide
64,8,3,vide,vide,vide,0.0003,vide
64,8,4,vide,vide,vide,0.0008,vide
64,8,5,vide,vide,vide,0.0003,vide
64,8,6,vide,vide,vide,0.0001,vide
64,8,7,vide,vide,vide,0.0013,vide
64,8,8,vide,vide,vide,0.0006,vide
64,8,9,vide,vide,vide,0.0018,vide
64,8,10,vide,vide,vide,0.0008,vide
64,8,11,vide,vide,vide,0.0007,vide
64,8,12,vide,vide,vide,0.0008,vide
64,8,13,vide,vide,vide,0.0008,vide
64,8,14,vide,vide,vide,0.0009,vide
64,8,15,vide,vide,vide,0.0008,vide
64,8,16,vide,vide,vide,0.0018,vide
64,8,17,vide,vide,vide,0.0013,vide
64,8,18,vide,vide,vide,0.0007,vide
64,8,19,vide,vide,vide,0.0015,vide
64,8,20,vide,vide,vide,0.0007,vide
64,8,21,vide,vide,vide,0.0012,vide
64,8,22,vide,vide,vide,0.0002,vide
64,8,23,vide,vide,vide,0.0003,vide
64,8,24,vide,vide,vide,0.0017,vide
64,8,25,vide,vide,vide,0.0000,vide
64,8,26,vide,vide,vide,0.0020,vide
64,8,27,vide,vide,vide,0.0014,vide
64,8,28,vide,vide,vide,0.0008,vide
64,8,29,vide,vide,vide,0.0034,vide
64,8,30,vide,vide,vide,0.0005,vide
64,8,31,vide,vide,vide,0.0002,vide
64,9,1,vide,vide,vide,0.0021,vide
64,9,2,vide,vide,vide,0.0008,vide
64,9,3,vide,vide,vide,0.0006,vide
64,9,4,vide,vide,vide,0.0011,vide
64,9,5,vide,vide,vide,0.0025,vide
64,9,6,vide,vide,vide,0.0001,vide
64,9,7,vide,vide,vide,0.0004,vide
64,9,8,vide,vide,vide,0.0003,vide
64,9,9,vide,vide,vide,0.0002,vide
64,9,10,vide,vide,vide,0.0004,vide
64,9,11,vide,vide,vide,0.0004,vide
64,9,12,vide,vide,vide,0.0044,vide
64,9,13,vide,vide,vide,0.0014,vide
64,9,14,vide,vide,vide,0.0006,vide
64,9,15,vide,vide,vide,0.0015,vide
64,9,16,vide,vide,vide,0.0007,vide
64,9,17,vide,vide,vide,0.0013,vide
64,9,18,vide,vide,vide,0.0291,vide
64,9,19,vide,vide,vide,0.0007,vide
64,9,20,vide,vide,vide,0.0013,vide
64,9,21,vide,vide,vide,0.0000,vide
64,9,22,vide,vide,vide,0.0014,vide
64,9,23,vide,vide,vide,0.0014,vide
64,9,24,vide,vide,vide,0.0005,vide
64,9,25,vide,vide,vide,0.0002,vide
64,9,26,vide,vide,vide,0.0000,vide
64,9,27,vide,vide,vide,0.0005,vide
64,9,28,vide,vide,vide,0.0002,vide
64,9,29,vide,vide,vide,0.0007,vide
64,9,30,vide,vide,vide,0.0006,vide
64,10,1,vide,vide,vide,0.0008,vide
64,10,2,vide,vide,vide,0.0014,vide
64,10,3,vide,vide,vide,0.0002,vide
64,10,4,vide,vide,vide,0.0007,vide
64,10,5,vide,vide,vide,0.0007,vide
64,10,6,vide,vide,vide,0.0021,vide
64,10,7,vide,vide,vide,0.0011,vide
64,10,8,vide,vide,vide,0.0073,vide
64,10,9,vide,vide,vide,0.0009,vide
64,10,10,vide,vide,vide,0.0004,vide
64,10,11,vide,vide,vide,0.0018,vide
64,10,12,vide,vide,vide,0.0015,vide
64,10,13,vide,vide,vide,0.0010,vide
64,10,14,vide,vide,vide,0.0010,vide
64,10,15,vide,vide,vide,0.0007,vide
64,10,16,vide,vide,vide,0.0013,vide
64,10,17,vide,vide,vide,0.0004,vide
64,10,18,vide,vide,vide,0.0003,vide
64,10,19,vide,vide,vide,0.0002,vide
64,10,20,vide,vide,vide,0.0014,vide
64,10,21,vide,vide,vide,0.0012,vide
64,10,22,vide,vide,vide,0.0004,vide
64,10,23,vide,vide,vide,0.0006,vide
64,10,24,vide,vide,vide,0.0000,vide
64,10,25,vide,vide,vide,0.0000,vide
64,10,26,vide,vide,vide,0.0197,vide
64,10,27,vide,vide,vide,0.0013,vide
64,10,28,vide,?,vide,0.0005,vide
64,10,29,vide,vide,vide,0.0007,vide
64,10,30,vide,vide,vide,0.0007,vide
64,10,31,vide,vide,vide,0.0000,vide
64,11,1,vide,vide,vide,0.0005,vide
64,11,2,vide,vide,vide,0.0005,vide
64,11,3,vide,vide,vide,0.0000,vide
64,11,4,vide,vide,vide,0.0005,vide
64,11,5,vide,vide,vide,0.0013,vide
64,11,6,vide,vide,vide,0.0005,vide
64,11,7,vide,vide,vide,0.0000,vide
64,11,8,vide,vide,vide,0.0006,vide
64,11,9,vide,vide,vide,0.0012,vide
64,11,10,vide,vide,vide,0.0006,vide
64,11,11,vide,vide,vide,0.0006,vide
64,11,12,vide,vide,vide,0.0009,vide
64,11,13,vide,vide,vide,0.0005,vide
64,11,14,vide,vide,vide,0.0006,vide
64,11,15,vide,vide,vide,0.0006,vide
64,11,16,vide,vide,vide,0.0016,vide
64,11,17,vide,vide,vide,0.0010,vide
64,11,18,vide,vide,vide,0.0008,vide
64,11,19,vide,vide,vide,0.0000,vide
64,11,20,vide,vide,vide,0.0005,vide
64,11,21,vide,vide,vide,0.0009,vide
64,11,22,vide,vide,vide,0.0008,vide
64,11,23,vide,vide,vide,0.0013,vide
64,11,24,vide,vide,vide,0.0008,vide
64,11,25,vide,vide,vide,0.0000,vide
64,11,26,vide,vide,vide,0.0008,vide
64,11,27,vide,vide,vide,0.0004,vide
64,11,28,vide,vide,vide,0.0002,vide
64,11,29,vide,vide,vide,0.0003,vide
64,11,30,vide,vide,vide,0.0002,vide
64,12,1,vide,vide,vide,0.0008,vide
64,12,2,vide,vide,vide,0.0007,vide
64,12,3,vide,vide,vide,0.0002,vide
64,12,4,vide,vide,vide,0.0002,vide
64,12,5,vide,vide,vide,0.0013,vide
64,12,6,vide,vide,vide,0.0009,vide
64,12,7,vide,vide,vide,0.0014,vide
64,12,8,vide,vide,vide,0.0010,vide
64,12,9,vide,vide,vide,0.0013,vide
64,12,10,vide,vide,vide,0.0002,vide
64,12,11,vide,vide,vide,0.0008,vide
64,12,12,vide,vide,vide,0.0021,vide
64,12,13,vide,vide,vide,0.0019,vide
64,12,14,vide,vide,vide,0.0004,vide
64,12,15,vide,vide,vide,0.0001,vide
64,12,16,vide,vide,vide,0.0022,vide
64,12,17,vide,vide,vide,0.0015,vide
64,12,18,vide,vide,vide,0.0003,vide
64,12,19,vide,vide,vide,0.0015,vide
64,12,20,vide,vide,vide,0.0022,vide
64,12,21,vide,vide,vide,0.0010,vide
64,12,22,vide,vide,vide,0.0014,vide
64,12,23,vide,vide,vide,0.0136,vide
64,12,24,vide,vide,vide,0.0004,vide
64,12,25,vide,vide,vide,0.0005,vide
64,12,26,vide,vide,vide,0.0001,vide
64,12,27,vide,vide,vide,0.0004,vide
64,12,28,vide,vide,vide,0.0002,vide
64,12,29,vide,vide,vide,0.0008,vide
64,12,30,vide,vide,vide,0.0004,vide
64,12,31,vide,vide,vide,0.0007,vide
65,1,1,vide,vide,vide,0.0613,vide
65,1,2,vide,vide,vide,0.0137,vide
65,1,3,vide,vide,vide,0.0000,vide
65,1,4,vide,vide,vide,0.0000,vide
65,1,5,vide,vide,vide,0.0000,vide
65,1,6,vide,vide,vide,0.0030,vide
65,1,7,vide,vide,vide,0.0093,vide
65,1,8,vide,vide,vide,0.0136,vide
65,1,9,vide,vide,vide,0.0116,vide
65,1,10,vide,vide,vide,0.0034,vide
65,1,11,vide,vide,vide,0.0013,vide
65,1,12,vide,vide,vide,0.0013,vide
65,1,13,vide,vide,vide,0.0067,vide
65,1,14,vide,vide,vide,0.0153,vide
65,1,15,vide,vide,vide,0.0177,vide
65,1,16,vide,vide,vide,0.0082,vide
65,1,17,vide,vide,vide,0.0015,vide
65,1,18,vide,vide,vide,0.0040,vide
65,1,19,vide,vide,vide,0.0024,vide
65,1,20,vide,vide,vide,0.0080,vide
65,1,21,vide,vide,vide,0.0171,vide
65,1,22,vide,vide,vide,0.0200,vide
65,1,23,vide,vide,vide,0.0089,vide
65,1,24,vide,vide,vide,0.0027,vide
65,1,25,vide,vide,vide,0.0010,vide
65,1,26,vide,vide,vide,0.0008,vide
65,1,27,vide,vide,vide,0.0083,vide
65,1,28,vide,vide,vide,0.0168,vide
65,1,29,vide,vide,vide,0.0000,vide
65,1,30,vide,vide,vide,0.0000,vide
65,1,31,vide,vide,vide,0.0000,vide
65,2,1,vide,vide,vide,0.0137,vide
65,2,2,vide,vide,vide,0.0008,vide
65,2,3,vide,vide,vide,0.0000,vide
65,2,4,vide,vide,vide,0.0003,vide
65,2,5,vide,vide,vide,0.0000,vide
65,2,6,vide,vide,vide,0.0003,vide
65,2,7,vide,vide,vide,0.0061,vide
65,2,8,vide,vide,vide,0.0052,vide
65,2,9,vide,vide,vide,0.0018,vide
65,2,10,vide,vide,vide,0.0000,vide
65,2,11,vide,vide,vide,0.0029,vide
65,2,12,vide,vide,vide,0.0006,vide
65,2,13,vide,vide,vide,0.0080,vide
65,2,14,vide,vide,vide,0.0050,vide
65,2,15,vide,vide,vide,0.0082,vide
65,2,16,vide,vide,vide,0.0004,vide
65,2,17,vide,vide,vide,0.0005,vide
65,2,18,vide,vide,vide,0.0013,vide
65,2,19,vide,vide,vide,0.0017,vide
65,2,20,vide,vide,vide,0.0016,vide
66,1,1,vide,vide,vide,0.0000,vide
66,1,2,vide,vide,vide,0.0000,vide
66,1,3,vide,vide,vide,0.0000,vide
66,1,4,vide,vide,vide,0.0000,vide
66,1,5,vide,vide,vide,0.0000,vide
66,1,6,vide,vide,vide,0.0000,vide
66,1,7,vide,vide,vide,0.0000,vide
66,1,8,vide,vide,vide,0.0022,vide
66,1,9,vide,vide,vide,0.0020,vide
66,1,10,vide,vide,vide,0.0004,vide
66,1,11,vide,vide,vide,0.0026,vide
66,1,12,vide,vide,vide,0.0008,vide
66,1,13,vide,vide,vide,0.0011,vide
66,1,14,vide,vide,vide,0.0005,vide
66,1,15,vide,vide,vide,0.0021,vide
66,1,16,vide,vide,vide,0.0042,vide
66,1,17,vide,vide,vide,0.0008,vide
66,1,18,vide,vide,vide,0.0022,vide
66,1,19,vide,vide,vide,0.0002,vide
66,1,20,vide,vide,vide,0.0009,vide
66,1,21,vide,vide,vide,0.0004,vide
66,1,22,vide,vide,vide,0.0003,vide
66,1,23,vide,vide,vide,0.0021,vide
67,1,1,vide,vide,vide,0.0589,vide
67,1,2,vide,vide,vide,0.0868,vide
67,1,3,vide,vide,vide,0.0865,vide
67,1,4,vide,vide,vide,0.0370,vide
67,1,5,vide,vide,vide,0.0018,vide
67,1,6,vide,vide,vide,0.0021,vide
67,1,7,vide,vide,vide,0.0179,vide
67,1,8,vide,vide,vide,0.0588,vide
67,1,9,vide,vide,vide,0.0849,vide
67,1,10,vide,vide,vide,0.0680,vide
67,1,11,vide,vide,vide,0.1179,vide
67,1,12,vide,vide,vide,0.1103,vide
67,1,13,vide,vide,vide,0.0644,vide
67,1,14,vide,vide,vide,0.1024,vide
67,1,15,vide,vide,vide,0.1247,vide
67,1,16,vide,vide,vide,0.1228,vide
67,1,17,vide,vide,vide,0.1008,vide
67,1,18,vide,vide,vide,0.1332,vide
67,1,19,vide,vide,vide,0.1312,vide
67,1,20,vide,vide,vide,0.0904,vide
67,1,21,vide,vide,vide,0.1184,vide
67,1,22,vide,vide,vide,0.1472,X
67,1,23,vide,vide,vide,0.1310,vide
67,1,24,vide,vide,vide,0.0692,vide
67,1,25,vide,vide,vide,0.0580,vide
67,1,26,vide,vide,vide,0.0239,vide
67,1,27,vide,vide,vide,0.0110,vide
67,1,28,vide,vide,vide,0.0078,vide
67,1,29,vide,vide,vide,0.0109,vide
67,1,30,vide,vide,?,0.0114,vide
67,1,31,vide,vide,vide,0.0193,vide
67,2,1,vide,vide,vide,0.0609,vide
67,2,2,vide,vide,vide,0.0000,vide
67,2,3,vide,vide,vide,0.0000,vide
67,2,4,vide,vide,vide,0.0000,vide
67,2,5,vide,vide,vide,0.0000,vide
67,2,6,vide,vide,vide,0.0083,vide
67,2,7,vide,vide,vide,0.0028,vide
67,2,8,vide,vide,vide,0.0027,vide
67,2,9,vide,vide,vide,0.0000,vide
67,2,10,vide,vide,vide,0.0046,vide
67,2,11,vide,vide,vide,0.0000,vide
67,2,12,vide,vide,vide,0.0000,vide
67,2,13,vide,vide,vide,0.0000,vide
67,2,14,vide,vide,vide,0.0000,vide
67,2,15,vide,vide,vide,0.0000,vide
67,2,16,vide,vide,vide,0.0000,vide
67,2,17,vide,vide,vide,0.0000,vide
67,2,18,vide,vide,vide,0.0000,vide
67,2,19,vide,vide,vide,0.0000,vide
67,2,20,vide,vide,vide,0.0000,vide
67,2,21,vide,vide,vide,0.0000,vide
67,2,22,vide,vide,vide,0.0000,vide
67,2,23,vide,vide,vide,0.0000,vide
67,2,24,vide,vide,vide,0.0000,vide
67,2,25,vide,vide,vide,0.0000,vide
67,2,26,vide,vide,vide,0.0000,vide
67,2,27,vide,vide,vide,0.0000,vide
67,2,28,vide,vide,vide,0.0000,vide
67,3,1,vide,vide,vide,0.0589,vide
67,3,2,vide,vide,vide,0.0159,vide
67,3,3,vide,vide,vide,0.0245,vide
67,3,4,vide,vide,vide,0.0117,vide
67,3,5,vide,vide,vide,0.0087,vide
67,3,6,vide,vide,vide,0.0004,vide
67,3,7,vide,vide,vide,0.0000,vide
67,3,8,vide,vide,vide,0.0014,vide
67,3,9,vide,vide,vide,0.0083,vide
67,3,10,vide,vide,vide,0.0146,vide
67,3,11,vide,vide,vide,0.0042,vide
67,3,12,vide,vide,vide,0.0077,vide
67,3,13,vide,vide,vide,0.0063,vide
67,3,14,vide,vide,vide,0.0130,vide
67,3,15,vide,vide,vide,0.0160,vide
67,3,16,vide,vide,vide,0.0125,vide
67,3,17,vide,vide,vide,0.0108,vide
67,3,18,vide,vide,vide,0.0041,vide
67,3,19,vide,vide,vide,0.0078,vide
67,3,20,vide,vide,vide,0.0090,vide
67,3,21,vide,vide,vide,0.0080,vide
67,3,22,vide,vide,vide,0.0086,vide
67,3,23,vide,vide,vide,0.0056,vide
67,3,24,vide,vide,vide,0.0031,vide
67,3,25,vide,vide,vide,0.0029,vide
67,3,26,vide,vide,vide,0.0006,vide
67,3,27,vide,vide,vide,0.0003,vide
67,3,28,vide,vide,vide,0.0000,vide
67,3,29,vide,vide,vide,0.0000,vide
67,3,30,vide,vide,vide,0.0003,vide
67,3,31,vide,vide,vide,0.0009,vide
67,4,1,vide,vide,vide,0.0269,vide
67,4,2,vide,vide,vide,0.0064,vide
67,4,3,vide,vide,vide,0.0246,vide
67,4,4,vide,vide,vide,0.0056,vide
67,4,5,vide,vide,vide,0.0166,vide
67,4,6,vide,vide,vide,0.0241,vide
67,4,7,vide,vide,vide,0.0291,vide
67,4,8,vide,vide,vide,0.0028,vide
67,4,9,vide,vide,vide,0.0000,vide
67,4,10,vide,vide,vide,0.0006,vide
67,4,11,vide,vide,vide,0.0085,vide
67,4,12,vide,vide,vide,0.0191,vide
67,4,13,vide,vide,vide,0.0205,vide
67,4,14,vide,vide,vide,0.0249,vide
67,4,15,vide,vide,vide,0.0135,vide
67,4,16,vide,vide,vide,0.0180,vide
67,4,17,vide,vide,vide,0.0122,vide
67,4,18,vide,vide,vide,0.0238,vide
67,4,19,vide,vide,vide,0.0278,vide
67,4,20,vide,vide,vide,0.0216,vide
67,4,21,vide,vide,vide,0.0251,vide
67,4,22,vide,vide,vide,0.0200,vide
67,4,23,vide,vide,vide,0.0251,vide
67,4,24,vide,vide,vide,0.0235,vide
67,4,25,vide,vide,vide,0.0251,vide
67,4,26,vide,vide,vide,0.0217,vide
67,4,27,vide,vide,vide,0.0154,vide
67,4,28,vide,vide,vide,0.0081,vide
67,4,29,vide,vide,vide,0.0004,vide
67,4,30,vide,vide,vide,0.0000,vide
67,5,1,vide,vide,vide,0.0285,vide
67,5,2,vide,vide,vide,0.0141,vide
67,5,3,vide,vide,vide,0.0184,vide
67,5,4,vide,vide,vide,0.0228,vide
67,5,5,vide,vide,vide,0.0246,vide
67,5,6,vide,vide,vide,0.0210,vide
67,5,7,vide,vide,vide,0.0194,vide
67,5,8,vide,vide,vide,0.0039,vide
67,5,9,vide,vide,vide,0.0017,vide
67,5,10,vide,vide,vide,0.0152,vide
67,5,11,vide,vide,vide,0.0207,vide
67,5,12,vide,vide,vide,0.0241,vide
67,5,13,vide,vide,vide,0.0116,vide
67,5,14,vide,vide,vide,0.0109,vide
67,5,15,vide,vide,vide,0.0069,vide
67,5,16,vide,vide,vide,0.0236,vide
67,5,17,vide,vide,vide,0.0296,vide
67,5,18,vide,vide,vide,0.0277,vide
67,5,19,vide,vide,vide,0.0251,vide
67,5,20,vide,vide,vide,0.0160,vide
67,5,21,vide,vide,vide,0.0159,vide
67,5,22,vide,vide,vide,0.0145,vide
67,5,23,vide,vide,vide,0.0269,vide
67,5,24,vide,vide,vide,0.0282,vide
67,5,25,vide,vide,vide,0.0254,vide
67,5,26,vide,vide,vide,0.0248,vide
67,5,27,vide,vide,vide,0.0199,vide
67,5,28,vide,vide,vide,0.0207,vide
67,5,29,vide,vide,vide,0.0143,vide
67,5,30,vide,vide,vide,0.0069,vide
67,5,31,vide,vide,vide,0.0029,vide
67,6,1,vide,vide,vide,0.0652,vide
67,6,2,vide,vide,vide,0.0276,vide
67,6,3,vide,vide,vide,0.0232,vide
67,6,4,vide,vide,vide,0.0584,vide
67,6,5,vide,vide,vide,0.0415,vide
67,6,6,vide,vide,vide,0.0511,vide
67,6,7,vide,vide,vide,0.0438,vide
67,6,8,vide,vide,vide,0.0377,vide
67,6,9,vide,vide,vide,0.0435,vide
67,6,10,vide,vide,vide,0.0337,vide
67,6,11,vide,vide,vide,0.0193,vide
67,6,12,vide,vide,vide,0.0058,vide
67,6,13,vide,vide,vide,0.0192,vide
67,6,14,vide,vide,vide,0.0302,vide
67,6,15,vide,vide,vide,0.0243,vide
67,6,16,vide,vide,vide,0.0210,vide
67,6,17,vide,vide,vide,0.0174,vide
67,6,18,vide,vide,vide,0.0219,vide
67,6,19,vide,vide,vide,0.0109,vide
67,6,20,vide,vide,vide,0.0204,vide
67,6,21,vide,vide,vide,0.0265,vide
67,6,22,vide,vide,vide,0.0224,vide
67,6,23,vide,vide,vide,0.0296,vide
67,6,24,vide,vide,vide,0.0207,vide
67,6,25,vide,vide,vide,0.0213,vide
67,6,26,vide,vide,vide,0.0211,vide
67,6,27,vide,vide,vide,0.0252,vide
67,6,28,vide,vide,vide,0.0169,vide
67,6,29,vide,vide,vide,0.0096,vide
67,6,30,vide,vide,vide,0.0015,vide
67,7,1,vide,vide,vide,0.0971,vide
67,7,2,vide,vide,vide,0.0235,vide
67,7,3,vide,vide,vide,0.0250,vide
67,7,4,vide,vide,vide,0.0243,vide
67,7,5,vide,vide,vide,0.0576,vide
67,7,6,vide,vide,vide,0.0348,vide
67,7,7,vide,vide,vide,0.0448,vide
67,7,8,vide,vide,vide,0.0303,vide
67,7,9,vide,vide,vide,0.0239,vide
67,7,10,vide,vide,vide,0.0205,vide
67,7,11,vide,vide,vide,0.0337,vide
67,7,12,vide,vide,vide,0.0331,vide
67,7,13,vide,vide,vide,0.0226,vide
67,7,14,vide,vide,vide,0.0259,vide
67,7,15,vide,vide,vide,0.0145,vide
67,7,16,vide,vide,vide,0.0170,vide
67,7,17,vide,vide,vide,0.0130,vide
67,7,18,vide,vide,vide,0.0244,vide
67,7,19,vide,vide,vide,0.0254,vide
67,7,20,vide,vide,vide,0.0219,vide
67,7,21,vide,vide,vide,0.0222,vide
67,7,22,vide,vide,vide,0.0181,vide
67,7,23,vide,vide,vide,0.0216,vide
67,7,24,vide,vide,vide,0.0149,vide
67,7,25,vide,vide,vide,0.0277,vide
67,7,26,vide,vide,vide,0.0309,vide
67,7,27,vide,vide,vide,0.0219,vide
67,7,28,vide,vide,vide,0.0273,vide
67,7,29,vide,vide,vide,0.0176,vide
67,7,30,vide,vide,vide,0.0123,vide
67,7,31,vide,vide,vide,0.0052,vide
67,8,1,vide,vide,vide,0.0469,vide
67,8,2,vide,vide,vide,0.0441,vide
67,8,3,vide,vide,vide,0.0378,vide
67,8,4,vide,vide,vide,0.0421,vide
67,8,5,vide,vide,vide,0.0189,vide
67,8,6,vide,vide,vide,0.0428,vide
67,8,7,vide,vide,vide,0.0448,vide
67,8,8,vide,vide,vide,0.0464,vide
67,8,9,vide,vide,vide,0.0489,vide
67,8,10,vide,vide,vide,0.0309,vide
67,8,11,vide,vide,vide,0.0287,vide
67,8,12,vide,vide,vide,0.0157,vide
67,8,13,vide,vide,vide,0.0162,vide
67,8,14,vide,vide,vide,0.0108,vide
67,8,15,vide,vide,vide,0.0250,vide
67,8,16,vide,vide,vide,0.0313,vide
67,8,17,vide,vide,vide,0.0263,vide
67,8,18,vide,vide,vide,0.0234,vide
67,8,19,vide,vide,vide,0.0107,vide
67,8,20,vide,vide,vide,0.0189,vide
67,8,21,vide,vide,vide,0.0171,vide
67,8,22,vide,vide,vide,0.0253,vide
67,8,23,vide,vide,vide,0.0305,vide
67,8,24,vide,vide,vide,0.0249,vide
67,8,25,vide,vide,vide,0.0247,vide
67,8,26,vide,vide,vide,0.0206,vide
67,8,27,vide,vide,vide,0.0172,vide
67,8,28,vide,vide,vide,0.0090,vide
67,8,29,vide,vide,vide,0.0075,vide
67,8,30,vide,vide,vide,0.0007,vide
67,8,31,vide,vide,vide,0.0000,vide
67,9,1,vide,vide,vide,0.2303,X
67,9,2,vide,vide,vide,0.0305,vide
67,9,3,vide,vide,vide,0.0230,vide
67,9,4,vide,vide,vide,0.0291,vide
67,9,5,vide,vide,vide,0.0175,vide
67,9,6,vide,vide,vide,0.0341,vide
67,9,7,vide,vide,vide,0.0279,vide
67,9,8,vide,vide,vide,0.0232,vide
67,9,9,vide,vide,vide,0.0131,vide
67,9,10,vide,vide,vide,0.0263,vide
67,9,11,vide,vide,vide,0.0176,vide
67,9,12,vide,vide,vide,0.0286,vide
67,9,13,vide,vide,vide,0.0288,vide
67,9,14,vide,vide,vide,0.0225,vide
67,9,15,vide,vide,vide,0.0280,vide
67,9,16,vide,vide,vide,0.0156,vide
67,9,17,vide,vide,vide,0.0176,vide
67,9,18,vide,vide,vide,0.0096,vide
67,9,19,vide,vide,vide,0.0224,vide
67,9,20,vide,vide,vide,0.0296,vide
67,9,21,vide,vide,vide,0.0226,vide
67,9,22,vide,vide,vide,0.0265,vide
67,9,23,vide,vide,vide,0.0199,vide
67,9,24,vide,vide,vide,0.0203,vide
67,9,25,vide,vide,vide,0.0163,vide
67,9,26,vide,vide,vide,0.0268,vide
67,9,27,vide,vide,vide,0.0346,vide
67,9,28,vide,vide,vide,0.0251,vide
67,9,29,vide,vide,vide,0.0300,vide
67,9,30,vide,vide,vide,0.0182,vide
67,10,1,vide,vide,vide,0.1541,X
67,10,2,vide,vide,vide,0.0283,vide
67,10,3,vide,vide,vide,0.0119,vide
67,10,4,vide,vide,vide,0.0215,vide
67,10,5,vide,vide,vide,0.0283,vide
67,10,6,vide,vide,vide,0.0495,vide
67,10,7,vide,vide,vide,0.0348,vide
67,10,8,vide,vide,vide,0.0182,vide
67,10,9,vide,vide,vide,0.0126,vide
67,10,10,vide,vide,vide,0.0182,vide
67,10,11,vide,vide,vide,0.0248,vide
67,10,12,vide,vide,vide,0.0185,vide
67,10,13,vide,vide,vide,0.0319,vide
67,10,14,vide,vide,vide,0.0142,vide
67,10,15,vide,vide,vide,0.0176,vide
67,10,16,vide,vide,vide,0.0044,vide
67,10,17,vide,vide,vide,0.0242,vide
67,10,18,vide,vide,vide,0.0302,vide
67,10,19,vide,vide,vide,0.0212,vide
67,10,20,vide,vide,vide,0.0277,vide
67,10,21,vide,vide,vide,0.0141,vide
67,10,22,vide,vide,vide,0.0202,vide
67,10,23,vide,vide,vide,0.0145,vide
67,10,24,vide,vide,vide,0.0250,vide
67,10,25,vide,vide,vide,0.0340,vide
67,10,26,vide,vide,vide,0.0209,vide
67,10,27,vide,vide,vide,0.0291,vide
67,10,28,vide,vide,vide,0.0208,vide
67,10,29,vide,vide,vide,0.0211,vide
67,10,30,vide,vide,vide,0.0155,vide
67,10,31,vide,vide,vide,0.0238,vide
67,11,1,vide,vide,vide,0.1431,X
67,11,2,vide,vide,vide,0.0347,vide
67,11,3,vide,vide,vide,0.0500,vide
67,11,4,vide,vide,vide,0.0331,vide
67,11,5,vide,vide,vide,0.0338,vide
67,11,6,vide,vide,vide,0.0307,vide
67,11,7,vide,vide,vide,0.0278,vide
67,11,8,vide,vide,vide,0.0238,vide
67,11,9,vide,vide,vide,0.0277,vide
67,11,10,vide,vide,vide,0.0382,vide
67,11,11,vide,vide,vide,0.0293,vide
67,11,12,vide,vide,vide,0.0131,vide
67,11,13,vide,vide,vide,0.0078,vide
67,11,14,vide,vide,vide,0.0197,vide
67,11,15,vide,vide,vide,0.0269,vide
67,11,16,vide,vide,vide,0.0223,vide
67,11,17,vide,vide,vide,0.0218,vide
67,11,18,vide,vide,vide,0.0068,vide
67,11,19,vide,vide,vide,0.0108,vide
67,11,20,vide,vide,vide,0.0045,vide
67,11,21,vide,vide,vide,0.0179,vide
67,11,22,vide,vide,vide,0.0237,vide
67,11,23,vide,vide,vide,0.0177,vide
67,11,24,vide,vide,vide,0.0149,vide
67,11,25,vide,vide,vide,0.0073,vide
67,11,26,vide,vide,vide,0.0090,vide
67,11,27,vide,vide,vide,0.0077,vide
67,11,28,vide,vide,vide,0.0160,vide
67,11,29,vide,vide,vide,0.0239,vide
67,11,30,vide,vide,vide,0.0149,vide
67,12,1,vide,vide,vide,0.0998,vide
67,12,2,vide,vide,vide,0.0387,vide
67,12,3,vide,vide,vide,0.0617,vide
67,12,4,vide,vide,vide,0.0483,vide
67,12,5,vide,vide,vide,0.0433,vide
67,12,6,vide,vide,vide,0.0474,vide
67,12,7,vide,vide,vide,0.0375,vide
67,12,8,vide,vide,vide,0.0527,vide
67,12,9,vide,vide,vide,0.0216,vide
67,12,10,vide,vide,vide,0.0422,vide
67,12,11,vide,vide,vide,0.0376,vide
67,12,12,vide,vide,vide,0.0424,vide
67,12,13,vide,vide,vide,0.0311,vide
67,12,14,vide,vide,vide,0.0217,vide
67,12,15,vide,vide,vide,0.0219,vide
67,12,16,vide,vide,vide,0.0108,vide
67,12,17,vide,vide,vide,0.0100,vide
67,12,18,vide,vide,vide,0.0036,vide
67,12,19,vide,vide,vide,0.0131,vide
67,12,20,vide,vide,vide,0.0211,vide
67,12,21,vide,vide,vide,0.0160,vide
67,12,22,vide,vide,vide,0.0100,vide
67,12,23,vide,vide,vide,0.0066,vide
67,12,24,vide,vide,vide,0.0056,vide
67,12,25,vide,vide,vide,0.0014,vide
67,12,26,vide,vide,vide,0.0130,vide
67,12,27,vide,vide,vide,0.0205,vide
67,12,28,vide,vide,vide,0.0129,vide
67,12,29,vide,vide,vide,0.0101,vide
67,12,30,vide,vide,vide,0.0088,vide
67,12,31,vide,vide,X,0.0140,vide
68,1,1,vide,vide,vide,,non lu
68,1,2,vide,vide,vide,,non lu
68,1,3,vide,vide,vide,,non lu
68,1,4,vide,vide,vide,,non lu
68,1,5,vide,vide,vide,,non lu
68,1,6,vide,vide,vide,,non lu
68,1,7,vide,vide,vide,,non lu
68,1,8,vide,vide,vide,,non lu
68,1,9,vide,vide,vide,,non lu
68,1,10,vide,vide,vide,,non lu
68,1,11,vide,vide,vide,,non lu
68,1,12,vide,vide,vide,,non lu
68,1,13,vide,vide,vide,,non lu
68,1,14,vide,vide,vide,,non lu
68,1,15,vide,vide,vide,,non lu
68,1,16,vide,vide,vide,,non lu
68,1,17,vide,vide,vide,,non lu
68,1,18,vide,vide,vide,,non lu
68,1,19,vide,vide,vide,,non lu
68,1,20,vide,vide,vide,,non lu
68,1,21,vide,vide,vide,,non lu
68,1,22,vide,vide,vide,,non lu
68,1,23,vide,vide,vide,,non lu
68,1,24,vide,vide,vide,,non lu
68,1,25,vide,vide,vide,,non lu
68,1,26,vide,vide,vide,,non lu
68,1,27,vide,vide,vide,,non lu
68,1,28,vide,vide,vide,,non lu
68,1,29,vide,vide,vide,,non lu
68,1,30,vide,vide,vide,,non lu
68,1,31,vide,vide,vide,,non lu
68,2,1,vide,vide,vide,,non lu
68,2,2,vide,vide,vide,,non lu
68,2,3,vide,vide,vide,,non lu
68,2,4,vide,vide,vide,,non lu
68,2,5,vide,vide,vide,,non lu
68,2,6,vide,vide,vide,,non lu
68,2,7,vide,vide,vide,,non lu
68,2,8,vide,vide,vide,,non lu
68,2,9,vide,vide,vide,,non lu
68,2,10,vide,vide,vide,,non lu
68,2,11,vide,vide,vide,,non lu
68,2,12,vide,vide,vide,,non lu
68,2,13,vide,vide,vide,,non lu
68,2,14,vide,vide,vide,,non lu
68,2,15,vide,vide,vide,,non lu
68,2,16,vide,vide,vide,,non lu
68,2,17,vide,vide,vide,,non lu
68,2,18,vide,vide,vide,,non lu
68,2,19,vide,vide,vide,,non lu
68,2,20,vide,vide,vide,,non lu
68,2,21,vide,vide,vide,,non lu
68,2,22,vide,vide,vide,,non lu
68,2,23,vide,vide,vide,,non lu
68,2,24,vide,vide,vide,,non lu
68,2,25,vide,vide,vide,,non lu
68,2,26,vide,vide,vide,,non lu
68,2,27,vide,vide,vide,,non lu
68,2,28,vide,vide,vide,,non lu
68,3,1,vide,vide,vide,,non lu
68,3,2,vide,vide,vide,,non lu
68,3,3,vide,vide,vide,,non lu
68,3,4,vide,vide,vide,,non lu
68,3,5,vide,vide,vide,,non lu
68,3,6,vide,vide,vide,,non lu
68,3,7,vide,vide,vide,,non lu
68,3,8,vide,vide,vide,,non lu
68,3,9,vide,vide,vide,,non lu
68,3,10,vide,vide,vide,,non lu
68,3,11,vide,vide,vide,,non lu
68,3,12,vide,vide,vide,,non lu
68,3,13,vide,vide,vide,,non lu
68,3,14,vide,vide,vide,,non lu
68,3,15,vide,vide,vide,,non lu
68,3,16,vide,vide,vide,,non lu
68,3,17,vide,vide,vide,,non lu
68,3,18,vide,vide,vide,,non lu
68,3,19,vide,vide,vide,,non lu
68,3,20,vide,vide,vide,,non lu
68,3,21,vide,vide,vide,,non lu
68,3,22,vide,vide,vide,,non lu
68,3,23,vide,vide,vide,,non lu
68,3,24,vide,vide,vide,,non lu
68,3,25,vide,vide,vide,,non lu
68,3,26,vide,vide,vide,,non lu
68,3,27,vide,vide,vide,,non lu
68,3,28,vide,vide,vide,,non lu
68,3,29,vide,vide,vide,,non lu
68,3,30,vide,vide,vide,,non lu
68,3,31,vide,vide,vide,,non lu
68,4,1,vide,vide,vide,,non lu
68,4,2,vide,vide,vide,,non lu
68,4,3,vide,vide,vide,,non lu
68,4,4,vide,vide,vide,,non lu
68,4,5,vide,vide,vide,,non lu
68,4,6,vide,vide,vide,,non lu
68,4,7,vide,vide,vide,,non lu
68,4,8,vide,vide,vide,,non lu
68,4,9,vide,vide,vide,,non lu
68,4,10,vide,vide,vide,,non lu
68,4,11,vide,vide,vide,,non lu
68,4,12,vide,vide,vide,,non lu
68,4,13,vide,vide,vide,,non lu
68,4,14,vide,vide,vide,,non lu
68,4,15,vide,vide,vide,,non lu
68,4,16,vide,vide,vide,,non lu
68,4,17,vide,vide,vide,,non lu
68,4,18,vide,vide,vide,,non lu
68,4,19,vide,vide,vide,,non lu
68,4,20,vide,vide,vide,,non lu
68,4,21,vide,vide,vide,,non lu
68,4,22,vide,vide,vide,,non lu
68,4,23,vide,vide,vide,,non lu
68,4,24,vide,vide,vide,,non lu
68,4,25,vide,vide,vide,,non lu
68,4,26,vide,vide,vide,,non lu
68,4,27,vide,vide,vide,,non lu
68,4,28,vide,vide,vide,,non lu
68,4,29,vide,vide,vide,,non lu
68,4,30,vide,vide,vide,,non lu
68,5,1,vide,vide,vide,,non lu
68,5,2,vide,vide,vide,,non lu
68,5,3,vide,vide,vide,,non lu
68,5,4,vide,vide,vide,,non lu
68,5,5,vide,vide,vide,,non lu
68,5,6,vide,vide,vide,,non lu
68,5,7,vide,vide,vide,,non lu
68,5,8,vide,vide,vide,,non lu
68,5,9,vide,vide,vide,,non lu
68,5,10,vide,vide,vide,,non lu
68,5,11,vide,vide,vide,,non lu
68,5,12,vide,vide,vide,,non lu
68,5,13,vide,vide,vide,,non lu
68,5,14,vide,vide,vide,,non lu
68,5,15,vide,vide,vide,,non lu
68,5,16,vide,vide,vide,,non lu
68,5,17,vide,vide,vide,,non lu
68,5,18,vide,vide,vide,,non lu
68,5,19,vide,vide,vide,,non lu
68,5,20,vide,vide,vide,,non lu
68,5,21,vide,vide,vide,,non lu
68,5,22,vide,vide,vide,,non lu
68,5,23,vide,vide,vide,,non lu
68,5,24,vide,vide,vide,,non lu
68,5,25,vide,vide,vide,,non lu
68,5,26,vide,vide,vide,,non lu
68,5,27,vide,vide,vide,,non lu
68,5,28,vide,vide,vide,,non lu
68,5,29,vide,vide,vide,,non lu
68,5,30,vide,vide,vide,,non lu
68,5,31,vide,vide,vide,,non lu
68,6,1,vide,vide,vide,,non lu
68,6,2,vide,vide,vide,,non lu
68,6,3,vide,vide,vide,,non lu
68,6,4,vide,vide,vide,,non lu
68,6,5,vide,vide,vide,,non lu
68,6,6,vide,vide,vide,,non lu
68,6,7,vide,vide,vide,,non lu
68,6,8,vide,vide,vide,,non lu
68,6,9,vide,vide,vide,,non lu
68,6,10,vide,vide,vide,,non lu
68,6,11,vide,vide,vide,,non lu
68,6,12,vide,vide,vide,,non lu
68,6,13,vide,vide,vide,,non lu
68,6,14,vide,vide,vide,,non lu
68,6,15,vide,vide,vide,,non lu
68,6,16,vide,vide,vide,,non lu
68,6,17,vide,vide,vide,,non lu
68,6,18,vide,vide,vide,,non lu
68,6,19,vide,vide,vide,,non lu
68,6,20,vide,vide,vide,,non lu
68,6,21,vide,vide,vide,,non lu
68,6,22,vide,vide,vide,,non lu
68,6,23,vide,vide,vide,,non lu
68,6,24,vide,vide,vide,,non lu
68,6,25,vide,vide,vide,,non lu
68,6,26,vide,vide,vide,,non lu
68,6,27,vide,vide,vide,,non lu
68,6,28,vide,vide,vide,,non lu
68,6,29,vide,vide,vide,,non lu
68,6,30,vide,vide,vide,,non lu
68,7,1,vide,vide,vide,,non lu
68,7,2,vide,vide,vide,,non lu
68,7,3,vide,vide,vide,,non lu
69,1,1,vide,vide,vide,0.0000,vide
69,1,2,vide,vide,vide,0.0000,vide
69,1,3,vide,vide,vide,0.0000,vide
69,1,4,vide,vide,vide,0.0000,vide
69,1,5,vide,vide,vide,0.0000,vide
69,1,6,vide,vide,vide,0.0000,vide
69,1,7,vide,vide,vide,0.0000,vide
69,1,8,vide,vide,vide,0.0000,vide
69,1,9,vide,vide,vide,0.0000,vide
69,1,10,vide,vide,vide,0.0000,vide
69,1,11,vide,vide,vide,0.0000,vide
69,1,12,vide,vide,vide,0.0000,vide
69,1,13,vide,vide,vide,0.0000,vide
69,1,14,vide,vide,vide,0.0000,vide
69,1,15,vide,vide,vide,0.0000,vide
69,1,16,vide,vide,vide,0.0000,vide
69,1,17,vide,vide,vide,0.0000,vide
69,1,18,vide,vide,vide,0.0000,vide
69,1,19,vide,vide,vide,0.0000,vide
69,1,20,vide,vide,vide,0.0000,vide
69,1,21,vide,vide,vide,0.0000,vide
69,1,22,vide,vide,vide,0.0000,vide
69,1,23,vide,vide,vide,0.0164,vide
69,1,24,vide,vide,vide,0.0441,vide
69,1,25,vide,vide,vide,0.1716,X
69,1,26,vide,vide,vide,0.3578,X
69,1,27,vide,vide,vide,0.0000,vide
69,1,28,vide,vide,vide,0.0000,vide
69,1,29,vide,vide,vide,0.0000,vide
69,1,30,vide,vide,vide,0.0000,vide
69,1,31,vide,vide,vide,0.0000,vide
69,2,1,vide,vide,vide,0.0077,vide
69,2,2,vide,vide,vide,0.0142,vide
69,2,3,vide,vide,vide,0.0167,vide
69,2,4,vide,vide,vide,0.0150,vide
69,2,5,vide,vide,vide,0.0310,vide
69,2,6,vide,vide,vide,0.0085,vide
69,2,7,vide,vide,vide,0.0078,vide
69,2,8,vide,vide,vide,0.0077,vide
69,2,9,vide,vide,vide,0.0076,vide
69,2,10,vide,vide,vide,0.0081,vide
69,2,11,vide,vide,vide,0.0063,vide
69,2,12,vide,vide,vide,0.0022,vide
69,2,13,vide,vide,vide,0.0020,vide
69,2,14,vide,vide,vide,0.0038,vide
69,2,15,vide,vide,vide,0.0059,vide
69,2,16,vide,vide,vide,0.0047,vide
69,2,17,vide,vide,vide,0.0039,vide
69,2,18,vide,vide,vide,0.0007,vide
69,2,19,vide,vide,vide,0.0009,vide
69,2,20,vide,vide,vide,0.0007,vide
69,2,21,vide,vide,vide,0.0047,vide
69,2,22,vide,vide,vide,0.0022,vide
69,2,23,vide,vide,vide,0.0045,vide
69,2,24,vide,vide,vide,0.0047,vide
69,2,25,vide,vide,vide,0.0017,vide
69,2,26,vide,vide,vide,0.0005,vide
69,2,27,vide,vide,vide,0.0026,vide
69,2,28,vide,vide,vide,0.0037,vide
69,3,1,vide,vide,vide,0.0000,vide
69,3,2,vide,vide,vide,0.0000,vide
69,3,3,vide,vide,vide,0.0007,vide
69,3,4,vide,vide,vide,0.0554,vide
69,3,5,vide,vide,vide,0.0017,vide
69,3,6,vide,vide,vide,0.0016,vide
69,3,7,vide,vide,vide,0.0017,vide
69,3,8,vide,vide,vide,0.0021,vide
69,3,9,vide,vide,vide,0.0001,vide
69,3,10,vide,vide,vide,0.0000,vide
69,3,11,vide,vide,vide,0.0000,vide
69,3,12,vide,vide,vide,0.0000,vide
69,3,13,vide,vide,vide,0.0000,vide
69,3,14,vide,vide,vide,0.0000,vide
69,3,15,vide,vide,vide,0.0000,vide
69,3,16,vide,vide,vide,0.0000,vide
69,3,17,vide,vide,vide,0.0000,vide
69,3,18,vide,vide,vide,0.0000,vide
69,3,19,vide,vide,vide,0.0000,vide
69,3,20,vide,vide,vide,0.0000,vide
69,3,21,vide,vide,vide,0.0000,vide
69,3,22,vide,vide,vide,0.0000,vide
69,3,23,vide,vide,vide,0.0000,vide
69,3,24,vide,vide,vide,0.0000,vide
69,3,25,vide,vide,vide,0.0000,vide
69,3,26,vide,vide,?,0.0000,vide
69,3,27,vide,vide,vide,0.0000,vide
69,3,28,vide,vide,vide,0.0000,vide
69,3,29,vide,vide,?,0.0000,vide
69,3,30,vide,vide,vide,0.0025,vide
69,3,31,vide,vide,vide,0.0000,vide
69,4,1,vide,vide,vide,0.0073,vide
69,4,2,vide,vide,vide,0.0058,vide
69,4,3,vide,vide,vide,0.0021,vide
69,4,4,vide,vide,vide,0.0029,vide
69,4,5,vide,vide,vide,0.0067,vide
69,4,6,vide,vide,vide,0.0052,vide
69,4,7,vide,vide,vide,0.0058,vide
69,4,8,vide,vide,vide,0.0052,vide
69,4,9,vide,vide,vide,0.0044,vide
69,4,10,vide,vide,vide,0.0022,vide
69,4,11,vide,vide,vide,0.0106,vide
69,4,12,vide,vide,vide,0.0096,vide
69,4,13,vide,vide,vide,0.0108,vide
69,4,14,X,X,vide,0.0933,vide
69,4,15,X,X,vide,0.1003,vide
69,4,16,vide,vide,vide,0.0062,vide
69,4,17,vide,vide,vide,0.0038,vide
69,4,18,vide,vide,vide,0.0056,vide
69,4,19,vide,vide,vide,0.0050,vide
69,4,20,vide,vide,vide,0.0043,vide
69,4,21,vide,vide,vide,0.0049,vide
69,4,22,vide,vide,vide,0.0009,vide
69,4,23,vide,vide,vide,0.0005,vide
69,4,24,vide,vide,vide,0.0002,vide
69,4,25,vide,vide,vide,0.0002,vide
69,4,26,vide,vide,vide,0.0122,vide
69,4,27,vide,vide,vide,0.0032,vide
69,4,28,vide,vide,?,0.0000,vide
69,4,29,vide,vide,?,0.0000,vide
69,4,30,vide,vide,?,0.0000,vide
69,5,1,vide,vide,vide,0.0111,vide
69,5,2,vide,vide,vide,0.0154,vide
69,5,3,vide,vide,vide,0.0328,vide
69,5,4,vide,vide,vide,0.0127,vide
69,5,5,vide,vide,vide,0.0141,vide
69,5,6,vide,vide,vide,0.0047,vide
69,5,7,vide,vide,vide,0.0041,vide
69,5,8,vide,vide,vide,0.0049,vide
69,5,9,vide,vide,vide,0.0044,vide
69,5,10,vide,vide,vide,0.0093,vide
69,5,11,vide,vide,vide,0.0101,vide
69,5,12,vide,vide,vide,0.0077,vide
69,5,13,vide,vide,vide,0.0051,vide
69,5,14,vide,vide,vide,0.0031,vide
69,5,15,vide,vide,vide,0.0021,vide
69,5,16,vide,vide,vide,0.0083,vide
69,5,17,vide,vide,vide,0.0068,vide
69,5,18,vide,vide,vide,0.0065,vide
69,5,19,vide,vide,vide,0.0065,vide
69,5,20,vide,vide,vide,0.0031,vide
69,5,21,vide,vide,vide,0.0022,vide
69,5,22,vide,vide,vide,0.0026,vide
69,5,23,vide,vide,vide,0.0028,vide
69,5,24,vide,vide,vide,0.0053,vide
69,5,25,vide,?,vide,0.0322,vide
69,5,26,vide,?,vide,0.0149,vide
69,5,27,vide,vide,vide,0.0051,vide
69,5,28,vide,vide,vide,0.0065,vide
69,5,29,vide,vide,?,0.0026,vide
69,5,30,vide,vide,vide,0.0027,vide
69,5,31,vide,vide,vide,0.0008,vide
69,6,1,vide,vide,vide,0.0055,vide
69,6,2,vide,vide,vide,0.0052,vide
69,6,3,vide,vide,vide,0.0041,vide
69,6,4,vide,vide,vide,0.0048,vide
69,6,5,vide,vide,vide,0.0045,vide
69,6,6,vide,vide,vide,0.0081,vide
69,6,7,vide,vide,vide,0.0064,vide
69,6,8,vide,vide,vide,0.0108,vide
69,6,9,vide,vide,vide,0.0128,vide
69,6,10,vide,vide,vide,0.0059,vide
69,6,11,vide,vide,vide,0.0088,vide
69,6,12,vide,vide,vide,0.0064,vide
69,6,13,vide,vide,vide,0.0084,vide
69,6,14,vide,vide,vide,0.0056,vide
69,6,15,vide,vide,vide,0.0078,vide
69,6,16,vide,vide,vide,0.0084,vide
69,6,17,vide,vide,vide,0.0094,vide
69,6,18,vide,vide,vide,0.0035,vide
69,6,19,vide,vide,vide,0.0021,vide
69,6,20,vide,vide,vide,0.0081,vide
69,6,21,vide,vide,vide,0.0119,vide
69,6,22,vide,vide,vide,0.0148,vide
69,6,23,vide,vide,vide,0.0200,vide
69,6,24,vide,vide,vide,0.0315,vide
69,6,25,vide,vide,vide,0.0300,vide
69,6,26,vide,vide,vide,0.0060,vide
69,6,27,vide,vide,vide,0.0221,vide
69,6,28,vide,vide,vide,0.0046,vide
69,6,29,vide,vide,vide,0.0593,vide
69,6,30,vide,vide,vide,0.0685,vide
69,7,1,vide,vide,vide,0.0637,vide
69,7,2,vide,vide,vide,0.0646,vide
69,7,3,vide,vide,vide,0.0683,vide
69,7,4,vide,vide,vide,0.0763,vide
69,7,5,vide,vide,vide,0.0489,vide
69,7,6,vide,vide,vide,0.0445,vide
69,7,7,vide,vide,vide,0.0365,vide
69,7,8,vide,vide,vide,0.0057,vide
69,7,9,vide,vide,vide,0.0033,vide
69,7,10,vide,vide,vide,0.0018,vide
69,7,11,vide,vide,vide,0.0087,vide
69,7,12,vide,vide,vide,0.0048,vide
69,7,13,vide,vide,vide,0.0035,vide
69,7,14,vide,vide,vide,0.0072,vide
69,7,15,vide,vide,vide,0.0063,vide
69,7,16,vide,vide,vide,0.0029,vide
69,7,17,vide,vide,vide,0.0015,vide
69,7,18,vide,vide,vide,0.0078,vide
69,7,19,vide,vide,vide,0.0065,vide
69,7,20,vide,vide,vide,0.0060,vide
69,7,21,vide,vide,vide,0.0075,vide
69,7,22,vide,vide,vide,0.0053,vide
69,7,23,vide,vide,vide,0.0024,vide
69,7,24,vide,vide,vide,0.0002,vide
69,7,25,vide,vide,vide,0.0081,vide
69,7,26,vide,vide,vide,0.0068,vide
69,7,27,vide,vide,vide,0.0403,vide
69,7,28,vide,vide,vide,0.0571,vide
69,7,29,vide,vide,vide,0.0232,vide
69,7,30,vide,vide,vide,0.0856,vide
69,7,31,vide,vide,vide,0.0102,vide
69,8,1,vide,vide,vide,0.0763,vide
69,8,2,vide,vide,vide,0.0720,vide
69,8,3,vide,vide,vide,0.0630,vide
69,8,4,vide,vide,vide,0.0522,vide
69,8,5,vide,vide,vide,0.0068,vide
69,8,6,vide,vide,vide,0.0021,vide
69,8,7,vide,vide,vide,0.0033,vide
69,8,8,vide,vide,vide,0.0038,vide
69,8,9,vide,vide,vide,0.0024,vide
69,8,10,vide,vide,vide,0.0050,vide
69,8,11,vide,vide,vide,0.0053,vide
69,8,12,vide,vide,vide,0.0064,vide
69,8,13,vide,vide,vide,0.0051,vide
69,8,14,vide,vide,vide,0.0027,vide
69,8,15,vide,vide,vide,0.0102,vide
69,8,16,vide,vide,vide,0.0111,vide
69,8,17,vide,vide,vide,0.0096,vide
69,8,18,vide,vide,vide,0.0073,vide
69,8,19,vide,vide,vide,0.0069,vide
69,8,20,vide,vide,vide,0.0031,vide
69,8,21,vide,vide,vide,0.0028,vide
69,8,22,vide,vide,vide,0.0053,vide
69,8,23,vide,vide,vide,0.0068,vide
69,8,24,vide,vide,vide,0.0049,vide
69,8,25,vide,vide,vide,0.0074,vide
69,8,26,vide,vide,vide,0.0044,vide
69,8,27,vide,vide,vide,0.0037,vide
69,8,28,vide,vide,vide,0.0177,vide
69,8,29,vide,vide,vide,0.0215,vide
69,8,30,vide,vide,vide,0.0919,vide
69,8,31,vide,vide,vide,0.0335,vide
69,9,1,vide,vide,vide,0.0557,vide
69,9,2,vide,vide,vide,0.0420,vide
69,9,3,vide,vide,vide,0.0411,vide
69,9,4,vide,vide,vide,0.0063,vide
69,9,5,vide,vide,vide,0.0039,vide
69,9,6,vide,vide,vide,0.0054,vide
69,9,7,vide,vide,vide,0.0040,vide
69,9,8,vide,vide,vide,0.0082,vide
69,9,9,vide,vide,vide,0.0037,vide
69,9,10,vide,vide,vide,0.0025,vide
69,9,11,vide,vide,vide,0.0037,vide
69,9,12,vide,vide,vide,0.0089,vide
69,9,13,vide,vide,vide,0.0078,vide
69,9,14,vide,vide,vide,0.0101,vide
69,9,15,vide,vide,vide,0.0117,vide
69,9,16,X,X,vide,0.1092,vide
69,9,17,X,X,vide,0.1208,vide
69,9,18,vide,vide,vide,0.0027,vide
69,9,19,vide,vide,vide,0.0068,vide
69,9,20,vide,vide,vide,0.0078,vide
69,9,21,vide,vide,vide,0.0062,vide
69,9,22,vide,vide,vide,0.0080,vide
69,9,23,vide,vide,vide,0.0057,vide
69,9,24,vide,vide,vide,0.0025,vide
69,9,25,vide,vide,vide,0.0015,vide
69,9,26,vide,vide,vide,0.0114,vide
69,9,27,vide,vide,vide,0.0326,vide
69,9,28,vide,vide,vide,0.0524,vide
69,9,29,vide,vide,vide,0.0212,vide
69,9,30,vide,vide,vide,0.0794,vide
69,10,1,vide,vide,vide,0.0000,vide
69,10,2,vide,vide,vide,0.0000,vide
69,10,3,vide,vide,vide,0.0490,vide
69,10,4,vide,vide,vide,0.0036,vide
69,10,5,vide,vide,vide,0.0487,vide
69,10,6,vide,vide,vide,0.0150,vide
70,1,1,vide,vide,vide,0.0159,vide
70,1,2,vide,vide,vide,0.0161,vide
70,1,3,vide,vide,vide,0.0353,vide
70,1,4,vide,vide,vide,0.0231,vide
70,1,5,vide,vide,vide,0.0198,vide
70,1,6,vide,vide,vide,0.0155,vide
70,1,7,vide,vide,vide,0.0304,vide
70,1,8,vide,vide,vide,0.0255,vide
70,1,9,vide,vide,vide,0.0291,vide
70,1,10,vide,vide,vide,0.0171,vide
70,1,11,vide,vide,vide,0.0163,vide
70,1,12,vide,vide,vide,0.0340,vide
70,1,13,vide,vide,vide,0.0201,vide
70,1,14,vide,vide,vide,0.0219,vide
70,1,15,vide,vide,vide,0.0261,vide
70,1,16,vide,vide,vide,0.0332,vide
70,1,17,vide,vide,vide,0.0272,vide
70,1,18,vide,vide,vide,0.0213,vide
70,1,19,vide,vide,vide,0.0204,vide
70,1,20,vide,vide,vide,0.0147,vide
70,1,21,vide,vide,vide,0.0225,vide
70,1,22,vide,vide,vide,0.0281,vide
70,1,23,vide,vide,vide,0.0294,vide
70,1,24,vide,vide,vide,0.0369,vide
70,1,25,vide,vide,vide,0.0229,vide
70,1,26,vide,vide,vide,0.0200,vide
70,1,27,vide,vide,vide,0.0209,vide
70,1,28,vide,vide,vide,0.0221,vide
70,1,29,vide,vide,vide,0.0000,vide
70,1,30,vide,vide,vide,0.0039,vide
70,1,31,vide,vide,vide,0.0129,vide
70,2,1,vide,vide,vide,0.0157,vide
70,2,2,vide,vide,vide,0.0345,vide
70,2,3,vide,vide,vide,0.0255,vide
70,2,4,vide,vide,vide,0.0365,vide
70,2,5,vide,vide,vide,0.0225,vide
70,2,6,vide,vide,vide,0.0377,vide
70,2,7,vide,vide,vide,0.0356,vide
70,2,8,vide,vide,vide,0.0456,vide
70,2,9,vide,vide,vide,0.0375,vide
70,2,10,vide,vide,vide,0.0220,vide
70,2,11,vide,vide,vide,0.0219,vide
70,2,12,vide,vide,vide,0.0195,vide
70,2,13,vide,vide,vide,0.0264,vide
70,2,14,vide,vide,vide,0.0356,vide
70,2,15,vide,vide,vide,0.0377,vide
70,2,16,vide,vide,vide,0.0340,vide
70,2,17,vide,vide,vide,0.0303,vide
70,2,18,vide,vide,vide,0.0254,vide
70,2,19,vide,vide,vide,0.0170,vide
70,2,20,vide,vide,vide,0.0156,vide
70,2,21,vide,vide,vide,0.0215,vide
70,2,22,vide,vide,vide,0.0344,vide
70,2,23,vide,vide,vide,0.0274,vide
70,2,24,vide,vide,vide,0.0173,vide
70,2,25,vide,vide,vide,0.0125,vide
70,2,26,vide,vide,vide,0.0086,vide
70,2,27,vide,vide,vide,0.0084,vide
70,2,28,vide,vide,vide,0.0081,vide
70,3,1,vide,vide,vide,0.0616,vide
70,3,2,vide,vide,vide,0.0684,vide
70,3,3,vide,vide,vide,0.0434,vide
70,3,4,vide,vide,vide,0.0430,vide
70,3,5,vide,vide,vide,0.0561,vide
70,3,6,vide,vide,vide,0.0696,vide
70,3,7,vide,vide,vide,0.0502,vide
70,3,8,vide,vide,vide,0.0724,vide
70,3,9,vide,vide,vide,0.0573,vide
70,3,10,vide,vide,vide,0.0402,vide
70,3,11,vide,vide,vide,0.0456,vide
70,3,12,vide,vide,vide,0.0618,vide
70,3,13,vide,vide,vide,0.0550,vide
70,3,14,vide,vide,vide,0.0485,vide
70,3,15,vide,vide,vide,0.0549,vide
70,3,16,vide,vide,vide,0.0451,vide
70,3,17,vide,vide,vide,0.0351,vide
70,3,18,vide,vide,vide,0.0356,vide
70,3,19,vide,vide,vide,0.0453,vide
70,3,20,vide,vide,vide,0.0303,vide
70,3,21,vide,vide,vide,0.0301,vide
70,3,22,vide,vide,vide,0.0343,vide
70,3,23,vide,vide,vide,0.0338,vide
70,3,24,vide,vide,vide,0.0208,vide
70,3,25,vide,vide,vide,0.0188,vide
70,3,26,vide,vide,vide,0.0260,vide
70,3,27,vide,vide,vide,0.0289,vide
70,3,28,vide,vide,vide,0.0273,vide
70,3,29,vide,vide,vide,0.0206,vide
70,3,30,vide,vide,vide,0.0205,vide
70,3,31,vide,vide,vide,0.0138,vide
70,4,1,vide,vide,vide,0.0000,vide
70,4,2,vide,vide,vide,0.0000,vide
70,4,3,vide,vide,vide,0.0000,vide
70,4,4,vide,vide,vide,0.0000,vide
70,4,5,vide,vide,vide,0.0029,vide
70,4,6,vide,vide,vide,0.0496,vide
70,4,7,vide,vide,vide,0.0668,vide
70,4,8,vide,vide,vide,0.1186,vide
70,4,9,vide,vide,vide,0.1060,vide
70,4,10,vide,vide,vide,0.0850,vide
70,4,11,vide,vide,vide,0.0647,vide
70,4,12,vide,vide,vide,0.1256,vide
70,4,13,vide,vide,vide,0.1283,vide
70,4,14,vide,vide,vide,0.1340,vide
70,4,15,vide,vide,vide,0.1113,vide
70,4,16,vide,vide,vide,0.1161,vide
70,4,17,vide,vide,vide,0.1231,vide
70,4,18,vide,vide,vide,0.0944,vide
70,4,19,vide,vide,vide,0.0833,vide
70,4,20,vide,vide,vide,0.1028,vide
70,4,21,vide,vide,vide,0.0812,vide
70,4,22,vide,vide,vide,0.0605,vide
70,4,23,vide,vide,vide,0.0573,vide
70,4,24,vide,vide,vide,0.0847,vide
70,4,25,vide,vide,vide,0.0708,vide
70,4,26,vide,vide,vide,0.0380,vide
70,4,27,vide,vide,vide,0.0428,vide
70,4,28,vide,vide,vide,0.0294,vide
70,4,29,vide,vide,vide,0.0181,vide
70,4,30,vide,vide,vide,0.0192,vide
70,5,1,vide,vide,vide,0.0659,vide
70,5,2,vide,vide,vide,0.0626,vide
70,5,3,vide,vide,vide,0.0641,vide
70,5,4,vide,vide,vide,0.0713,vide
70,5,5,vide,vide,vide,0.0546,vide
70,5,6,vide,vide,vide,0.0666,vide
70,5,7,vide,vide,vide,0.0609,vide
70,5,8,vide,vide,vide,0.0681,vide
70,5,9,vide,vide,vide,0.0739,vide
70,5,10,vide,vide,vide,0.0607,vide
70,5,11,vide,vide,vide,0.0654,vide
70,5,12,vide,vide,vide,0.0565,vide
70,5,13,vide,vide,vide,0.0587,vide
70,5,14,vide,vide,vide,0.0662,vide
70,5,15,vide,vide,vide,0.0686,vide
70,5,16,vide,vide,vide,0.0628,vide
70,5,17,vide,vide,vide,0.0685,vide
70,5,18,vide,vide,vide,0.0844,vide
70,5,19,vide,vide,vide,0.0578,vide
70,5,20,vide,vide,vide,0.0596,vide
70,5,21,vide,vide,vide,0.0599,vide
70,5,22,vide,vide,vide,0.0478,vide
70,5,23,vide,vide,vide,0.0472,vide
70,5,24,vide,vide,vide,0.0561,vide
70,5,25,vide,vide,vide,0.0610,vide
70,5,26,vide,vide,vide,0.0308,vide
70,5,27,vide,vide,vide,0.0319,vide
70,5,28,vide,vide,vide,0.0341,vide
70,5,29,vide,vide,vide,0.0297,vide
70,5,30,vide,vide,vide,0.0220,vide
70,5,31,vide,vide,vide,0.0000,vide
70,6,1,vide,vide,vide,0.0442,vide
70,6,2,vide,vide,vide,0.0726,vide
70,6,3,vide,vide,vide,0.0523,vide
70,6,4,vide,vide,vide,0.0600,vide
70,6,5,vide,vide,vide,0.0503,vide
70,6,6,vide,vide,vide,0.0584,vide
70,6,7,vide,vide,vide,0.0346,vide
70,6,8,vide,?,vide,0.0550,vide
70,6,9,vide,vide,vide,0.0478,vide
70,6,10,vide,vide,vide,0.0462,vide
70,6,11,vide,vide,vide,0.0376,vide
70,6,12,vide,vide,vide,0.0561,vide
70,6,13,vide,vide,vide,0.0542,vide
70,6,14,vide,vide,vide,0.0243,vide
70,6,15,vide,vide,vide,0.0508,vide
70,6,16,vide,vide,vide,0.0450,vide
70,6,17,vide,vide,vide,0.0389,vide
70,6,18,vide,vide,vide,0.0625,vide
70,6,19,vide,vide,vide,0.0507,vide
70,6,20,vide,vide,vide,0.0335,vide
70,6,21,vide,vide,vide,0.0270,vide
70,6,22,vide,vide,vide,0.0265,vide
70,6,23,vide,vide,vide,0.0276,vide
70,6,24,vide,vide,vide,0.0167,vide
70,6,25,vide,vide,vide,0.0364,vide
70,6,26,vide,vide,vide,0.0344,vide
70,6,27,vide,vide,vide,0.0378,vide
70,6,28,vide,vide,vide,0.0291,vide
70,6,29,vide,vide,vide,0.0409,vide
70,6,30,vide,vide,vide,0.0491,vide
70,7,1,vide,vide,vide,0.0274,vide
70,7,2,vide,vide,vide,0.0218,vide
70,7,3,vide,vide,vide,0.0199,vide
70,7,4,vide,vide,vide,0.0222,vide
70,7,5,vide,vide,vide,0.0293,vide
70,7,6,vide,vide,vide,0.0178,vide
70,7,7,vide,vide,vide,0.0267,vide
70,7,8,vide,vide,vide,0.0401,vide
70,7,9,vide,vide,vide,0.0249,vide
70,7,10,vide,vide,vide,0.0237,vide
70,7,11,vide,vide,vide,0.0207,vide
70,7,12,vide,vide,vide,0.0245,vide
70,7,13,vide,vide,vide,0.0150,vide
70,7,14,vide,vide,vide,0.0149,vide
70,7,15,vide,vide,vide,0.0193,vide
70,7,16,vide,vide,vide,0.0211,vide
70,7,17,vide,vide,vide,0.0247,vide
70,7,18,vide,?,vide,0.0185,vide
70,7,19,vide,vide,vide,0.0234,vide
70,7,20,vide,vide,vide,0.0167,vide
70,7,21,vide,vide,vide,0.0162,vide
70,7,22,vide,vide,vide,0.0210,vide
70,7,23,vide,vide,vide,0.0217,vide
70,7,24,vide,vide,vide,0.0232,vide
70,7,25,vide,vide,vide,0.0156,vide
70,7,26,vide,vide,vide,0.0252,vide
70,7,27,vide,vide,vide,0.0551,vide
70,7,28,vide,vide,vide,0.0443,vide
70,7,29,vide,vide,vide,0.0251,vide
70,7,30,vide,vide,vide,0.0468,vide
70,7,31,vide,vide,vide,0.0514,vide
70,8,1,vide,vide,vide,0.0228,vide
70,8,2,vide,vide,vide,0.0252,vide
70,8,3,vide,vide,vide,0.0226,vide
70,8,4,vide,vide,vide,0.0123,vide
70,8,5,vide,vide,vide,0.0185,vide
70,8,6,vide,vide,vide,0.0246,vide
70,8,7,vide,vide,vide,0.0281,vide
70,8,8,vide,vide,vide,0.0168,vide
70,8,9,vide,vide,vide,0.0231,vide
70,8,10,vide,vide,vide,0.0198,vide
70,8,11,vide,vide,vide,0.0147,vide
70,8,12,vide,vide,vide,0.0161,vide
70,8,13,vide,vide,vide,0.0288,vide
70,8,14,vide,vide,vide,0.0236,vide
70,8,15,vide,vide,vide,0.0189,vide
70,8,16,vide,vide,vide,0.0224,vide
70,8,17,vide,vide,vide,0.0168,vide
70,8,18,vide,vide,vide,0.0134,vide
70,8,19,vide,vide,vide,0.0134,vide
70,8,20,vide,vide,vide,0.0229,vide
70,8,21,vide,vide,vide,0.0253,vide
70,8,22,vide,vide,vide,0.0181,vide
70,8,23,vide,vide,vide,0.0195,vide
70,8,24,vide,vide,vide,0.0168,vide
70,8,25,vide,vide,vide,0.0163,vide
70,8,26,vide,vide,vide,0.0203,vide
70,8,27,vide,vide,vide,0.0337,vide
70,8,28,vide,vide,vide,0.0415,vide
70,8,29,vide,vide,vide,0.0201,vide
70,8,30,vide,vide,vide,0.0192,vide
70,8,31,vide,vide,vide,0.0199,vide
70,9,1,vide,vide,vide,0.0141,vide
70,9,2,vide,vide,vide,0.0100,vide
70,9,3,vide,vide,vide,0.0130,vide
70,9,4,vide,vide,vide,0.0296,vide
70,9,5,vide,vide,vide,0.0263,vide
70,9,6,vide,vide,vide,0.0247,vide
70,9,7,vide,vide,vide,0.0211,vide
70,9,8,vide,vide,vide,0.0179,vide
70,9,9,vide,vide,vide,0.0103,vide
70,9,10,vide,vide,vide,0.0174,vide
70,9,11,vide,vide,vide,0.0247,vide
70,9,12,vide,vide,vide,0.0293,vide
70,9,13,vide,vide,vide,0.0211,vide
70,9,14,vide,vide,vide,0.0181,vide
70,9,15,vide,vide,vide,0.0203,vide
70,9,16,vide,vide,vide,0.0100,vide
70,9,17,vide,vide,vide,0.0187,vide
70,9,18,vide,vide,vide,0.0201,vide
70,9,19,vide,vide,vide,0.0248,vide
70,9,20,vide,vide,vide,0.0207,vide
70,9,21,vide,vide,vide,0.0203,vide
70,9,22,vide,vide,vide,0.0237,vide
70,9,23,vide,vide,vide,0.0449,vide
70,9,24,vide,vide,vide,0.0539,vide
70,9,25,vide,vide,vide,0.0549,vide
70,9,26,vide,vide,vide,0.0635,vide
70,9,27,vide,vide,vide,0.0369,vide
70,9,28,vide,vide,vide,0.0255,vide
70,9,29,vide,vide,vide,0.0362,vide
70,9,30,vide,vide,vide,0.0282,vide
70,10,1,vide,vide,vide,0.0003,vide
70,10,2,vide,vide,vide,0.0550,vide
70,10,3,vide,vide,vide,0.0285,vide
70,10,4,vide,vide,vide,0.0465,vide
70,10,5,vide,vide,vide,0.0455,vide
70,10,6,vide,vide,vide,0.0527,vide
70,10,7,vide,vide,vide,0.0827,vide
70,10,8,vide,vide,vide,0.1243,vide
70,10,9,vide,vide,vide,0.0893,vide
70,10,10,vide,vide,vide,0.1339,vide
70,10,11,vide,vide,vide,0.1231,vide
70,10,12,vide,vide,vide,0.1182,vide
70,10,13,vide,vide,vide,0.0939,vide
70,10,14,vide,vide,vide,0.0698,vide
70,10,15,vide,vide,vide,0.0905,vide
70,10,16,vide,vide,vide,0.0984,vide
70,10,17,vide,vide,vide,0.0591,vide
70,10,18,vide,vide,vide,0.1014,vide
70,10,19,vide,vide,vide,0.0761,vide
70,10,20,vide,vide,vide,0.0731,vide
70,10,21,vide,vide,vide,0.1014,vide
70,10,22,vide,vide,vide,0.1402,X
70,10,23,vide,vide,vide,0.1291,vide
70,10,24,vide,vide,vide,0.1111,vide
70,10,25,vide,vide,vide,0.1401,X
70,10,26,vide,vide,vide,0.1336,vide
70,10,27,vide,vide,vide,0.1142,vide
70,10,28,vide,vide,vide,0.1088,vide
70,10,29,vide,vide,vide,0.0827,vide
70,10,30,vide,vide,vide,0.0710,vide
70,10,31,vide,vide,vide,0.0687,vide
70,11,1,vide,vide,vide,0.0131,vide
70,11,2,vide,vide,vide,0.0048,vide
70,11,3,vide,vide,vide,0.0290,vide
70,11,4,vide,vide,vide,0.0015,vide
70,11,5,vide,vide,vide,0.0244,vide
70,11,6,vide,vide,vide,0.0088,vide
70,11,7,vide,vide,vide,0.0054,vide
70,11,8,vide,vide,vide,0.0040,vide
70,11,9,vide,vide,vide,0.0000,vide
70,11,10,vide,vide,vide,0.0000,vide
70,11,11,vide,vide,vide,0.0000,vide
70,11,12,vide,vide,vide,0.0091,vide
70,11,13,vide,vide,vide,0.0000,vide
70,11,14,vide,vide,vide,0.0000,vide
70,11,15,vide,vide,vide,0.0000,vide
70,11,16,vide,vide,vide,0.0000,vide
70,11,17,vide,vide,vide,0.0000,vide
70,11,18,vide,vide,vide,0.0000,vide
70,11,19,vide,vide,vide,0.0000,vide
70,11,20,vide,vide,vide,0.0000,vide
70,11,21,vide,vide,vide,0.0000,vide
70,11,22,vide,vide,vide,0.0000,vide
70,11,23,vide,vide,vide,0.0000,vide
70,11,24,vide,vide,vide,0.0000,vide
70,11,25,vide,vide,vide,0.0000,vide
70,11,26,vide,vide,vide,0.0121,vide
70,11,27,vide,vide,vide,0.0296,vide
70,11,28,vide,vide,vide,0.0441,vide
70,11,29,vide,vide,vide,0.0287,vide
70,11,30,vide,vide,vide,0.0409,vide
70,12,1,vide,vide,vide,0.0086,vide
70,12,2,vide,vide,vide,0.0228,vide
70,12,3,vide,vide,vide,0.0244,vide
70,12,4,vide,vide,vide,0.0236,vide
70,12,5,vide,vide,vide,0.0268,vide
70,12,6,vide,vide,vide,0.0428,vide
70,12,7,vide,vide,vide,0.0427,vide
70,12,8,vide,vide,vide,0.0244,vide
70,12,9,vide,vide,vide,0.0247,vide
70,12,10,vide,vide,vide,0.0170,vide
70,12,11,vide,vide,vide,0.0230,vide
70,12,12,vide,vide,vide,0.0233,vide
70,12,13,vide,vide,vide,0.0335,vide
70,12,14,vide,vide,vide,0.0269,vide
70,12,15,vide,vide,vide,0.0182,vide
70,12,16,vide,vide,vide,0.0213,vide
70,12,17,vide,vide,vide,0.0231,vide
70,12,18,vide,vide,vide,0.0234,vide
70,12,19,vide,vide,vide,0.0315,vide
70,12,20,vide,vide,vide,0.0565,vide
70,12,21,vide,vide,vide,0.0449,vide
70,12,22,vide,vide,vide,0.0421,vide
70,12,23,vide,vide,vide,0.0448,vide
70,12,24,vide,vide,vide,0.0507,vide
70,12,25,vide,vide,vide,0.0622,vide
70,12,26,vide,vide,vide,0.0593,vide
70,12,27,vide,vide,vide,0.0549,vide
70,12,28,vide,vide,vide,0.0401,vide
70,12,29,vide,vide,vide,0.0279,vide
70,12,30,vide,vide,vide,0.0232,vide
70,12,31,vide,vide,vide,0.0293,vide
72,1,1,vide,vide,vide,0.0000,vide
72,1,2,vide,vide,vide,0.0000,vide
72,1,3,vide,vide,vide,0.0000,vide
72,1,4,vide,vide,vide,0.0000,vide
72,1,5,vide,vide,vide,0.0000,vide
72,1,6,vide,vide,vide,0.0000,vide
72,1,7,vide,vide,vide,0.0000,vide
72,1,8,vide,vide,vide,0.0000,vide
72,1,9,vide,vide,vide,0.0015,vide
72,1,10,vide,vide,vide,0.0042,vide
72,1,11,vide,vide,vide,0.0035,vide
72,1,12,vide,vide,vide,0.0027,vide
72,1,13,vide,vide,vide,0.0003,vide
72,1,14,vide,vide,vide,0.0013,vide
72,1,15,vide,vide,vide,0.0009,vide
72,1,16,vide,vide,vide,0.0011,vide
72,1,17,vide,vide,vide,0.0008,vide
72,1,18,vide,vide,vide,0.0044,vide
72,1,19,vide,vide,vide,0.0049,vide
72,1,20,vide,vide,vide,0.0007,vide
72,1,21,vide,vide,vide,0.0005,vide
72,1,22,vide,vide,vide,0.0036,vide
72,1,23,vide,vide,vide,0.0031,vide
72,1,24,vide,vide,vide,0.0004,vide
72,1,25,vide,vide,vide,0.0030,vide
72,1,26,vide,vide,vide,0.0010,vide
72,1,27,vide,vide,vide,0.0012,vide
72,1,28,vide,vide,?,0.0000,vide
72,1,29,vide,vide,vide,0.0000,vide
72,1,30,vide,vide,vide,0.0000,vide
72,1,31,vide,vide,vide,0.0000,vide
72,2,1,vide,vide,vide,0.0039,vide
72,2,2,vide,vide,vide,0.0049,vide
72,2,3,vide,vide,vide,0.0000,vide
72,2,4,vide,vide,vide,0.0004,vide
72,2,5,vide,vide,vide,0.0021,vide
72,2,6,vide,vide,vide,0.0047,vide
72,2,7,vide,vide,vide,0.0018,vide
72,2,8,vide,vide,vide,0.0030,vide
72,2,9,vide,vide,vide,0.0012,vide
72,2,10,vide,vide,vide,0.0008,vide
72,2,11,vide,vide,vide,0.0011,vide
72,2,12,vide,vide,vide,0.0011,vide
72,2,13,vide,vide,vide,0.0050,vide
72,2,14,vide,vide,vide,0.0015,vide
72,2,15,vide,vide,vide,0.0036,vide
72,2,16,vide,vide,vide,0.0046,vide
72,2,17,vide,vide,vide,0.0018,vide
72,2,18,vide,vide,vide,0.0037,vide
72,2,19,vide,vide,vide,0.0038,vide
72,2,20,vide,vide,vide,0.0020,vide
72,2,21,vide,vide,vide,0.0022,vide
72,2,22,vide,vide,vide,0.0010,vide
72,2,23,vide,vide,vide,0.0030,vide
72,2,24,vide,vide,vide,0.0012,vide
72,2,25,vide,vide,?,0.0017,vide
72,2,26,vide,vide,vide,0.0018,vide
72,2,27,vide,vide,?,0.0060,vide
72,2,28,vide,vide,?,0.0023,vide
72,3,1,vide,vide,vide,0.0000,vide
72,3,2,vide,vide,vide,0.0000,vide
72,3,3,vide,vide,vide,0.0000,vide
72,3,4,vide,vide,vide,0.0000,vide
72,3,5,vide,vide,vide,0.0000,vide
72,3,6,vide,vide,vide,0.0000,vide
72,3,7,vide,vide,vide,0.0004,vide
72,3,8,vide,vide,vide,0.0037,vide
72,3,9,vide,vide,vide,0.0014,vide
72,3,10,vide,vide,vide,0.0011,vide
72,3,11,vide,vide,vide,0.0014,vide
72,3,12,vide,vide,vide,0.0004,vide
72,3,13,vide,vide,vide,0.0002,vide
72,3,14,vide,vide,vide,0.0012,vide
72,3,15,vide,vide,vide,0.0021,vide
72,3,16,vide,vide,vide,0.0019,vide
72,3,17,vide,vide,vide,0.0008,vide
72,3,18,vide,vide,vide,0.0016,vide
72,3,19,vide,vide,vide,0.0009,vide
72,3,20,vide,vide,vide,0.0030,vide
72,3,21,vide,vide,vide,0.0025,vide
72,3,22,vide,vide,vide,0.0033,vide
72,3,23,vide,vide,vide,0.0031,vide
72,3,24,vide,vide,vide,0.0000,vide
72,3,25,vide,vide,vide,0.0009,vide
72,3,26,vide,vide,vide,0.0006,vide
72,3,27,vide,vide,vide,0.0000,vide
72,3,28,vide,vide,vide,0.0007,vide
72,3,29,vide,vide,vide,0.0031,vide
72,3,30,vide,vide,vide,0.0000,vide
72,3,31,vide,vide,vide,0.0000,vide
72,4,1,vide,vide,vide,0.0019,vide
72,4,2,vide,vide,vide,0.0011,vide
72,4,3,vide,?,vide,0.0507,vide
72,4,4,vide,vide,vide,0.0045,vide
72,4,5,vide,vide,vide,0.0037,vide
72,4,6,vide,vide,vide,0.0063,vide
72,4,7,vide,vide,vide,0.0021,vide
72,4,8,vide,vide,vide,0.0032,vide
72,4,9,vide,vide,vide,0.0026,vide
72,4,10,vide,vide,vide,0.0053,vide
72,4,11,vide,vide,vide,0.0038,vide
72,4,12,vide,vide,vide,0.0017,vide
72,4,13,vide,vide,vide,0.0031,vide
72,4,14,vide,vide,vide,0.0020,vide
72,4,15,vide,vide,vide,0.0013,vide
72,4,16,vide,vide,vide,0.0029,vide
72,4,17,vide,vide,vide,0.0006,vide
72,4,18,vide,vide,vide,0.0030,vide
72,4,19,vide,vide,vide,0.0039,vide
72,4,20,vide,vide,vide,0.0075,vide
72,4,21,vide,vide,vide,0.0046,vide
72,4,22,vide,vide,vide,0.0016,vide
72,4,23,vide,vide,vide,0.0034,vide
72,4,24,vide,vide,vide,0.0038,vide
72,4,25,vide,vide,vide,0.0014,vide
72,4,26,vide,vide,vide,0.0036,vide
72,4,27,vide,vide,vide,0.0041,vide
72,4,28,vide,vide,vide,0.0026,vide
72,4,29,vide,vide,vide,0.0013,vide
72,4,30,vide,vide,vide,0.0018,vide
72,5,1,vide,vide,vide,0.0022,vide
72,5,2,vide,vide,vide,0.0016,vide
72,5,3,vide,vide,vide,0.0037,vide
72,5,4,vide,vide,vide,0.0053,vide
72,5,5,vide,vide,vide,0.0008,vide
72,5,6,vide,vide,vide,0.0043,vide
72,5,7,vide,vide,vide,0.0048,vide
72,5,8,vide,vide,vide,0.0051,vide
72,5,9,vide,vide,vide,0.0031,vide
72,5,10,vide,vide,vide,0.0025,vide
72,5,11,vide,vide,vide,0.0017,vide
72,5,12,vide,vide,vide,0.0015,vide
72,5,13,vide,vide,vide,0.0037,vide
72,5,14,vide,vide,vide,0.0040,vide
72,5,15,vide,vide,vide,0.0074,vide
72,5,16,vide,vide,vide,0.0033,vide
72,5,17,vide,vide,vide,0.0043,vide
72,5,18,vide,vide,vide,0.0047,vide
72,5,19,vide,vide,vide,0.0030,vide
72,5,20,vide,vide,vide,0.0035,vide
72,5,21,vide,vide,vide,0.0027,vide
72,5,22,vide,vide,vide,0.0068,vide
72,5,23,vide,vide,vide,0.0035,vide
72,5,24,vide,vide,vide,0.0037,vide
72,5,25,vide,vide,vide,0.0091,vide
72,5,26,vide,vide,vide,0.0013,vide
72,5,27,vide,vide,vide,0.0029,vide
72,5,28,vide,vide,vide,0.0020,vide
72,5,29,vide,vide,vide,0.0061,vide
72,5,30,vide,vide,vide,0.0072,vide
73,1,1,vide,vide,vide,0.0006,vide
73,1,2,vide,vide,vide,0.0009,vide
73,1,3,vide,vide,vide,0.0000,vide
73,1,4,vide,vide,vide,0.0005,vide
73,1,5,vide,vide,vide,0.0021,vide
73,1,6,vide,vide,vide,0.0031,vide
73,1,7,vide,vide,vide,0.0000,vide
73,1,8,vide,vide,vide,0.0000,vide
73,1,9,vide,vide,vide,0.0000,vide
73,1,10,vide,vide,vide,0.0015,vide
73,1,11,vide,vide,vide,0.0016,vide
73,1,12,vide,vide,vide,0.0026,vide
73,1,13,vide,vide,vide,0.0005,vide
73,1,14,vide,vide,vide,0.0000,vide
73,1,15,vide,vide,vide,0.0000,vide
73,1,16,vide,vide,vide,0.0000,vide
73,1,17,vide,vide,vide,0.0000,vide
73,1,18,vide,vide,vide,0.0000,vide
73,1,19,vide,vide,vide,0.0000,vide
73,1,20,vide,vide,vide,0.0000,vide
73,1,21,vide,vide,vide,0.0000,vide
73,1,22,vide,vide,vide,0.0000,vide
73,1,23,vide,vide,vide,0.0000,vide
73,1,24,vide,vide,vide,0.0000,vide
73,1,25,vide,vide,vide,0.0000,vide
73,1,26,vide,vide,vide,0.0000,vide
73,1,27,vide,vide,vide,0.0004,vide
73,1,28,vide,vide,vide,0.0000,vide
73,1,29,vide,vide,vide,0.0000,vide
73,1,30,vide,vide,vide,0.0000,vide
73,1,31,vide,vide,vide,0.0005,vide
73,2,1,vide,vide,vide,0.0241,vide
73,2,2,vide,vide,vide,0.0240,vide
73,2,3,vide,vide,vide,0.0142,vide
73,2,4,vide,vide,vide,0.0022,vide
73,2,5,vide,vide,vide,0.0025,vide
73,2,6,vide,vide,vide,0.0153,vide
73,2,7,vide,vide,vide,0.0100,vide
73,2,8,vide,vide,vide,0.0111,vide
73,2,9,vide,vide,vide,0.0136,vide
73,2,10,vide,vide,vide,0.0092,vide
73,2,11,vide,vide,vide,0.0131,vide
73,2,12,vide,vide,vide,0.0025,vide
73,2,13,vide,vide,vide,0.0138,vide
73,2,14,vide,vide,vide,0.0136,vide
73,2,15,vide,vide,vide,0.0089,vide
73,2,16,vide,vide,vide,0.0048,vide
73,2,17,vide,vide,vide,0.0066,vide
73,2,18,vide,vide,vide,0.0014,vide
73,2,19,vide,vide,vide,0.0008,vide
73,2,20,vide,vide,vide,0.0004,vide
73,2,21,vide,vide,vide,0.0000,vide
73,2,22,vide,vide,vide,0.0005,vide
73,2,23,vide,vide,vide,0.0006,vide
73,2,24,vide,vide,vide,0.0015,vide
73,2,25,vide,vide,vide,0.0009,vide
73,2,26,vide,vide,vide,0.0006,vide
73,2,27,vide,vide,vide,0.0011,vide
73,2,28,vide,vide,vide,0.0014,vide
73,3,1,vide,vide,vide,0.0198,vide
73,3,2,vide,vide,vide,0.0125,vide
73,3,3,vide,vide,vide,0.0175,vide
73,3,4,vide,vide,vide,0.0062,vide
73,3,5,vide,vide,vide,0.0160,vide
73,3,6,vide,vide,vide,0.0012,vide
73,3,7,vide,vide,vide,0.0028,vide
73,3,8,vide,vide,vide,0.0005,vide
73,3,9,vide,vide,vide,0.0024,vide
73,3,10,vide,vide,vide,0.0013,vide
73,3,11,vide,vide,vide,0.0007,vide
73,3,12,vide,vide,vide,0.0012,vide
73,3,13,vide,vide,vide,0.0087,vide
73,3,14,vide,vide,vide,0.0016,vide
73,3,15,vide,vide,vide,0.0011,vide
73,3,16,vide,vide,vide,0.0017,vide
73,3,17,vide,vide,vide,0.0002,vide
73,3,18,vide,vide,vide,0.0004,vide
73,3,19,vide,vide,vide,0.0000,vide
73,3,20,vide,vide,vide,0.0004,vide
73,3,21,vide,vide,vide,0.0020,vide
73,3,22,vide,vide,vide,0.0011,vide
73,3,23,vide,vide,vide,0.0018,vide
73,3,24,vide,vide,vide,0.0010,vide
73,3,25,vide,vide,vide,0.0000,vide
73,3,26,vide,vide,vide,0.0000,vide
73,3,27,vide,vide,vide,0.0000,vide
73,3,28,vide,vide,vide,0.0000,vide
73,3,29,vide,vide,vide,0.0000,vide
73,3,30,vide,vide,vide,0.0000,vide
73,3,31,vide,vide,vide,0.0000,vide
73,4,1,vide,vide,vide,0.0014,vide
73,4,2,vide,vide,vide,0.0029,vide
73,4,3,vide,vide,vide,0.0010,vide
73,4,4,vide,vide,vide,0.0032,vide
73,4,5,vide,vide,vide,0.0014,vide
73,4,6,vide,vide,vide,0.0017,vide
73,4,7,vide,vide,vide,0.0033,vide
73,4,8,vide,vide,vide,0.0008,vide
73,4,9,vide,vide,vide,0.0014,vide
73,4,10,vide,vide,vide,0.0008,vide
73,4,11,vide,vide,vide,0.0049,vide
73,4,12,vide,vide,vide,0.0004,vide
73,4,13,vide,vide,vide,0.0004,vide
73,4,14,vide,vide,vide,0.0008,vide
73,4,15,vide,vide,vide,0.0011,vide
73,4,16,vide,vide,vide,0.0032,vide
73,4,17,vide,vide,vide,0.0025,vide
73,4,18,vide,vide,vide,0.0007,vide
73,4,19,vide,vide,vide,0.0001,vide
73,4,20,vide,vide,vide,0.0017,vide
73,4,21,vide,vide,vide,0.0007,vide
73,4,22,vide,vide,vide,0.0008,vide
73,4,23,vide,vide,vide,0.0012,vide
73,4,24,vide,vide,vide,0.0017,vide
73,4,25,vide,vide,vide,0.0004,vide
73,4,26,vide,vide,vide,0.0010,vide
73,4,27,vide,vide,vide,0.0015,vide
73,4,28,vide,vide,vide,0.0013,vide
73,4,29,vide,vide,vide,0.0007,vide
73,4,30,vide,vide,vide,0.0033,vide
73,5,1,vide,vide,vide,0.0008,vide
73,5,2,vide,vide,vide,0.0015,vide
73,5,3,vide,vide,vide,0.0020,vide
73,5,4,vide,vide,vide,0.0025,vide
73,5,5,vide,vide,vide,0.0031,vide
73,5,6,vide,vide,vide,0.0013,vide
73,5,7,vide,vide,vide,0.0013,vide
73,5,8,vide,vide,vide,0.0011,vide
73,5,9,vide,vide,vide,0.0042,vide
73,5,10,vide,vide,vide,0.0020,vide
73,5,11,vide,vide,vide,0.0008,vide
73,5,12,vide,vide,vide,0.0019,vide
73,5,13,vide,vide,vide,0.0011,vide
73,5,14,vide,vide,vide,0.0017,vide
73,5,15,vide,vide,vide,0.0010,vide
73,5,16,vide,vide,vide,0.0000,vide
73,5,17,vide,vide,vide,0.0003,vide
73,5,18,vide,vide,vide,0.0005,vide
73,5,19,vide,vide,vide,0.0007,vide
73,5,20,vide,vide,vide,0.0009,vide
73,5,21,vide,vide,vide,0.0014,vide
73,5,22,vide,vide,vide,0.0004,vide
73,5,23,vide,vide,vide,0.0011,vide
73,5,24,vide,vide,vide,0.0011,vide
73,5,25,vide,vide,vide,0.0015,vide
73,5,26,vide,vide,vide,0.0011,vide
73,5,27,vide,vide,vide,0.0020,vide
73,5,28,vide,vide,vide,0.0007,vide
73,5,29,vide,vide,vide,0.0005,vide
73,5,30,vide,vide,vide,0.0016,vide
73,5,31,vide,vide,vide,0.0018,vide
73,6,1,vide,vide,vide,0.0010,vide
73,6,2,vide,vide,vide,0.0018,vide
73,6,3,vide,vide,vide,0.0020,vide
73,6,4,vide,vide,vide,0.0016,vide
73,6,5,vide,vide,vide,0.0018,vide
73,6,6,vide,vide,vide,0.0024,vide
73,6,7,vide,vide,vide,0.0011,vide
73,6,8,vide,vide,vide,0.0023,vide
73,6,9,vide,vide,vide,0.0007,vide
73,6,10,vide,vide,vide,0.0008,vide
73,6,11,vide,vide,vide,0.0010,vide
73,6,12,vide,vide,vide,0.0013,vide
73,6,13,vide,vide,vide,0.0001,vide
73,6,14,vide,vide,vide,0.0001,vide
73,6,15,vide,vide,vide,0.0019,vide
73,6,16,vide,vide,vide,0.0002,vide
73,6,17,vide,vide,vide,0.0008,vide
73,6,18,vide,vide,vide,0.0008,vide
73,6,19,vide,vide,vide,0.0010,vide
73,6,20,vide,vide,vide,0.0002,vide
73,6,21,vide,vide,vide,0.0002,vide
73,6,22,vide,vide,vide,0.0000,vide
73,6,23,vide,vide,vide,0.0000,vide
73,6,24,vide,vide,vide,0.0011,vide
73,6,25,vide,vide,vide,0.0010,vide
73,6,26,vide,vide,vide,0.0007,vide
73,6,27,vide,vide,vide,0.0007,vide
73,6,28,vide,vide,vide,0.0007,vide
73,6,29,vide,vide,vide,0.0004,vide
73,6,30,vide,vide,vide,0.0002,vide
73,7,1,vide,vide,vide,0.0034,vide
73,7,2,vide,vide,vide,0.0016,vide
73,7,3,vide,vide,vide,0.0017,vide
73,7,4,vide,vide,vide,0.0010,vide
73,7,5,vide,vide,vide,0.0004,vide
73,7,6,vide,vide,vide,0.0025,vide
73,7,7,vide,vide,vide,0.0013,vide
73,7,8,vide,vide,vide,0.0008,vide
73,7,9,vide,vide,vide,0.0036,vide
73,7,10,vide,vide,vide,0.0007,vide
73,7,11,vide,vide,vide,0.0021,vide
73,7,12,vide,vide,vide,0.0008,vide
73,7,13,vide,vide,vide,0.0016,vide
73,7,14,vide,vide,vide,0.0019,vide
73,7,15,vide,vide,vide,0.0015,vide
73,7,16,vide,vide,vide,0.0011,vide
73,7,17,vide,vide,vide,0.0009,vide
73,7,18,vide,vide,vide,0.0031,vide
73,7,19,vide,vide,vide,0.0006,vide
73,7,20,vide,vide,vide,0.0027,vide
73,7,21,vide,vide,vide,0.0017,vide
73,7,22,vide,vide,vide,0.0010,vide
73,7,23,vide,vide,vide,0.0039,vide
73,7,24,vide,vide,vide,0.0002,vide
73,7,25,vide,vide,vide,0.0022,vide
73,7,26,vide,vide,vide,0.0011,vide
73,7,27,vide,vide,vide,0.0029,vide
73,7,28,vide,vide,vide,0.0019,vide
73,7,29,vide,vide,vide,0.0008,vide
73,7,30,vide,vide,vide,0.0015,vide
73,7,31,vide,vide,vide,0.0016,vide
73,8,1,vide,vide,vide,0.0011,vide
73,8,2,vide,vide,vide,0.0008,vide
73,8,3,vide,vide,vide,0.0026,vide
73,8,4,vide,vide,vide,0.0013,vide
73,8,5,vide,vide,vide,0.0016,vide
73,8,6,vide,vide,vide,0.0042,vide
73,8,7,vide,vide,vide,0.0027,vide
73,8,8,vide,vide,vide,0.0021,vide
73,8,9,vide,vide,vide,0.0013,vide
73,8,10,vide,vide,vide,0.0023,vide
73,8,11,vide,vide,vide,0.0028,vide
73,8,12,vide,vide,vide,0.0021,vide
73,8,13,vide,vide,vide,0.0010,vide
73,8,14,vide,vide,vide,0.0004,vide
73,8,15,vide,vide,vide,0.0048,vide
73,8,16,vide,vide,vide,0.0010,vide
73,8,17,vide,vide,vide,0.0006,vide
73,8,18,vide,vide,vide,0.0042,vide
73,8,19,vide,vide,vide,0.0011,vide
73,8,20,vide,vide,vide,0.0014,vide
73,8,21,vide,vide,vide,0.0012,vide
73,8,22,vide,vide,vide,0.0047,vide
73,8,23,vide,vide,vide,0.0012,vide
73,8,24,vide,vide,vide,0.0020,vide
73,8,25,vide,vide,vide,0.0000,vide
73,8,26,vide,vide,vide,0.0005,vide
73,8,27,vide,vide,vide,0.0033,vide
73,8,28,vide,vide,vide,0.0004,vide
73,8,29,vide,vide,vide,0.0000,vide
73,8,30,vide,vide,vide,0.0006,vide
73,8,31,vide,vide,vide,0.0029,vide
73,9,1,vide,vide,vide,0.0023,vide
73,9,2,vide,vide,vide,0.0017,vide
73,9,3,vide,vide,vide,0.0010,vide
73,9,4,vide,vide,vide,0.0016,vide
73,9,5,vide,vide,vide,0.0026,vide
73,9,6,vide,?,vide,0.0260,vide
73,9,7,vide,vide,vide,0.0014,vide
73,9,8,vide,vide,vide,0.0015,vide
73,9,9,vide,vide,vide,0.0019,vide
73,9,10,vide,vide,vide,0.0012,vide
73,9,11,vide,vide,vide,0.0002,vide
73,9,12,vide,vide,vide,0.0035,vide
73,9,13,vide,vide,vide,0.0015,vide
73,9,14,vide,vide,vide,0.0028,vide
73,9,15,vide,vide,vide,0.0021,vide
73,9,16,vide,vide,vide,0.0021,vide
73,9,17,vide,vide,vide,0.0036,vide
73,9,18,vide,vide,vide,0.0006,vide
73,9,19,vide,vide,vide,0.0020,vide
73,9,20,vide,vide,vide,0.0008,vide
73,9,21,vide,vide,vide,0.0013,vide
73,9,22,vide,vide,vide,0.0029,vide
73,9,23,vide,vide,vide,0.0008,vide
73,9,24,vide,vide,vide,0.0015,vide
73,9,25,vide,vide,vide,0.0007,vide
73,9,26,vide,vide,vide,0.0023,vide
73,9,27,vide,vide,vide,0.0020,vide
73,9,28,vide,vide,vide,0.0025,vide
73,9,29,vide,vide,vide,0.0035,vide
73,9,30,vide,vide,vide,0.0020,vide
73,10,1,vide,vide,vide,0.0013,vide
73,10,2,vide,vide,vide,0.0020,vide
73,10,3,vide,vide,vide,0.0044,vide
73,10,4,vide,vide,vide,0.0010,vide
73,10,5,vide,vide,vide,0.0011,vide
73,10,6,vide,vide,vide,0.0031,vide
73,10,7,vide,vide,vide,0.0017,vide
73,10,8,vide,vide,vide,0.0012,vide
73,10,9,vide,vide,vide,0.0010,vide
73,10,10,vide,vide,vide,0.0036,vide
73,10,11,vide,vide,vide,0.0008,vide
73,10,12,vide,vide,vide,0.0023,vide
73,10,13,vide,vide,vide,0.0029,vide
73,10,14,vide,vide,vide,0.0013,vide
73,10,15,vide,vide,vide,0.0011,vide
73,10,16,vide,vide,vide,0.0003,vide
73,10,17,vide,vide,vide,0.0037,vide
73,10,18,vide,vide,vide,0.0018,vide
73,10,19,vide,vide,vide,0.0019,vide
73,10,20,vide,vide,vide,0.0020,vide
73,10,21,vide,vide,vide,0.0008,vide
73,10,22,vide,vide,vide,0.0011,vide
73,10,23,vide,vide,vide,0.0004,vide
73,10,24,vide,vide,vide,0.0015,vide
73,10,25,vide,vide,vide,0.0004,vide
73,10,26,vide,vide,vide,0.0005,vide
73,10,27,vide,vide,vide,0.0025,vide
73,10,28,vide,vide,vide,0.0006,vide
73,10,29,vide,vide,vide,0.0009,vide
73,10,30,vide,vide,vide,0.0012,vide
73,10,31,vide,vide,vide,0.0018,vide
73,11,1,vide,vide,vide,0.0009,vide
73,11,2,vide,vide,vide,0.0023,vide
73,11,3,vide,vide,vide,0.0043,vide
73,11,4,vide,vide,vide,0.0018,vide
73,11,5,vide,vide,vide,0.0015,vide
73,11,6,vide,vide,vide,0.0012,vide
73,11,7,vide,vide,vide,0.0028,vide
73,11,8,vide,vide,vide,0.0016,vide
73,11,9,vide,vide,vide,0.0030,vide
73,11,10,vide,vide,vide,0.0025,vide
73,11,11,vide,vide,vide,0.0011,vide
73,11,12,vide,vide,vide,0.0020,vide
73,11,13,vide,vide,vide,0.0002,vide
73,11,14,vide,vide,vide,0.0015,vide
73,11,15,vide,vide,vide,0.0011,vide
73,11,16,vide,vide,vide,0.0026,vide
73,11,17,vide,vide,vide,0.0015,vide
73,11,18,vide,vide,vide,0.0009,vide
73,11,19,vide,vide,vide,0.0019,vide
73,11,20,vide,vide,vide,0.0001,vide
73,11,21,vide,vide,vide,0.0042,vide
73,11,22,vide,vide,vide,0.0013,vide
73,11,23,vide,vide,vide,0.0018,vide
73,11,24,vide,vide,vide,0.0022,vide
73,11,25,vide,vide,vide,0.0015,vide
73,11,26,vide,vide,vide,0.0022,vide
73,11,27,vide,vide,vide,0.0007,vide
73,11,28,vide,vide,vide,0.0013,vide
73,11,29,vide,vide,vide,0.0011,vide
73,11,30,vide,vide,vide,0.0028,vide
73,12,1,vide,vide,vide,0.0072,vide
73,12,2,vide,vide,vide,0.0040,vide
73,12,3,vide,vide,vide,0.0043,vide
73,12,4,vide,vide,vide,0.0006,vide
73,12,5,vide,vide,vide,0.0045,vide
73,12,6,vide,vide,vide,0.0007,vide
73,12,7,vide,vide,vide,0.0025,vide
73,12,8,vide,vide,vide,0.0051,vide
73,12,9,vide,vide,vide,0.0020,vide
73,12,10,vide,vide,vide,0.0031,vide
73,12,11,vide,vide,vide,0.0008,vide
73,12,12,vide,vide,vide,0.0042,vide
73,12,13,vide,vide,vide,0.0013,vide
73,12,14,vide,vide,vide,0.0022,vide
73,12,15,vide,vide,vide,0.0039,vide
73,12,16,vide,vide,vide,0.0022,vide
73,12,17,vide,vide,vide,0.0021,vide
73,12,18,vide,vide,vide,0.0012,vide
73,12,19,vide,vide,vide,0.0047,vide
73,12,20,vide,vide,vide,0.0017,vide
73,12,21,vide,vide,vide,0.0022,vide
73,12,22,vide,vide,vide,0.0034,vide
73,12,23,vide,vide,vide,0.0034,vide
73,12,24,vide,vide,vide,0.0031,vide
73,12,25,vide,vide,vide,0.0029,vide
73,12,26,vide,vide,vide,0.0043,vide
73,12,27,vide,vide,vide,0.0009,vide
73,12,28,vide,vide,vide,0.0032,vide
73,12,29,vide,vide,vide,0.0038,vide
73,12,30,vide,vide,vide,0.0037,vide
73,12,31,vide,vide,vide,0.0058,vide
74,1,1,vide,vide,vide,0.1138,vide
74,1,2,vide,vide,vide,0.1360,vide
74,1,3,vide,vide,vide,0.1109,vide
74,1,4,vide,vide,vide,0.1021,vide
74,1,5,vide,vide,vide,0.0945,vide
74,1,6,vide,vide,vide,0.0884,vide
74,1,7,vide,vide,vide,0.0774,vide
74,1,8,vide,vide,vide,0.0986,vide
74,1,9,vide,vide,vide,0.0783,vide
74,1,10,vide,vide,vide,0.0684,vide
74,1,11,vide,vide,vide,0.0840,vide
74,1,12,vide,vide,vide,0.0692,vide
74,1,13,vide,vide,vide,0.0736,vide
74,1,14,vide,vide,vide,0.0805,vide
74,1,15,vide,vide,vide,0.0816,vide
74,1,16,vide,vide,vide,0.0726,vide
74,1,17,vide,vide,vide,0.0557,vide
74,1,18,vide,vide,vide,0.0970,vide
74,1,19,vide,vide,vide,0.0911,vide
74,1,20,vide,vide,vide,0.0880,vide
74,1,21,vide,vide,vide,0.0738,vide
74,1,22,vide,vide,vide,0.0893,vide
74,1,23,vide,vide,vide,0.0902,vide
74,1,24,vide,vide,vide,0.0788,vide
74,1,25,vide,vide,vide,0.0926,vide
74,1,26,vide,vide,vide,0.0885,vide
74,1,27,vide,vide,vide,0.0659,vide
74,1,28,vide,vide,vide,0.0832,vide
74,1,29,vide,vide,vide,0.0147,vide
74,1,30,vide,vide,vide,0.0136,vide
74,1,31,vide,vide,vide,0.0141,vide
74,2,1,vide,vide,vide,0.0848,vide
74,2,2,vide,vide,vide,0.0574,vide
74,2,3,vide,vide,vide,0.1292,vide
74,2,4,vide,vide,vide,0.0849,vide
74,2,5,vide,vide,vide,0.0956,vide
74,2,6,vide,vide,vide,0.0597,vide
74,2,7,vide,vide,vide,0.0437,vide
74,2,8,vide,vide,vide,0.0527,vide
74,2,9,vide,vide,vide,0.0576,vide
74,2,10,vide,vide,vide,0.0576,vide
74,2,11,vide,vide,vide,0.0595,vide
74,2,12,vide,vide,vide,0.0619,vide
74,2,13,vide,vide,vide,0.0492,vide
74,2,14,vide,vide,vide,0.0350,vide
74,2,15,vide,vide,vide,0.0316,vide
74,2,16,vide,vide,vide,0.0327,vide
74,2,17,vide,vide,vide,0.0454,vide
74,2,18,vide,vide,vide,0.0413,vide
74,2,19,vide,vide,vide,0.0328,vide
74,2,20,vide,vide,vide,0.0274,vide
74,2,21,vide,vide,vide,0.0151,vide
74,2,22,vide,vide,vide,0.0161,vide
74,2,23,vide,vide,vide,0.0205,vide
74,2,24,vide,vide,vide,0.0192,vide
74,2,25,vide,vide,vide,0.0153,vide
74,2,26,vide,vide,vide,0.0124,vide
74,2,27,vide,vide,vide,0.0093,vide
74,2,28,vide,vide,vide,0.0051,vide
74,3,1,vide,vide,vide,0.0993,vide
74,3,2,vide,vide,vide,0.0607,vide
74,3,3,vide,vide,vide,0.0660,vide
74,3,4,vide,vide,vide,0.0724,vide
74,3,5,vide,vide,vide,0.0893,vide
74,3,6,vide,vide,vide,0.0802,vide
74,3,7,vide,vide,vide,0.0570,vide
74,3,8,vide,vide,vide,0.0491,vide
74,3,9,vide,vide,vide,0.0618,vide
74,3,10,vide,vide,vide,0.0589,vide
74,3,11,vide,vide,vide,0.0658,vide
74,3,12,vide,vide,vide,0.0647,vide
74,3,13,vide,vide,vide,0.0443,vide
74,3,14,vide,vide,vide,0.0430,vide
74,3,15,vide,vide,vide,0.0456,vide
74,3,16,vide,vide,vide,0.0397,vide
74,3,17,vide,vide,vide,0.0364,vide
74,3,18,vide,vide,vide,0.0395,vide
74,3,19,vide,vide,vide,0.0470,vide
74,3,20,vide,vide,vide,0.0504,vide
74,3,21,vide,vide,vide,0.0376,vide
74,3,22,vide,vide,vide,0.0311,vide
74,3,23,vide,vide,vide,0.0276,vide
74,3,24,vide,vide,vide,0.0194,vide
74,3,25,vide,vide,vide,0.0280,vide
74,3,26,vide,vide,vide,0.0370,vide
74,3,27,vide,vide,vide,0.0331,vide
74,3,28,vide,vide,vide,0.0199,vide
74,3,29,vide,vide,vide,0.0097,vide
74,3,30,vide,vide,vide,0.0160,vide
74,3,31,vide,vide,vide,0.0000,vide
74,4,1,vide,vide,vide,0.0727,vide
74,4,2,vide,vide,vide,0.0899,vide
74,4,3,vide,vide,vide,0.0000,vide
74,4,4,vide,vide,vide,0.0000,vide
74,4,5,vide,vide,vide,0.0729,vide
74,4,6,vide,vide,vide,0.0000,vide
74,4,7,vide,vide,vide,0.0000,vide
74,4,8,vide,vide,vide,0.0000,vide
74,4,9,vide,vide,vide,0.0000,vide
74,4,10,vide,vide,vide,0.0000,vide
74,4,11,vide,vide,vide,0.0000,vide
74,4,12,vide,vide,vide,0.0000,vide
74,4,13,vide,vide,vide,0.0000,vide
74,4,14,vide,vide,vide,0.0000,vide
74,4,15,vide,vide,vide,0.0000,vide
74,4,16,vide,vide,vide,0.0000,vide
74,4,17,vide,vide,vide,0.0000,vide
74,4,18,vide,vide,vide,0.0000,vide
74,4,19,vide,vide,vide,0.0000,vide
74,4,20,vide,vide,vide,0.0000,vide
74,4,21,vide,vide,vide,0.0000,vide
74,4,22,vide,vide,vide,0.0000,vide
74,4,23,vide,vide,vide,0.0000,vide
74,4,24,vide,vide,vide,0.0000,vide
74,4,25,vide,vide,vide,0.0000,vide
74,4,26,vide,vide,vide,0.0000,vide
74,4,27,vide,vide,vide,0.0000,vide
74,4,28,vide,vide,vide,0.0000,vide
74,4,29,vide,vide,vide,0.0000,vide
74,4,30,vide,vide,vide,0.0000,vide
74,5,1,vide,vide,vide,0.0248,vide
74,5,2,vide,vide,vide,0.0131,vide
74,5,3,vide,vide,vide,0.0149,vide
74,5,4,vide,vide,vide,0.0175,vide
74,5,5,vide,vide,vide,0.0247,vide
74,5,6,vide,vide,vide,0.0226,vide
74,5,7,vide,vide,vide,0.0232,vide
74,5,8,vide,vide,vide,0.0190,vide
74,5,9,vide,vide,vide,0.0165,vide
74,5,10,vide,vide,vide,0.0159,vide
74,5,11,vide,vide,vide,0.0211,vide
74,5,12,vide,vide,vide,0.0283,vide
74,5,13,vide,vide,vide,0.0216,vide
74,5,14,vide,vide,vide,0.0220,vide
74,5,15,vide,vide,vide,0.0190,vide
74,5,16,vide,vide,vide,0.0147,vide
74,5,17,vide,vide,vide,0.0213,vide
74,5,18,vide,vide,vide,0.0211,vide
74,5,19,vide,vide,vide,0.0244,vide
74,5,20,vide,vide,vide,0.0205,vide
74,5,21,vide,vide,vide,0.0240,vide
74,5,22,vide,vide,vide,0.0199,vide
74,5,23,vide,vide,vide,0.0219,vide
74,5,24,vide,vide,vide,0.0213,vide
74,5,25,vide,vide,vide,0.0163,vide
74,5,26,vide,vide,vide,0.0122,vide
74,5,27,vide,vide,vide,0.0057,vide
74,5,28,vide,vide,vide,0.0016,vide
74,5,29,vide,vide,vide,0.0051,vide
74,5,30,vide,vide,vide,0.0000,vide
74,5,31,vide,vide,vide,0.0000,vide
74,6,1,vide,vide,vide,0.0554,vide
74,6,2,vide,vide,vide,0.0931,vide
74,6,3,vide,vide,vide,0.0287,vide
74,6,4,vide,vide,vide,0.0798,vide
74,6,5,vide,vide,vide,0.0775,vide
74,6,6,vide,vide,vide,0.1021,vide
74,6,7,vide,vide,vide,0.0864,vide
74,6,8,vide,vide,vide,0.0730,vide
74,6,9,vide,vide,vide,0.0784,vide
74,6,10,vide,vide,vide,0.0386,vide
74,6,11,vide,vide,vide,0.0454,vide
74,6,12,vide,vide,vide,0.0265,vide
74,6,13,vide,vide,vide,0.0251,vide
74,6,14,vide,vide,vide,0.0242,vide
74,6,15,vide,vide,vide,0.0252,vide
74,6,16,vide,vide,vide,0.0316,vide
74,6,17,vide,vide,vide,0.0245,vide
74,6,18,vide,vide,vide,0.0231,vide
74,6,19,vide,vide,vide,0.0211,vide
74,6,20,vide,vide,vide,0.0201,vide
74,6,21,vide,vide,vide,0.0193,vide
74,6,22,vide,vide,vide,0.0229,vide
74,6,23,vide,vide,vide,0.0336,vide
74,6,24,vide,vide,vide,0.0259,vide
74,6,25,vide,vide,vide,0.0235,vide
74,6,26,vide,vide,vide,0.0181,vide
74,6,27,vide,vide,vide,0.0171,vide
74,6,28,vide,vide,vide,0.0328,vide
74,6,29,vide,vide,vide,0.0310,vide
74,6,30,vide,vide,vide,0.0399,vide
74,7,1,vide,vide,vide,0.0944,vide
74,7,2,vide,vide,vide,0.0175,vide
74,7,3,vide,vide,vide,0.0325,vide
74,7,4,vide,vide,vide,0.0383,vide
74,7,5,vide,vide,vide,0.0511,vide
74,7,6,vide,vide,vide,0.0951,vide
74,7,7,vide,vide,vide,0.0784,vide
74,7,8,vide,vide,vide,0.0308,vide
74,7,9,vide,vide,vide,0.0620,vide
74,7,10,vide,vide,vide,0.1012,vide
74,7,11,vide,vide,vide,0.0813,vide
74,7,12,vide,vide,vide,0.0992,vide
74,7,13,vide,vide,vide,0.0941,vide
74,7,14,vide,vide,vide,0.1115,vide
74,7,15,vide,vide,vide,0.1043,vide
74,7,16,vide,vide,vide,0.1195,vide
74,7,17,vide,vide,vide,0.1099,vide
74,7,18,vide,vide,vide,0.1051,vide
74,7,19,vide,vide,vide,0.0917,vide
74,7,20,vide,vide,vide,0.0926,vide
74,7,21,vide,vide,vide,0.0818,vide
74,7,22,vide,vide,vide,0.1015,vide
74,7,23,vide,vide,vide,0.1026,vide
74,7,24,vide,vide,vide,0.0886,vide
74,7,25,vide,vide,vide,0.0866,vide
74,7,26,vide,vide,vide,0.0836,vide
74,7,27,vide,vide,vide,0.0811,vide
74,7,28,vide,vide,vide,0.0701,vide
74,7,29,vide,vide,vide,0.0858,vide
74,7,30,vide,vide,vide,0.0894,vide
74,7,31,vide,vide,vide,0.0742,vide
74,8,1,vide,vide,vide,0.0126,vide
74,8,2,vide,vide,vide,0.0135,vide
74,8,3,vide,vide,vide,0.0051,vide
74,8,4,vide,vide,vide,0.0000,vide
74,8,5,vide,vide,vide,0.0159,vide
74,8,6,vide,vide,vide,0.0000,vide
74,8,7,vide,vide,vide,0.0000,vide
74,8,8,vide,vide,vide,0.0000,vide
74,8,9,vide,vide,vide,0.0000,vide
74,8,10,vide,vide,vide,0.0000,vide
74,8,11,vide,vide,vide,0.0000,vide
74,8,12,vide,vide,vide,0.0000,vide
74,8,13,vide,vide,vide,0.0000,vide
74,8,14,vide,vide,vide,0.0000,vide
74,8,15,vide,vide,vide,0.0000,vide
74,8,16,vide,vide,vide,0.0000,vide
74,8,17,vide,vide,vide,0.0000,vide
74,8,18,vide,vide,vide,0.0000,vide
74,8,19,vide,vide,vide,0.0000,vide
74,8,20,vide,vide,vide,0.0000,vide
74,8,21,vide,vide,vide,0.0000,vide
74,8,22,vide,vide,vide,0.0000,vide
74,8,23,vide,vide,vide,0.0190,vide
74,8,24,vide,vide,vide,0.0447,vide
74,8,25,vide,vide,vide,0.0263,vide
74,8,26,vide,vide,vide,0.0653,vide
74,8,27,vide,vide,vide,0.0843,vide
74,8,28,vide,vide,vide,0.1019,vide
74,8,29,vide,vide,vide,0.2165,X
74,8,30,vide,vide,vide,0.1519,X
74,8,31,vide,vide,vide,0.0000,vide
74,9,1,vide,vide,vide,0.0975,vide
74,9,2,vide,vide,vide,0.0627,vide
74,9,3,vide,vide,vide,0.0880,vide
74,9,4,vide,vide,vide,0.0272,vide
74,9,5,vide,vide,vide,0.0174,vide
74,9,6,vide,vide,vide,0.0176,vide
74,9,7,vide,vide,vide,0.0220,vide
74,9,8,vide,vide,vide,0.0303,vide
74,9,9,vide,vide,vide,0.0235,vide
74,9,10,vide,vide,vide,0.0260,vide
74,9,11,vide,vide,vide,0.0158,vide
74,9,12,vide,vide,vide,0.0218,vide
74,9,13,vide,vide,vide,0.0182,vide
74,9,14,vide,vide,vide,0.0227,vide
74,9,15,vide,vide,vide,0.0189,vide
74,9,16,vide,vide,vide,0.0158,vide
74,9,17,vide,vide,vide,0.0183,vide
74,9,18,vide,vide,vide,0.0083,vide
74,9,19,vide,vide,vide,0.0075,vide
74,9,20,vide,vide,vide,0.0075,vide
74,9,21,vide,vide,vide,0.0082,vide
74,9,22,vide,vide,vide,0.0076,vide
74,9,23,vide,vide,vide,0.0034,vide
74,9,24,vide,vide,vide,0.0001,vide
74,9,25,vide,vide,vide,0.0003,vide
74,9,26,vide,vide,vide,0.0000,vide
74,9,27,vide,vide,vide,0.0000,vide
74,9,28,vide,vide,vide,0.0000,vide
74,9,29,vide,vide,vide,0.0299,vide
74,9,30,vide,vide,vide,0.0000,vide
74,10,1,vide,vide,vide,0.0982,vide
74,10,2,vide,vide,vide,0.0988,vide
74,10,3,vide,vide,vide,0.1042,vide
74,10,4,vide,vide,vide,0.0806,vide
74,10,5,vide,vide,vide,0.1130,vide
74,10,6,vide,vide,vide,0.0890,vide
74,10,7,vide,vide,vide,0.0683,vide
74,10,8,vide,vide,vide,0.0693,vide
74,10,9,vide,vide,vide,0.0361,vide
74,10,10,vide,vide,vide,0.0339,vide
74,10,11,vide,vide,vide,0.0240,vide
74,10,12,vide,vide,vide,0.0249,vide
74,10,13,vide,vide,vide,0.0313,vide
74,10,14,vide,vide,vide,0.0285,vide
74,10,15,vide,vide,vide,0.0276,vide
74,10,16,vide,vide,vide,0.0152,vide
74,10,17,vide,vide,vide,0.0184,vide
74,10,18,vide,vide,vide,0.0204,vide
74,10,19,vide,vide,vide,0.0221,vide
74,10,20,vide,vide,vide,0.0302,vide
74,10,21,vide,vide,vide,0.0215,vide
74,10,22,vide,vide,vide,0.0227,vide
74,10,23,vide,vide,vide,0.0171,vide
74,10,24,vide,vide,vide,0.0143,vide
74,10,25,vide,vide,vide,0.0186,vide
74,10,26,vide,vide,vide,0.0252,vide
74,10,27,vide,vide,vide,0.0387,vide
74,10,28,vide,vide,vide,0.0460,vide
74,10,29,vide,vide,vide,0.0745,vide
74,10,30,vide,vide,vide,0.0094,vide
74,10,31,vide,vide,vide,0.0073,vide
74,11,1,vide,vide,vide,0.0209,vide
74,11,2,vide,vide,vide,0.0216,vide
74,11,3,vide,vide,vide,0.0326,vide
74,11,4,vide,vide,vide,0.0265,vide
74,11,5,vide,vide,vide,0.0250,vide
74,11,6,vide,vide,vide,0.0198,vide
74,11,7,vide,vide,vide,0.0123,vide
74,11,8,vide,vide,vide,0.0137,vide
74,11,9,vide,vide,vide,0.0199,vide
74,11,10,vide,vide,vide,0.0240,vide
74,11,11,vide,vide,vide,0.0197,vide
74,11,12,vide,vide,vide,0.0253,vide
74,11,13,vide,vide,vide,0.0196,vide
74,11,14,vide,vide,vide,0.0151,vide
74,11,15,vide,vide,vide,0.0182,vide
74,11,16,vide,vide,vide,0.0217,vide
74,11,17,vide,vide,vide,0.0240,vide
74,11,18,vide,vide,vide,0.0225,vide
74,11,19,vide,vide,vide,0.0220,vide
74,11,20,vide,vide,vide,0.0185,vide
74,11,21,vide,vide,vide,0.0138,vide
74,11,22,vide,vide,vide,0.0202,vide
74,11,23,vide,vide,vide,0.0254,vide
74,11,24,vide,vide,vide,0.0522,vide
74,11,25,vide,vide,vide,0.0744,vide
74,11,26,vide,vide,vide,0.0567,vide
74,11,27,vide,vide,vide,0.0171,vide
74,11,28,vide,vide,vide,0.0136,vide
74,11,29,vide,vide,vide,0.0523,vide
74,11,30,vide,vide,vide,0.0039,vide
74,12,1,vide,vide,vide,0.1099,vide
74,12,2,vide,vide,vide,0.0910,vide
74,12,3,vide,vide,vide,0.0617,vide
74,12,4,vide,vide,vide,0.0209,vide
74,12,5,vide,vide,vide,0.0150,vide
74,12,6,vide,vide,vide,0.0249,vide
74,12,7,vide,vide,vide,0.0255,vide
74,12,8,vide,vide,vide,0.0240,vide
74,12,9,vide,vide,vide,0.0219,vide
74,12,10,vide,vide,vide,0.0230,vide
74,12,11,vide,vide,vide,0.0182,vide
74,12,12,vide,vide,vide,0.0152,vide
74,12,13,vide,vide,vide,0.0134,vide
74,12,14,vide,vide,vide,0.0193,vide
74,12,15,vide,vide,vide,0.0248,vide
74,12,16,vide,vide,vide,0.0228,vide
74,12,17,vide,vide,vide,0.0262,vide
74,12,18,vide,vide,vide,0.0156,vide
74,12,19,vide,vide,vide,0.0140,vide
74,12,20,vide,vide,vide,0.0146,vide
74,12,21,vide,vide,vide,0.0237,vide
74,12,22,vide,vide,vide,0.0277,vide
74,12,23,vide,vide,vide,0.0242,vide
74,12,24,vide,vide,vide,0.0250,vide
74,12,25,vide,vide,vide,0.0217,vide
74,12,26,vide,vide,vide,0.0193,vide
74,12,27,vide,vide,vide,0.0306,vide
74,12,28,vide,vide,vide,0.0287,vide
74,12,29,vide,vide,vide,0.0341,vide
74,12,30,vide,vide,vide,0.0612,vide
74,12,31,vide,vide,vide,0.0440,vide
75,1,1,vide,vide,vide,0.0000,vide
75,1,2,vide,vide,vide,0.0000,vide
75,1,3,vide,vide,vide,0.0000,vide
75,1,4,vide,vide,vide,0.0000,vide
75,1,5,vide,vide,vide,0.0000,vide
75,1,6,vide,vide,vide,0.0000,vide
75,1,7,vide,vide,vide,0.0000,vide
75,1,8,vide,vide,vide,0.0000,vide
75,1,9,vide,vide,vide,0.0011,vide
75,1,10,vide,vide,vide,0.0037,vide
75,1,11,vide,vide,vide,0.0076,vide
75,1,12,vide,vide,vide,0.0085,vide
75,1,13,vide,vide,vide,0.0075,vide
75,1,14,vide,vide,vide,0.0023,vide
75,1,15,vide,vide,vide,0.0036,vide
75,1,16,vide,vide,vide,0.0042,vide
75,1,17,vide,vide,vide,0.0071,vide
75,1,18,vide,vide,vide,0.0045,vide
75,1,19,vide,vide,vide,0.0069,vide
75,1,20,vide,vide,vide,0.0069,vide
75,1,21,vide,vide,vide,0.0026,vide
75,1,22,vide,vide,vide,0.0019,vide
75,1,23,vide,vide,vide,0.0012,vide
75,1,24,vide,vide,vide,0.0034,vide
75,1,25,vide,vide,vide,0.0000,vide
75,1,26,vide,vide,vide,0.0000,vide
75,1,27,vide,vide,vide,0.0000,vide
75,1,28,vide,vide,vide,0.0000,vide
75,1,29,vide,vide,vide,0.0292,vide
75,1,30,vide,vide,vide,0.0159,vide
75,1,31,vide,vide,vide,0.0055,vide
75,2,1,vide,vide,vide,0.0000,vide
75,2,2,vide,vide,vide,0.0000,vide
75,2,3,vide,vide,vide,0.0000,vide
75,2,4,vide,vide,vide,0.0000,vide
75,2,5,vide,vide,vide,0.0006,vide
75,2,6,vide,vide,vide,0.0012,vide
75,2,7,vide,vide,vide,0.0035,vide
75,2,8,vide,vide,vide,0.0047,vide
75,2,9,vide,vide,vide,0.0058,vide
75,2,10,vide,vide,vide,0.0100,vide
75,2,11,vide,vide,vide,0.0058,vide
75,2,12,vide,vide,vide,0.0025,vide
75,2,13,vide,vide,vide,0.0040,vide
75,2,14,vide,vide,vide,0.0082,vide
75,2,15,vide,vide,vide,0.0162,vide
75,2,16,vide,vide,vide,0.0045,vide
75,2,17,vide,vide,vide,0.0038,vide
75,2,18,vide,vide,vide,0.0046,vide
75,2,19,vide,vide,vide,0.0034,vide
75,2,20,vide,vide,vide,0.0082,vide
75,2,21,vide,vide,vide,0.0173,vide
75,2,22,vide,vide,vide,0.0045,vide
75,2,23,vide,vide,vide,0.0059,vide
75,2,24,vide,vide,vide,0.0182,vide
75,2,25,vide,vide,vide,0.0008,vide
75,2,26,vide,vide,vide,0.0013,vide
75,2,27,vide,vide,vide,0.0005,vide
75,2,28,vide,vide,vide,0.0335,vide
75,3,1,vide,vide,vide,0.0000,vide
75,3,2,vide,vide,vide,0.0000,vide
75,3,3,vide,vide,vide,0.0000,vide
75,3,4,vide,vide,vide,0.0000,vide
75,3,5,vide,vide,vide,0.0000,vide
75,3,6,vide,vide,vide,0.0000,vide
75,3,7,vide,vide,vide,0.0000,vide
75,3,8,vide,vide,vide,0.0033,vide
75,3,9,vide,vide,vide,0.0064,vide
75,3,10,vide,vide,vide,0.0044,vide
75,3,11,vide,vide,vide,0.0014,vide
75,3,12,vide,vide,vide,0.0012,vide
75,3,13,vide,vide,vide,0.0017,vide
75,3,14,vide,vide,vide,0.0112,vide
75,3,15,vide,vide,vide,0.0049,vide
75,3,16,vide,vide,vide,0.0064,vide
75,3,17,vide,vide,vide,0.0047,vide
75,3,18,vide,vide,vide,0.0019,vide
75,3,19,vide,vide,vide,0.0028,vide
75,3,20,vide,vide,vide,0.0024,vide
75,3,21,vide,vide,vide,0.0045,vide
75,3,22,vide,vide,vide,0.0041,vide
75,3,23,vide,vide,vide,0.0056,vide
75,3,24,vide,vide,vide,0.0048,vide
75,3,25,vide,vide,vide,0.0001,vide
75,3,26,vide,vide,vide,0.0000,vide
75,3,27,vide,vide,vide,0.0000,vide
75,3,28,vide,vide,vide,0.0000,vide
75,3,29,vide,vide,vide,0.0000,vide
75,3,30,vide,vide,vide,0.0234,vide
75,3,31,vide,vide,vide,0.0189,vide
75,4,1,vide,vide,vide,0.0074,vide
75,4,2,vide,vide,vide,0.0042,vide
75,4,3,vide,vide,vide,0.0056,vide
75,4,4,vide,vide,vide,0.0018,vide
75,4,5,vide,vide,vide,0.0027,vide
75,4,6,vide,vide,vide,0.0056,vide
75,4,7,vide,vide,vide,0.0028,vide
75,4,8,vide,vide,vide,0.0044,vide
75,4,9,vide,vide,vide,0.0047,vide
75,4,10,vide,vide,vide,0.0056,vide
75,4,11,vide,vide,vide,0.0099,vide
75,4,12,vide,vide,vide,0.0057,vide
75,4,13,vide,vide,vide,0.0068,vide
75,4,14,vide,vide,vide,0.0029,vide
75,4,15,vide,vide,vide,0.0038,vide
75,4,16,vide,vide,vide,0.0016,vide
75,4,17,vide,vide,vide,0.0031,vide
75,4,18,vide,vide,vide,0.0022,vide
75,4,19,vide,vide,vide,0.0057,vide
75,4,20,vide,vide,vide,0.0058,vide
75,4,21,vide,vide,vide,0.0068,vide
75,4,22,vide,vide,vide,0.0030,vide
75,4,23,vide,vide,vide,0.0041,vide
75,4,24,vide,vide,vide,0.0024,vide
75,4,25,vide,vide,vide,0.0065,vide
75,4,26,vide,vide,vide,0.0059,vide
75,4,27,vide,vide,vide,0.0058,vide
75,4,28,vide,vide,vide,0.0040,vide
75,4,29,vide,vide,vide,0.0007,vide
75,4,30,vide,vide,vide,0.0000,vide
75,5,1,vide,vide,vide,0.0058,vide
75,5,2,vide,vide,vide,0.0123,vide
75,5,3,vide,vide,vide,0.0164,vide
75,5,4,vide,vide,vide,0.0148,vide
75,5,5,vide,vide,vide,0.0084,vide
75,5,6,vide,vide,vide,0.0047,vide
75,5,7,vide,vide,vide,0.0064,vide
75,5,8,vide,vide,vide,0.0059,vide
75,5,9,vide,vide,vide,0.0099,vide
75,5,10,vide,vide,vide,0.0071,vide
75,5,11,vide,vide,vide,0.0076,vide
75,5,12,vide,vide,vide,0.0069,vide
75,5,13,vide,vide,vide,0.0044,vide
75,5,14,vide,vide,vide,0.0043,vide
75,5,15,vide,vide,vide,0.0030,vide
75,5,16,vide,vide,vide,0.0078,vide
75,5,17,vide,vide,vide,0.0051,vide
75,5,18,vide,vide,vide,0.0085,vide
75,5,19,vide,vide,vide,0.0086,vide
75,5,20,vide,vide,vide,0.0030,vide
75,5,21,vide,vide,vide,0.0024,vide
75,5,22,vide,vide,vide,0.0037,vide
75,5,23,vide,vide,vide,0.0082,vide
75,5,24,vide,vide,vide,0.0052,vide
75,5,25,vide,vide,vide,0.0076,vide
75,5,26,vide,vide,vide,0.0068,vide
75,5,27,vide,vide,vide,0.0018,vide
75,5,28,vide,vide,vide,0.0028,vide
75,5,29,vide,vide,vide,0.0070,vide
75,5,30,vide,vide,vide,0.0118,vide
75,5,31,vide,vide,vide,0.0044,vide
75,6,1,vide,vide,vide,0.0043,vide
75,6,2,vide,vide,vide,0.0036,vide
75,6,3,vide,vide,vide,0.0018,vide
75,6,4,vide,vide,vide,0.0021,vide
75,6,5,vide,vide,vide,0.0016,vide
75,6,6,vide,vide,vide,0.0040,vide
75,6,7,vide,vide,vide,0.0020,vide
75,6,8,vide,vide,vide,0.0034,vide
75,6,9,vide,vide,vide,0.0057,vide
75,6,10,vide,vide,vide,0.0030,vide
75,6,11,vide,vide,vide,0.0042,vide
75,6,12,vide,vide,vide,0.0020,vide
75,6,13,vide,vide,vide,0.0055,vide
75,6,14,vide,vide,vide,0.0021,vide
75,6,15,vide,vide,vide,0.0049,vide
75,6,16,vide,vide,vide,0.0049,vide
75,6,17,vide,vide,vide,0.0040,vide
75,6,18,vide,vide,vide,0.0037,vide
75,6,19,vide,vide,vide,0.0034,vide
75,6,20,vide,vide,vide,0.0048,vide
75,6,21,vide,vide,vide,0.0031,vide
75,6,22,vide,vide,vide,0.0045,vide
75,6,23,vide,vide,vide,0.0072,vide
75,6,24,vide,vide,vide,0.0039,vide
75,6,25,vide,vide,vide,0.0040,vide
75,6,26,vide,vide,vide,0.0023,vide
75,6,27,vide,vide,vide,0.0048,vide
75,6,28,vide,vide,vide,0.0074,vide
75,6,29,vide,vide,vide,0.0069,vide
75,6,30,vide,vide,vide,0.0057,vide
75,7,1,vide,vide,vide,0.0028,vide
75,7,2,vide,vide,vide,0.0021,vide
75,7,3,vide,vide,vide,0.0013,vide
75,7,4,vide,vide,vide,0.0024,vide
75,7,5,vide,vide,vide,0.0004,vide
75,7,6,vide,vide,vide,0.0017,vide
75,7,7,vide,vide,vide,0.0006,vide
75,7,8,vide,vide,vide,0.0004,vide
75,7,9,vide,vide,vide,0.0006,vide
75,7,10,vide,vide,vide,0.0009,vide
75,7,11,vide,vide,vide,0.0045,vide
75,7,12,vide,vide,vide,0.0012,vide
75,7,13,vide,vide,vide,0.0022,vide
75,7,14,vide,vide,vide,0.0037,vide
75,7,15,vide,vide,vide,0.0022,vide
75,7,16,vide,vide,vide,0.0017,vide
75,7,17,vide,vide,vide,0.0001,vide
75,7,18,vide,vide,vide,0.0045,vide
75,7,19,vide,vide,vide,0.0036,vide
75,7,20,vide,vide,vide,0.0069,vide
75,7,21,vide,vide,vide,0.0103,vide
75,7,22,vide,vide,vide,0.0062,vide
75,7,23,vide,vide,vide,0.0027,vide
75,7,24,vide,vide,vide,0.0007,vide
75,7,25,vide,vide,vide,0.0056,vide
75,7,26,vide,vide,vide,0.0011,vide
75,7,27,vide,vide,vide,0.0065,vide
75,7,28,vide,vide,vide,0.0111,vide
75,7,29,vide,vide,vide,0.0119,vide
75,7,30,vide,vide,vide,0.0069,vide
75,7,31,vide,vide,vide,0.0132,vide
75,8,1,vide,vide,vide,0.0119,vide
75,8,2,vide,vide,vide,0.0074,vide
75,8,3,vide,vide,vide,0.0044,vide
75,8,4,vide,vide,vide,0.0092,vide
75,8,5,vide,vide,vide,0.0015,vide
75,8,6,vide,vide,vide,0.0029,vide
75,8,7,vide,vide,vide,0.0023,vide
75,8,8,vide,vide,vide,0.0074,vide
75,8,9,vide,vide,vide,0.0052,vide
75,8,10,vide,vide,vide,0.0053,vide
75,8,11,vide,vide,vide,0.0070,vide
75,8,12,vide,vide,vide,0.0038,vide
75,8,13,vide,vide,vide,0.0035,vide
75,8,14,vide,vide,vide,0.0018,vide
75,8,15,vide,vide,vide,0.0062,vide
75,8,16,vide,vide,vide,0.0064,vide
75,8,17,vide,vide,vide,0.0060,vide
75,8,18,vide,vide,vide,0.0061,vide
75,8,19,vide,vide,vide,0.0019,vide
75,8,20,vide,vide,vide,0.0029,vide
75,8,21,vide,vide,vide,0.0020,vide
75,8,22,vide,vide,vide,0.0056,vide
75,8,23,vide,vide,vide,0.0253,vide
75,8,24,vide,vide,vide,0.0384,vide
75,8,25,vide,vide,vide,0.0609,vide
75,8,26,vide,vide,vide,0.0511,vide
75,8,27,vide,vide,vide,0.0484,vide
75,8,28,vide,vide,vide,0.0506,vide
75,8,29,vide,vide,vide,0.0420,vide
75,8,30,vide,vide,vide,0.0502,vide
75,8,31,vide,vide,vide,0.0377,vide
75,9,1,vide,vide,vide,0.0541,vide
75,9,2,vide,vide,vide,0.0364,vide
75,9,3,vide,vide,vide,0.0227,vide
75,9,4,vide,vide,vide,0.0137,vide
75,9,5,vide,vide,vide,0.0102,vide
75,9,6,vide,vide,vide,0.0077,vide
75,9,7,vide,vide,vide,0.0102,vide
75,9,8,vide,vide,vide,0.0102,vide
75,9,9,vide,vide,vide,0.0038,vide
75,9,10,vide,vide,vide,0.0036,vide
75,9,11,vide,vide,vide,0.0017,vide
75,9,12,vide,vide,vide,0.0060,vide
75,9,13,vide,vide,vide,0.0028,vide
75,9,14,vide,vide,vide,0.0052,vide
75,9,15,vide,vide,vide,0.0058,vide
75,9,16,vide,vide,vide,0.0035,vide
75,9,17,vide,vide,vide,0.0050,vide
75,9,18,vide,vide,vide,0.0021,vide
75,9,19,vide,vide,vide,0.0075,vide
75,9,20,vide,vide,vide,0.0069,vide
75,9,21,vide,vide,vide,0.0083,vide
75,9,22,vide,vide,vide,0.0078,vide
75,9,23,vide,vide,vide,0.0052,vide
75,9,24,vide,vide,vide,0.0072,vide
75,9,25,vide,vide,vide,0.0043,vide
75,9,26,vide,vide,vide,0.0089,vide
75,9,27,vide,vide,vide,0.0070,vide
75,9,28,vide,vide,vide,0.0148,vide
75,9,29,vide,vide,vide,0.0116,vide
75,9,30,vide,vide,vide,0.0090,vide
75,10,1,vide,vide,vide,0.0203,vide
75,10,2,vide,vide,vide,0.0160,vide
75,10,3,vide,vide,vide,0.0097,vide
75,10,4,vide,vide,vide,0.0075,vide
75,10,5,vide,vide,vide,0.0087,vide
75,10,6,vide,vide,vide,0.0049,vide
75,10,7,vide,vide,vide,0.0012,vide
75,10,8,vide,vide,vide,0.0016,vide
75,10,9,vide,vide,vide,0.0015,vide
75,10,10,vide,vide,vide,0.0015,vide
75,10,11,vide,vide,vide,0.0038,vide
75,10,12,vide,vide,vide,0.0054,vide
75,10,13,vide,vide,vide,0.0040,vide
75,10,14,vide,vide,vide,0.0047,vide
75,10,15,vide,vide,vide,0.0069,vide
75,10,16,vide,vide,vide,0.0043,vide
75,10,17,vide,vide,vide,0.0072,vide
75,10,18,vide,vide,vide,0.0048,vide
75,10,19,vide,vide,vide,0.0069,vide
75,10,20,vide,vide,vide,0.0082,vide
75,10,21,vide,vide,vide,0.0035,vide
75,10,22,vide,vide,vide,0.0051,vide
75,10,23,vide,vide,vide,0.0027,vide
75,10,24,vide,vide,vide,0.0050,vide
75,10,25,vide,vide,vide,0.0028,vide
75,10,26,vide,vide,vide,0.0078,vide
75,10,27,vide,vide,vide,0.0097,vide
75,10,28,vide,vide,vide,0.0049,vide
75,10,29,vide,vide,vide,0.0043,vide
75,10,30,X,X,vide,0.0572,vide
75,10,31,X,X,vide,0.0483,vide
75,11,1,vide,vide,vide,0.0012,vide
75,11,2,vide,vide,vide,0.0024,vide
75,11,3,vide,vide,vide,0.0107,vide
75,11,4,vide,vide,vide,0.0006,vide
75,11,5,vide,vide,vide,0.0038,vide
75,11,6,vide,vide,vide,0.0025,vide
75,11,7,vide,vide,vide,0.0049,vide
75,11,8,vide,vide,vide,0.0018,vide
75,11,9,vide,vide,vide,0.0032,vide
75,11,10,vide,vide,vide,0.0020,vide
75,11,11,vide,vide,vide,0.0018,vide
75,11,12,vide,vide,vide,0.0009,vide
75,11,13,vide,vide,vide,0.0027,vide
75,11,14,vide,vide,vide,0.0013,vide
75,11,15,vide,vide,vide,0.0020,vide
75,11,16,vide,vide,vide,0.0020,vide
75,11,17,vide,vide,vide,0.0032,vide
75,11,18,vide,vide,vide,0.0021,vide
75,11,19,vide,vide,vide,0.0011,vide
75,11,20,vide,vide,vide,0.0027,vide
75,11,21,vide,vide,vide,0.0018,vide
75,11,22,vide,vide,vide,0.0018,vide
75,11,23,vide,vide,vide,0.0056,vide
75,11,24,vide,vide,vide,0.0057,vide
75,11,25,vide,vide,vide,0.0012,vide
75,11,26,vide,vide,vide,0.0033,vide
75,11,27,vide,vide,vide,0.0020,vide
75,11,28,vide,vide,vide,0.0081,vide
75,11,29,vide,vide,vide,0.0027,vide
75,11,30,vide,vide,vide,0.0077,vide
75,12,1,vide,vide,vide,0.0000,vide
75,12,2,vide,vide,vide,0.0000,vide
75,12,3,vide,vide,vide,0.0000,vide
75,12,4,vide,vide,vide,0.0000,vide
75,12,5,vide,vide,vide,0.0000,vide
75,12,6,vide,vide,vide,0.0001,vide
75,12,7,vide,vide,vide,0.0012,vide
75,12,8,vide,vide,vide,0.0001,vide
75,12,9,vide,vide,vide,0.0000,vide
75,12,10,vide,vide,vide,0.0002,vide
75,12,11,vide,vide,vide,0.0000,vide
75,12,12,vide,vide,vide,0.0013,vide
75,12,13,vide,vide,vide,0.0000,vide
75,12,14,vide,vide,vide,0.0016,vide
75,12,15,vide,vide,vide,0.0052,vide
75,12,16,vide,vide,vide,0.0020,vide
75,12,17,vide,vide,vide,0.0014,vide
75,12,18,vide,vide,vide,0.0020,vide
75,12,19,vide,vide,vide,0.0017,vide
75,12,20,vide,vide,vide,0.0016,vide
75,12,21,vide,vide,vide,0.0052,vide
75,12,22,vide,vide,vide,0.0036,vide
75,12,23,vide,vide,vide,0.0022,vide
75,12,24,vide,vide,vide,0.0023,vide
75,12,25,vide,vide,vide,0.0002,vide
75,12,26,vide,vide,vide,0.0016,vide
75,12,27,vide,vide,vide,0.0008,vide
75,12,28,vide,vide,vide,0.0041,vide
75,12,29,vide,vide,vide,0.0067,vide
75,12,30,vide,vide,vide,0.0217,vide
75,12,31,vide,vide,vide,0.0411,vide
77,1,1,vide,vide,vide,,non lu
77,1,2,vide,vide,vide,,non lu
77,1,3,vide,vide,vide,,non lu
77,1,4,vide,vide,vide,,non lu
77,1,5,vide,vide,vide,,non lu
77,1,6,vide,vide,vide,,non lu
77,1,7,vide,vide,vide,,non lu
77,1,8,vide,vide,vide,,non lu
77,1,9,vide,vide,vide,,non lu
77,1,10,vide,vide,vide,,non lu
77,1,11,vide,vide,vide,,non lu
77,1,12,vide,vide,vide,,non lu
77,1,13,vide,vide,vide,,non lu
77,1,14,vide,vide,vide,,non lu
77,1,15,vide,vide,vide,,non lu
77,1,16,vide,vide,vide,,non lu
77,1,17,vide,vide,vide,,non lu
77,1,18,vide,vide,vide,,non lu
77,1,19,vide,vide,vide,,non lu
77,1,20,vide,vide,vide,,non lu
77,1,21,vide,vide,vide,,non lu
77,1,22,vide,vide,vide,,non lu
77,1,23,vide,vide,vide,,non lu
77,1,24,vide,vide,vide,,non lu
77,1,25,vide,vide,vide,,non lu
77,1,26,vide,vide,vide,,non lu
77,1,27,vide,vide,vide,,non lu
77,1,28,vide,vide,vide,,non lu
77,1,29,vide,vide,vide,,non lu
77,1,30,vide,vide,vide,,non lu
77,1,31,vide,vide,vide,,non lu
77,2,1,vide,vide,vide,,non lu
77,2,2,vide,vide,vide,,non lu
77,2,3,vide,vide,vide,,non lu
77,2,4,vide,vide,vide,,non lu
77,2,5,vide,vide,vide,,non lu
77,2,6,vide,vide,vide,,non lu
77,2,7,vide,vide,vide,,non lu
77,2,8,vide,vide,vide,,non lu
77,2,9,vide,vide,vide,,non lu
77,2,10,vide,vide,vide,,non lu
77,2,11,vide,vide,vide,,non lu
77,2,12,vide,vide,vide,,non lu
77,2,13,vide,vide,vide,,non lu
77,2,14,vide,vide,vide,,non lu
77,2,15,vide,vide,vide,,non lu
77,2,16,vide,vide,vide,,non lu
77,2,17,vide,vide,vide,,non lu
77,2,18,vide,vide,vide,,non lu
77,2,19,vide,vide,vide,,non lu
77,2,20,vide,vide,vide,,non lu
77,2,21,vide,vide,vide,,non lu
77,2,22,vide,vide,vide,,non lu
77,2,23,vide,vide,vide,,non lu
77,2,24,vide,vide,vide,,non lu
77,2,25,vide,vide,vide,,non lu
77,2,26,vide,vide,vide,,non lu
77,2,27,vide,vide,vide,,non lu
77,2,28,vide,vide,vide,,non lu
77,3,1,vide,vide,vide,,non lu
77,3,2,vide,vide,vide,,non lu
77,3,3,vide,vide,vide,,non lu
77,3,4,vide,vide,vide,,non lu
77,3,5,vide,vide,vide,,non lu
77,3,6,vide,vide,vide,,non lu
77,3,7,vide,vide,vide,,non lu
77,3,8,vide,vide,vide,,non lu
77,3,9,vide,vide,vide,,non lu
77,3,10,vide,vide,vide,,non lu
77,3,11,vide,vide,vide,,non lu
77,3,12,vide,vide,vide,,non lu
77,3,13,vide,vide,vide,,non lu
77,3,14,vide,vide,vide,,non lu
77,3,15,vide,vide,vide,,non lu
77,3,16,vide,vide,vide,,non lu
77,3,17,vide,vide,vide,,non lu
77,3,18,vide,vide,vide,,non lu
77,3,19,vide,vide,vide,,non lu
77,3,20,vide,vide,vide,,non lu
77,3,21,vide,vide,vide,,non lu
77,3,22,vide,vide,vide,,non lu
77,3,23,vide,vide,vide,,non lu
77,3,24,vide,vide,vide,,non lu
77,3,25,vide,vide,vide,,non lu
77,3,26,vide,vide,vide,,non lu
77,3,27,vide,vide,vide,,non lu
77,3,28,vide,vide,vide,,non lu
77,3,29,vide,vide,vide,,non lu
77,3,30,vide,vide,vide,,non lu
77,3,31,vide,vide,vide,,non lu
77,4,1,vide,vide,vide,,non lu
77,4,2,vide,vide,vide,,non lu
77,4,3,vide,vide,vide,,non lu
77,4,4,vide,vide,vide,,non lu
77,4,5,vide,vide,vide,,non lu
77,4,6,vide,vide,vide,,non lu
77,4,7,vide,vide,vide,,non lu
77,4,8,vide,vide,vide,,non lu
77,4,9,vide,vide,vide,,non lu
77,4,10,vide,vide,vide,,non lu
77,4,11,vide,vide,vide,,non lu
77,4,12,vide,vide,vide,,non lu
77,4,13,vide,vide,vide,,non lu
77,4,14,vide,vide,vide,,non lu
77,4,15,vide,vide,vide,,non lu
77,4,16,vide,vide,vide,,non lu
77,4,17,vide,vide,vide,,non lu
77,4,18,vide,vide,vide,,non lu
77,4,19,vide,vide,vide,,non lu
77,4,20,vide,vide,vide,,non lu
77,4,21,vide,vide,vide,,non lu
77,4,22,vide,vide,vide,,non lu
77,4,23,vide,vide,vide,,non lu
77,4,24,vide,vide,vide,,non lu
77,4,25,vide,vide,vide,,non lu
77,4,26,vide,vide,vide,,non lu
77,4,27,vide,vide,vide,,non lu
77,4,28,vide,vide,vide,,non lu
77,4,29,vide,vide,vide,,non lu
77,4,30,vide,vide,vide,,non lu
77,5,1,vide,vide,vide,,non lu
77,5,2,vide,vide,vide,,non lu
77,5,3,vide,vide,vide,,non lu
77,5,4,vide,vide,vide,,non lu
77,5,5,vide,vide,vide,,non lu
77,5,6,vide,vide,vide,,non lu
77,5,7,vide,vide,vide,,non lu
77,5,8,vide,vide,vide,,non lu
77,5,9,vide,vide,vide,,non lu
77,5,10,vide,vide,vide,,non lu
77,5,11,vide,vide,vide,,non lu
77,5,12,vide,vide,vide,,non lu
77,5,13,vide,vide,vide,,non lu
77,5,14,vide,vide,vide,,non lu
77,5,15,vide,vide,vide,,non lu
77,5,16,vide,vide,vide,,non lu
77,5,17,vide,vide,vide,,non lu
77,5,18,vide,vide,vide,,non lu
77,5,19,vide,vide,vide,,non lu
77,5,20,vide,vide,vide,,non lu
77,5,21,vide,vide,vide,,non lu
77,5,22,vide,vide,vide,,non lu
77,5,23,vide,vide,vide,,non lu
77,5,24,vide,vide,vide,,non lu
77,5,25,vide,vide,vide,,non lu
77,5,26,vide,vide,vide,,non lu
77,5,27,vide,vide,vide,,non lu
77,5,28,vide,vide,vide,,non lu
77,5,29,vide,vide,vide,,non lu
77,5,30,vide,vide,vide,,non lu
77,5,31,vide,vide,vide,,non lu
77,6,1,vide,vide,vide,,non lu
77,6,2,vide,vide,vide,,non lu
77,6,3,vide,vide,vide,,non lu
77,6,4,vide,vide,vide,,non lu
77,6,5,vide,vide,vide,,non lu
77,6,6,vide,vide,vide,,non lu
77,6,7,vide,vide,vide,,non lu
77,6,8,vide,vide,vide,,non lu
77,6,9,vide,vide,vide,,non lu
77,6,10,vide,vide,vide,,non lu
77,6,11,vide,vide,vide,,non lu
77,6,12,vide,vide,vide,,non lu
77,6,13,vide,vide,vide,,non lu
77,6,14,vide,vide,vide,,non lu
77,6,15,vide,vide,vide,,non lu
77,6,16,vide,vide,vide,,non lu
77,6,17,vide,vide,vide,,non lu
77,6,18,vide,vide,vide,,non lu
77,6,19,vide,vide,vide,,non lu
77,6,20,vide,vide,vide,,non lu
77,6,21,vide,vide,vide,,non lu
77,6,22,vide,vide,vide,,non lu
77,6,23,vide,vide,vide,,non lu
77,6,24,vide,vide,vide,,non lu
77,6,25,vide,vide,vide,,non lu
77,6,26,vide,vide,vide,,non lu
77,6,27,vide,vide,vide,,non lu
77,6,28,vide,vide,vide,,non lu
77,6,29,vide,vide,vide,,non lu
77,6,30,vide,vide,vide,,non lu
77,7,1,vide,vide,vide,,non lu
77,7,2,vide,vide,vide,,non lu
77,7,3,vide,vide,vide,,non lu
77,7,4,vide,vide,vide,,non lu
77,7,5,vide,vide,vide,,non lu
77,7,6,vide,vide,vide,,non lu
77,7,7,vide,vide,vide,,non lu
77,7,8,vide,vide,vide,,non lu
77,7,9,vide,vide,vide,,non lu
77,7,10,vide,vide,vide,,non lu
77,7,11,vide,vide,vide,,non lu
77,7,12,vide,vide,vide,,non lu
77,7,13,vide,vide,vide,,non lu
77,7,14,vide,vide,vide,,non lu
77,7,15,vide,vide,vide,,non lu
77,7,16,vide,vide,vide,,non lu
77,7,17,vide,vide,vide,,non lu
77,7,18,vide,vide,vide,,non lu
77,7,19,vide,vide,vide,,non lu
77,7,20,vide,vide,vide,,non lu
77,7,21,vide,vide,vide,,non lu
77,7,22,vide,vide,vide,,non lu
77,7,23,vide,vide,vide,,non lu
77,7,24,vide,vide,vide,,non lu
77,7,25,vide,vide,vide,,non lu
77,7,26,vide,vide,vide,,non lu
77,7,27,vide,vide,vide,,non lu
77,7,28,vide,vide,vide,,non lu
77,7,29,vide,vide,vide,,non lu
77,7,30,vide,vide,vide,,non lu
77,7,31,vide,vide,vide,,non lu
77,8,1,vide,vide,vide,,non lu
77,8,2,vide,vide,vide,,non lu
77,8,3,vide,vide,vide,,non lu
77,8,4,vide,vide,vide,,non lu
77,8,5,vide,vide,vide,,non lu
77,8,6,vide,vide,vide,,non lu
77,8,7,vide,vide,vide,,non lu
77,8,8,vide,vide,vide,,non lu
77,8,9,vide,vide,vide,,non lu
77,8,10,vide,vide,vide,,non lu
77,8,11,vide,vide,vide,,non lu
77,8,12,vide,vide,vide,,non lu
77,8,13,vide,vide,vide,,non lu
77,8,14,vide,vide,vide,,non lu
77,8,15,vide,vide,vide,,non lu
77,8,16,vide,vide,vide,,non lu
77,8,17,vide,vide,vide,,non lu
77,8,18,vide,vide,vide,,non lu
77,8,19,vide,vide,vide,,non lu
77,8,20,vide,vide,vide,,non lu
77,8,21,vide,vide,vide,,non lu
77,8,22,vide,vide,vide,,non lu
77,8,23,vide,vide,vide,,non lu
77,8,24,vide,vide,vide,,non lu
77,8,25,vide,vide,vide,,non lu
77,8,26,vide,vide,vide,,non lu
77,8,27,vide,vide,vide,,non lu
77,8,28,vide,vide,vide,,non lu
77,8,29,vide,vide,vide,,non lu
77,8,30,vide,vide,vide,,non lu
77,8,31,vide,vide,vide,,non lu
77,9,1,vide,vide,vide,,non lu
77,9,2,vide,vide,vide,,non lu
77,9,3,vide,vide,vide,,non lu
77,9,4,vide,vide,vide,,non lu
77,9,5,vide,vide,vide,,non lu
77,9,6,vide,vide,vide,,non lu
77,9,7,vide,vide,vide,,non lu
77,9,8,vide,vide,vide,,non lu
77,9,9,vide,vide,vide,,non lu
77,9,10,vide,vide,vide,,non lu
77,9,11,vide,vide,vide,,non lu
77,9,12,vide,vide,vide,,non lu
77,9,13,vide,vide,vide,,non lu
77,9,14,vide,vide,vide,,non lu
77,9,15,vide,vide,vide,,non lu
77,9,16,vide,vide,vide,,non lu
77,9,17,vide,vide,vide,,non lu
77,9,18,vide,vide,vide,,non lu
77,9,19,vide,vide,vide,,non lu
77,9,20,vide,vide,vide,,non lu
77,9,21,vide,vide,vide,,non lu
77,9,22,vide,vide,vide,,non lu
77,9,23,vide,vide,vide,,non lu
77,9,24,vide,vide,vide,,non lu
77,9,25,vide,vide,vide,,non lu
77,9,26,vide,vide,vide,,non lu
77,9,27,vide,vide,vide,,non lu
77,9,28,vide,vide,vide,,non lu
78,1,1,vide,vide,vide,0.0000,vide
78,1,2,vide,vide,vide,0.0000,vide
78,1,3,vide,vide,vide,0.0000,vide
78,1,4,vide,vide,vide,0.0003,vide
78,1,5,vide,vide,vide,0.0026,vide
78,1,6,vide,vide,vide,0.0027,vide
78,1,7,vide,vide,vide,0.0000,vide
78,1,8,vide,vide,vide,0.0000,vide
78,1,9,vide,vide,vide,0.0000,vide
78,1,10,vide,vide,vide,0.0000,vide
78,1,11,vide,vide,vide,0.0000,vide
78,1,12,vide,vide,vide,0.0020,vide
78,1,13,vide,vide,vide,0.0000,vide
78,1,14,vide,vide,vide,0.0000,vide
78,1,15,vide,vide,vide,0.0000,vide
78,1,16,vide,vide,vide,0.0022,vide
78,1,17,vide,vide,vide,0.0000,vide
78,1,18,vide,vide,vide,0.0000,vide
78,1,19,vide,vide,vide,0.0000,vide
78,1,20,vide,vide,vide,0.0000,vide
78,1,21,vide,vide,vide,0.0000,vide
78,1,22,vide,vide,vide,0.0000,vide
78,1,23,vide,vide,vide,0.0000,vide
78,1,24,vide,vide,vide,0.0000,vide
78,1,25,vide,vide,vide,0.0000,vide
78,1,26,vide,vide,vide,0.0000,vide
78,1,27,vide,vide,vide,0.0000,vide
78,1,28,vide,vide,vide,0.0000,vide
78,1,29,vide,vide,vide,0.0000,vide
78,1,30,vide,vide,vide,0.0000,vide
78,1,31,vide,vide,vide,0.0000,vide
78,2,1,vide,vide,vide,0.0072,vide
78,2,2,vide,vide,vide,0.0070,vide
78,2,3,vide,vide,vide,0.0083,vide
78,2,4,vide,vide,vide,0.0015,vide
78,2,5,vide,vide,vide,0.0035,vide
78,2,6,vide,vide,vide,0.0035,vide
78,2,7,vide,vide,vide,0.0053,vide
78,2,8,vide,vide,vide,0.0049,vide
78,2,9,vide,vide,vide,0.0055,vide
78,2,10,vide,vide,vide,0.0066,vide
78,2,11,vide,vide,vide,0.0038,vide
78,2,12,vide,vide,vide,0.0033,vide
78,2,13,vide,vide,vide,0.0019,vide
78,2,14,vide,vide,vide,0.0026,vide
78,2,15,vide,vide,vide,0.0084,vide
78,2,16,vide,vide,vide,0.0073,vide
78,2,17,vide,vide,vide,0.0044,vide
78,2,18,vide,vide,vide,0.0018,vide
78,2,19,vide,vide,vide,0.0024,vide
78,2,20,vide,vide,vide,0.0026,vide
78,2,21,vide,vide,vide,0.0055,vide
78,2,22,vide,vide,vide,0.0076,vide
78,2,23,vide,vide,vide,0.0088,vide
78,2,24,vide,vide,vide,0.0077,vide
78,2,25,vide,vide,vide,0.0058,vide
78,2,26,vide,vide,vide,0.0053,vide
78,2,27,vide,vide,vide,0.0049,vide
78,2,28,vide,vide,vide,0.0090,vide
78,3,1,vide,vide,vide,0.0000,vide
78,3,2,vide,vide,vide,0.0029,vide
78,3,3,vide,vide,vide,0.0003,vide
78,3,4,vide,vide,vide,0.0000,vide
78,3,5,vide,vide,vide,0.0003,vide
78,3,6,vide,vide,vide,0.0000,vide
78,3,7,vide,vide,vide,0.0012,vide
78,3,8,vide,vide,vide,0.0032,vide
78,3,9,vide,vide,vide,0.0054,vide
78,3,10,vide,vide,vide,0.0023,vide
78,3,11,vide,vide,vide,0.0002,vide
78,3,12,vide,vide,vide,0.0000,vide
78,3,13,vide,vide,vide,0.0001,vide
78,3,14,vide,vide,vide,0.0010,vide
78,3,15,vide,vide,vide,0.0051,vide
78,3,16,vide,vide,vide,0.0076,vide
78,3,17,vide,vide,vide,0.0019,vide
78,3,18,vide,vide,vide,0.0005,vide
78,3,19,vide,vide,vide,0.0005,vide
78,3,20,vide,vide,vide,0.0004,vide
78,3,21,vide,vide,vide,0.0021,vide
78,3,22,vide,vide,vide,0.0014,vide
78,3,23,vide,vide,vide,0.0035,vide
78,3,24,vide,vide,vide,0.0023,vide
78,3,25,vide,vide,vide,0.0000,vide
78,3,26,vide,vide,vide,0.0000,vide
78,3,27,vide,vide,vide,0.0000,vide
78,3,28,vide,vide,vide,0.0000,vide
78,3,29,vide,vide,vide,0.0008,vide
78,3,30,vide,vide,vide,0.0022,vide
78,3,31,vide,vide,vide,0.0000,vide
78,4,1,vide,vide,vide,0.0004,vide
78,4,2,vide,vide,vide,0.0010,vide
78,4,3,vide,vide,vide,0.0006,vide
78,4,4,vide,vide,vide,0.0005,vide
78,4,5,vide,vide,vide,0.0035,vide
78,4,6,vide,vide,vide,0.0061,vide
78,4,7,vide,vide,vide,0.0029,vide
78,4,8,vide,vide,vide,0.0037,vide
78,4,9,vide,vide,vide,0.0066,vide
78,4,10,vide,vide,vide,0.0048,vide
78,4,11,vide,vide,vide,0.0069,vide
78,4,12,vide,vide,vide,0.0078,vide
78,4,13,vide,vide,vide,0.0085,vide
78,4,14,vide,vide,vide,0.0103,vide
78,4,15,vide,vide,vide,0.0070,vide
78,4,16,vide,vide,vide,0.0087,vide
78,4,17,vide,vide,vide,0.0048,vide
78,4,18,vide,vide,vide,0.0106,vide
78,4,19,vide,vide,vide,0.0099,vide
78,4,20,vide,vide,vide,0.0090,vide
78,4,21,vide,vide,vide,0.0038,vide
78,4,22,vide,vide,vide,0.0039,vide
78,4,23,vide,vide,vide,0.0041,vide
78,4,24,vide,vide,vide,0.0029,vide
78,4,25,vide,vide,vide,0.0044,vide
78,4,26,vide,vide,vide,0.0050,vide
78,4,27,vide,vide,vide,0.0050,vide
78,4,28,vide,vide,vide,0.0038,vide
78,4,29,vide,vide,vide,0.0027,vide
78,4,30,vide,vide,vide,0.0042,vide
78,5,1,vide,vide,vide,0.0000,vide
78,5,2,vide,vide,vide,0.0032,vide
78,5,3,vide,vide,vide,0.0019,vide
78,5,4,vide,vide,vide,0.0038,vide
78,5,5,vide,vide,vide,0.0030,vide
78,5,6,vide,vide,vide,0.0017,vide
78,5,7,vide,vide,vide,0.0025,vide
78,5,8,vide,vide,vide,0.0012,vide
78,5,9,vide,vide,vide,0.0032,vide
78,5,10,vide,vide,vide,0.0051,vide
78,5,11,vide,vide,vide,0.0075,vide
78,5,12,vide,vide,vide,0.0084,vide
78,5,13,vide,vide,vide,0.0051,vide
78,5,14,vide,vide,vide,0.0092,vide
78,5,15,vide,vide,vide,0.0067,vide
78,5,16,vide,vide,vide,0.0092,vide
78,5,17,vide,vide,vide,0.0098,vide
78,5,18,vide,vide,vide,0.0091,vide
78,5,19,vide,vide,vide,0.0049,vide
78,5,20,vide,vide,vide,0.0044,vide
78,5,21,vide,vide,vide,0.0072,vide
78,5,22,vide,vide,vide,0.0073,vide
78,5,23,vide,vide,vide,0.0073,vide
78,5,24,vide,vide,vide,0.0070,vide
78,5,25,vide,vide,vide,0.0101,vide
78,5,26,vide,vide,vide,0.0034,vide
78,5,27,vide,vide,vide,0.0050,vide
78,5,28,vide,vide,vide,0.0061,vide
78,5,29,vide,vide,vide,0.0072,vide
78,5,30,vide,vide,vide,0.0063,vide
78,5,31,vide,vide,vide,0.0095,vide
78,6,1,vide,vide,vide,0.0019,vide
78,6,2,vide,vide,vide,0.0011,vide
78,6,3,vide,vide,vide,0.0015,vide
78,6,4,vide,vide,vide,0.0025,vide
78,6,5,vide,vide,vide,0.0006,vide
78,6,6,vide,vide,vide,0.0009,vide
78,6,7,vide,vide,vide,0.0009,vide
78,6,8,vide,vide,vide,0.0035,vide
78,6,9,vide,vide,vide,0.0018,vide
78,6,10,vide,vide,vide,0.0020,vide
78,6,11,vide,vide,vide,0.0041,vide
78,6,12,vide,vide,vide,0.0016,vide
78,6,13,vide,vide,vide,0.0072,vide
78,6,14,vide,vide,vide,0.0049,vide
78,6,15,vide,vide,vide,0.0074,vide
78,6,16,vide,vide,vide,0.0063,vide
78,6,17,vide,vide,vide,0.0031,vide
78,6,18,vide,vide,vide,0.0054,vide
78,6,19,vide,vide,vide,0.0058,vide
78,6,20,vide,vide,vide,0.0065,vide
78,6,21,vide,vide,vide,0.0089,vide
78,6,22,vide,vide,vide,0.0064,vide
78,6,23,vide,vide,vide,0.0023,vide
78,6,24,vide,vide,vide,0.0032,vide
78,6,25,vide,vide,vide,0.0034,vide
78,6,26,vide,vide,vide,0.0035,vide
78,6,27,vide,vide,vide,0.0123,vide
78,6,28,vide,vide,vide,0.0188,vide
78,6,29,vide,vide,vide,0.0274,vide
78,6,30,vide,vide,vide,0.0342,vide
78,7,1,vide,vide,vide,0.0006,vide
78,7,2,vide,vide,vide,0.0019,vide
78,7,3,vide,vide,vide,0.0007,vide
78,7,4,vide,vide,vide,0.0015,vide
78,7,5,vide,vide,vide,0.0017,vide
78,7,6,vide,vide,vide,0.0036,vide
78,7,7,vide,vide,vide,0.0014,vide
78,7,8,vide,vide,vide,0.0016,vide
78,7,9,vide,vide,vide,0.0023,vide
78,7,10,vide,vide,vide,0.0006,vide
78,7,11,vide,vide,vide,0.0029,vide
78,7,12,vide,vide,vide,0.0092,vide
78,7,13,vide,vide,vide,0.0078,vide
78,7,14,vide,vide,vide,0.0087,vide
78,7,15,vide,vide,vide,0.0029,vide
78,7,16,vide,vide,vide,0.0025,vide
78,7,17,vide,vide,vide,0.0031,vide
78,7,18,vide,vide,vide,0.0084,vide
78,7,19,vide,vide,vide,0.0091,vide
78,7,20,vide,vide,vide,0.0101,vide
78,7,21,vide,vide,vide,0.0073,vide
78,7,22,vide,vide,vide,0.0063,vide
78,7,23,vide,vide,vide,0.0047,vide
78,7,24,vide,vide,vide,0.0054,vide
78,7,25,vide,vide,vide,0.0103,vide
78,7,26,vide,vide,vide,0.0099,vide
78,7,27,vide,vide,vide,0.0094,vide
78,7,28,vide,vide,vide,0.0086,vide
78,7,29,vide,vide,vide,0.0069,vide
78,7,30,vide,vide,vide,0.0046,vide
78,7,31,vide,vide,vide,0.0038,vide
78,8,1,vide,vide,vide,0.0355,vide
78,8,2,vide,vide,vide,0.0380,vide
78,8,3,vide,vide,vide,0.0399,vide
78,8,4,vide,vide,vide,0.0346,vide
78,8,5,vide,vide,vide,0.0361,vide
78,8,6,vide,vide,vide,0.0440,vide
78,8,7,vide,vide,vide,0.0411,vide
78,8,8,vide,vide,vide,0.0420,vide
78,8,9,vide,vide,vide,0.0505,vide
78,8,10,vide,vide,vide,0.0547,vide
78,8,11,vide,vide,vide,0.0357,vide
78,8,12,vide,vide,vide,0.0433,vide
78,8,13,vide,vide,vide,0.0451,vide
78,8,14,vide,vide,vide,0.0502,vide
78,8,15,vide,vide,vide,0.0520,vide
78,8,16,vide,vide,vide,0.0539,vide
78,8,17,vide,vide,vide,0.0540,vide
78,8,18,vide,vide,vide,0.0475,vide
78,8,19,vide,vide,vide,0.0563,vide
78,8,20,vide,vide,vide,0.0669,vide
78,8,21,vide,vide,vide,0.0550,vide
78,8,22,vide,vide,vide,0.0475,vide
78,8,23,vide,vide,vide,0.0560,vide
78,8,24,vide,vide,vide,0.0621,vide
78,8,25,vide,vide,vide,0.0542,vide
78,8,26,vide,vide,vide,0.0572,vide
78,8,27,vide,vide,vide,0.0637,vide
78,8,28,vide,vide,vide,0.0647,vide
78,8,29,vide,vide,vide,0.0613,vide
78,8,30,vide,vide,vide,0.0612,vide
78,8,31,vide,vide,vide,0.0020,vide
78,9,1,vide,vide,vide,0.0000,vide
78,9,2,vide,vide,vide,0.0000,vide
78,9,3,vide,vide,vide,0.0000,vide
78,9,4,vide,vide,vide,0.0000,vide
78,9,5,vide,vide,vide,0.0000,vide
78,9,6,vide,vide,vide,0.0000,vide
78,9,7,vide,vide,vide,0.0000,vide
78,9,8,vide,vide,vide,0.0000,vide
78,9,9,vide,vide,vide,0.0000,vide
78,9,10,vide,vide,vide,0.0000,vide
78,9,11,vide,vide,vide,0.0000,vide
78,9,12,vide,vide,vide,0.0000,vide
78,9,13,vide,vide,vide,0.0000,vide
78,9,14,vide,vide,vide,0.0000,vide
78,9,15,vide,vide,vide,0.0000,vide
78,9,16,vide,vide,vide,0.0000,vide
78,9,17,vide,vide,vide,0.0000,vide
78,9,18,vide,vide,vide,0.0000,vide
78,9,19,vide,vide,vide,0.0000,vide
78,9,20,vide,vide,vide,0.0000,vide
78,9,21,vide,vide,vide,0.0000,vide
78,9,22,vide,vide,vide,0.0000,vide
78,9,23,vide,vide,vide,0.0000,vide
78,9,24,vide,vide,vide,0.0000,vide
78,9,25,vide,vide,vide,0.0000,vide
78,9,26,vide,vide,vide,0.0000,vide
78,9,27,vide,vide,vide,0.0000,vide
78,9,28,vide,vide,vide,0.0000,vide
78,9,29,vide,vide,vide,0.0000,vide
78,9,30,vide,vide,vide,0.0000,vide
78,10,1,vide,vide,vide,0.0008,vide
78,10,2,vide,vide,vide,0.0000,vide
78,10,3,vide,vide,vide,0.0020,vide
78,10,4,vide,vide,vide,0.0037,vide
78,10,5,vide,vide,vide,0.0045,vide
78,10,6,vide,vide,vide,0.0030,vide
78,10,7,vide,vide,vide,0.0006,vide
78,10,8,vide,vide,vide,0.0014,vide
78,10,9,vide,vide,vide,0.0004,vide
78,10,10,vide,vide,vide,0.0051,vide
78,10,11,vide,vide,vide,0.0022,vide
78,10,12,vide,vide,vide,0.0048,vide
78,10,13,vide,vide,vide,0.0063,vide
78,10,14,vide,vide,vide,0.0022,vide
78,10,15,vide,vide,vide,0.0030,vide
78,10,16,vide,vide,vide,0.0031,vide
78,10,17,vide,vide,vide,0.0060,vide
78,10,18,vide,vide,vide,0.0066,vide
78,10,19,vide,vide,vide,0.0053,vide
78,10,20,vide,vide,vide,0.0014,vide
78,10,21,vide,vide,vide,0.0030,vide
78,10,22,vide,vide,vide,0.0049,vide
78,10,23,vide,vide,vide,0.0048,vide
78,10,24,vide,vide,vide,0.0112,vide
78,10,25,vide,vide,vide,0.0093,vide
78,10,26,vide,vide,vide,0.0152,vide
78,10,27,vide,vide,vide,0.0144,vide
78,10,28,vide,vide,vide,0.0173,vide
78,10,29,vide,vide,vide,0.0129,vide
78,10,30,vide,vide,vide,0.0121,vide
78,10,31,vide,vide,vide,0.0177,vide
78,11,1,vide,vide,vide,0.0026,vide
78,11,2,vide,vide,vide,0.0017,vide
78,11,3,vide,vide,vide,0.0017,vide
78,11,4,vide,vide,vide,0.0013,vide
78,11,5,vide,vide,vide,0.0009,vide
78,11,6,vide,vide,vide,0.0005,vide
78,11,7,vide,vide,vide,0.0000,vide
78,11,8,vide,vide,vide,0.0012,vide
78,11,9,vide,vide,vide,0.0016,vide
78,11,10,vide,vide,vide,0.0015,vide
78,11,11,vide,vide,vide,0.0009,vide
78,11,12,vide,vide,vide,0.0008,vide
78,11,13,vide,vide,vide,0.0008,vide
78,11,14,vide,vide,vide,0.0008,vide
78,11,15,vide,vide,vide,0.0016,vide
78,11,16,vide,vide,vide,0.0027,vide
78,11,17,vide,vide,vide,0.0028,vide
78,11,18,vide,vide,vide,0.0006,vide
78,11,19,vide,vide,vide,0.0011,vide
78,11,20,vide,vide,vide,0.0003,vide
78,11,21,vide,vide,vide,0.0014,vide
78,11,22,vide,vide,vide,0.0033,vide
78,11,23,vide,vide,vide,0.0039,vide
78,11,24,vide,vide,vide,0.0030,vide
78,11,25,vide,vide,vide,0.0012,vide
78,11,26,vide,vide,vide,0.0032,vide
78,11,27,vide,vide,vide,0.0009,vide
78,11,28,vide,vide,vide,0.0036,vide
78,11,29,vide,vide,vide,0.0075,vide
78,11,30,vide,vide,vide,0.0051,vide
78,12,1,vide,vide,vide,0.0024,vide
78,12,2,vide,vide,vide,0.0015,vide
78,12,3,vide,vide,vide,0.0021,vide
78,12,4,vide,vide,vide,0.0001,vide
78,12,5,vide,vide,vide,0.0021,vide
78,12,6,vide,vide,vide,0.0034,vide
78,12,7,vide,vide,vide,0.0028,vide
78,12,8,vide,vide,vide,0.0055,vide
78,12,9,vide,vide,vide,0.0008,vide
78,12,10,vide,vide,vide,0.0017,vide
78,12,11,vide,vide,vide,0.0000,vide
78,12,12,vide,vide,vide,0.0018,vide
78,12,13,vide,vide,vide,0.0047,vide
78,12,14,vide,vide,vide,0.0025,vide
78,12,15,vide,vide,vide,0.0013,vide
78,12,16,vide,vide,vide,0.0002,vide
78,12,17,vide,vide,vide,0.0000,vide
78,12,18,vide,vide,vide,0.0002,vide
78,12,19,vide,vide,vide,0.0011,vide
78,12,20,vide,vide,vide,0.0011,vide
78,12,21,vide,vide,vide,0.0059,vide
78,12,22,vide,vide,vide,0.0036,vide
78,12,23,vide,vide,vide,0.0031,vide
78,12,24,vide,vide,vide,0.0038,vide
78,12,25,vide,vide,vide,0.0043,vide
78,12,26,vide,vide,vide,0.0043,vide
78,12,27,vide,vide,vide,0.0038,vide
78,12,28,vide,vide,vide,0.0040,vide
78,12,29,vide,vide,vide,0.0029,vide
78,12,30,vide,vide,vide,0.0050,vide
78,12,31,vide,vide,vide,0.0059,vide
79,1,1,vide,vide,vide,0.0000,vide
79,1,2,vide,vide,vide,0.0000,vide
79,1,3,vide,vide,vide,0.0000,vide
79,1,4,vide,vide,vide,0.0000,vide
79,1,5,vide,vide,vide,0.0000,vide
79,1,6,vide,vide,vide,0.0000,vide
79,1,7,vide,vide,vide,0.0008,vide
79,1,8,vide,vide,vide,0.0000,vide
79,1,9,vide,vide,vide,0.0000,vide
79,1,10,vide,vide,vide,0.0000,vide
79,1,11,vide,vide,vide,0.0011,vide
79,1,12,vide,vide,vide,0.0000,vide
79,1,13,vide,vide,vide,0.0000,vide
79,1,14,vide,vide,vide,0.0000,vide
79,1,15,vide,vide,vide,0.0000,vide
79,1,16,vide,vide,vide,0.0000,vide
79,1,17,vide,vide,vide,0.0000,vide
79,1,18,vide,vide,vide,0.0000,vide
79,1,19,vide,vide,vide,0.0000,vide
79,1,20,vide,vide,vide,0.0000,vide
79,1,21,vide,vide,vide,0.0009,vide
79,1,22,vide,vide,vide,0.0000,vide
79,1,23,vide,vide,vide,0.0000,vide
79,1,24,vide,vide,vide,0.0000,vide
79,1,25,vide,vide,vide,0.0000,vide
79,1,26,vide,vide,vide,0.0000,vide
79,1,27,vide,vide,vide,0.0000,vide
79,1,28,vide,vide,vide,0.0000,vide
79,1,29,vide,vide,vide,0.0000,vide
79,1,30,vide,vide,vide,0.0000,vide
79,1,31,vide,vide,vide,0.0000,vide
79,2,1,vide,vide,vide,0.0010,vide
79,2,2,vide,vide,vide,0.0013,vide
79,2,3,vide,vide,vide,0.0004,vide
79,2,4,vide,vide,vide,0.0005,vide
79,2,5,vide,vide,vide,0.0018,vide
79,2,6,vide,vide,vide,0.0006,vide
79,2,7,vide,vide,vide,0.0006,vide
79,2,8,vide,vide,vide,0.0007,vide
79,2,9,vide,vide,vide,0.0001,vide
79,2,10,vide,vide,vide,0.0000,vide
79,2,11,vide,vide,vide,0.0009,vide
79,2,12,vide,vide,vide,0.0028,vide
79,2,13,vide,vide,vide,0.0004,vide
79,2,14,vide,vide,vide,0.0008,vide
79,2,15,vide,vide,vide,0.0008,vide
79,2,16,vide,vide,vide,0.0027,vide
79,2,17,vide,vide,vide,0.0007,vide
79,2,18,vide,vide,vide,0.0011,vide
79,2,19,vide,vide,vide,0.0003,vide
79,2,20,vide,vide,vide,0.0003,vide
79,2,21,vide,vide,vide,0.0006,vide
79,2,22,vide,vide,vide,0.0027,vide
79,2,23,vide,vide,vide,0.0008,vide
79,2,24,vide,vide,vide,0.0002,vide
79,2,25,vide,vide,vide,0.0009,vide
79,2,26,vide,vide,vide,0.0016,vide
79,2,27,vide,vide,vide,0.0004,vide
79,2,28,vide,vide,vide,0.0010,vide
79,2,29,vide,vide,vide,0.0009,vide
79,3,1,vide,vide,vide,0.0006,vide
79,3,2,vide,vide,vide,0.0003,vide
79,3,3,vide,?,vide,0.0071,vide
79,3,4,vide,vide,vide,0.0008,vide
79,3,5,vide,vide,vide,0.0001,vide
79,3,6,vide,vide,vide,0.0001,vide
79,3,7,vide,vide,vide,0.0011,vide
79,3,8,vide,vide,vide,0.0011,vide
79,3,9,vide,vide,vide,0.0003,vide
79,3,10,vide,vide,vide,0.0005,vide
79,3,11,vide,vide,vide,0.0006,vide
79,3,12,vide,?,vide,0.0037,vide
79,3,13,vide,vide,vide,0.0006,vide
79,3,14,vide,vide,vide,0.0027,vide
79,3,15,vide,?,vide,0.0073,vide
79,3,16,vide,vide,vide,0.0003,vide
79,3,17,vide,vide,vide,0.0019,vide
79,3,18,vide,vide,vide,0.0005,vide
79,3,19,vide,vide,vide,0.0000,vide
79,3,20,vide,vide,vide,0.0006,vide
79,3,21,vide,vide,vide,0.0000,vide
79,3,22,vide,vide,vide,0.0013,vide
79,3,23,vide,vide,vide,0.0003,vide
79,3,24,vide,vide,vide,0.0004,vide
79,3,25,vide,vide,vide,0.0008,vide
79,3,26,vide,vide,vide,0.0005,vide
79,3,27,vide,vide,vide,0.0009,vide
79,3,28,vide,vide,vide,0.0003,vide
79,3,29,vide,vide,vide,0.0011,vide
79,3,30,vide,vide,vide,0.0002,vide
79,3,31,vide,vide,vide,0.0008,vide
79,4,1,vide,vide,vide,0.0010,vide
79,4,2,vide,vide,vide,0.0007,vide
79,4,3,vide,vide,vide,0.0006,vide
79,4,4,vide,vide,vide,0.0012,vide
79,4,5,vide,vide,vide,0.0005,vide
79,4,6,vide,vide,vide,0.0008,vide
79,4,7,vide,vide,vide,0.0024,vide
79,4,8,vide,vide,vide,0.0010,vide
79,4,9,vide,vide,vide,0.0004,vide
79,4,10,vide,vide,vide,0.0003,vide
79,4,11,vide,vide,vide,0.0013,vide
79,4,12,vide,?,vide,0.0025,vide
79,4,13,vide,?,vide,0.0016,vide
79,4,14,vide,?,vide,0.0061,vide
79,4,15,vide,?,vide,0.0013,vide
79,4,16,vide,?,vide,0.0028,vide
79,4,17,vide,?,vide,0.0037,vide
79,4,18,vide,vide,vide,0.0043,vide
79,4,19,vide,?,vide,0.0004,vide
79,4,20,vide,vide,vide,0.0005,vide
79,4,21,vide,vide,vide,0.0023,vide
79,4,22,vide,vide,vide,0.0014,vide
79,4,23,vide,vide,vide,0.0014,vide
79,4,24,vide,vide,vide,0.0012,vide
79,4,25,vide,vide,vide,0.0010,vide
79,4,26,vide,vide,vide,0.0004,vide
79,4,27,vide,vide,vide,0.0000,vide
79,4,28,vide,vide,vide,0.0021,vide
79,4,29,vide,vide,vide,0.0022,vide
79,4,30,vide,vide,vide,0.0002,vide
79,5,1,vide,vide,vide,0.0000,vide
79,5,2,vide,vide,vide,0.0000,vide
79,5,3,vide,vide,vide,0.0019,vide
79,5,4,vide,?,vide,0.0056,vide
79,5,5,vide,vide,vide,0.0007,vide
79,5,6,vide,vide,vide,0.0016,vide
79,5,7,vide,vide,vide,0.0003,vide
79,5,8,vide,vide,vide,0.0000,vide
79,5,9,vide,vide,vide,0.0030,vide
79,5,10,vide,?,vide,0.0003,vide
79,5,11,vide,?,vide,0.0024,vide
79,5,12,vide,vide,vide,0.0014,vide
79,5,13,vide,vide,vide,0.0016,vide
79,5,14,vide,?,vide,0.0153,vide
79,5,15,vide,?,vide,0.0057,vide
79,5,16,vide,vide,vide,0.0010,vide
79,5,17,vide,vide,vide,0.0016,vide
79,5,18,vide,?,vide,0.0034,vide
79,5,19,vide,vide,vide,0.0018,vide
79,5,20,vide,vide,vide,0.0012,vide
79,5,21,vide,vide,vide,0.0004,vide
79,5,22,vide,vide,vide,0.0010,vide
79,5,23,vide,vide,vide,0.0003,vide
79,5,24,vide,vide,vide,0.0009,vide
79,5,25,vide,vide,vide,0.0009,vide
79,5,26,vide,vide,vide,0.0012,vide
79,5,27,vide,vide,vide,0.0040,vide
79,5,28,vide,vide,vide,0.0010,vide
79,5,29,vide,?,vide,0.0095,vide
79,5,30,vide,vide,vide,0.0020,vide
79,5,31,vide,vide,vide,0.0023,vide
79,6,1,vide,vide,vide,0.0111,vide
79,6,2,vide,vide,vide,0.0072,vide
79,6,3,vide,vide,vide,0.0074,vide
79,6,4,vide,vide,vide,0.0028,vide
79,6,5,vide,vide,vide,0.0023,vide
79,6,6,vide,vide,vide,0.0017,vide
79,6,7,vide,vide,vide,0.0027,vide
79,6,8,vide,vide,vide,0.0000,vide
79,6,9,vide,vide,vide,0.0009,vide
79,6,10,vide,vide,vide,0.0024,vide
79,6,11,vide,vide,vide,0.0007,vide
79,6,12,vide,vide,vide,0.0034,vide
79,6,13,vide,vide,vide,0.0056,vide
79,6,14,vide,vide,vide,0.0145,vide
79,6,15,vide,vide,vide,0.0017,vide
79,6,16,vide,vide,vide,0.0028,vide
79,6,17,vide,vide,vide,0.0049,vide
79,6,18,vide,vide,vide,0.0023,vide
79,6,19,vide,vide,vide,0.0015,vide
79,6,20,vide,vide,vide,0.0014,vide
79,6,21,vide,vide,vide,0.0027,vide
79,6,22,vide,vide,vide,0.0010,vide
79,6,23,vide,vide,vide,0.0014,vide
79,6,24,vide,vide,vide,0.0031,vide
79,6,25,vide,vide,vide,0.0017,vide
79,6,26,vide,vide,vide,0.0027,vide
79,6,27,vide,vide,vide,0.0014,vide
79,6,28,vide,vide,vide,0.0035,vide
79,6,29,vide,vide,vide,0.0006,vide
79,6,30,vide,vide,vide,0.0011,vide
79,7,1,vide,vide,vide,0.0019,vide
79,7,2,vide,vide,vide,0.0011,vide
79,7,3,vide,vide,vide,0.0007,vide
79,7,4,vide,vide,vide,0.0022,vide
79,7,5,vide,vide,vide,0.0014,vide
79,7,6,vide,vide,vide,0.0010,vide
79,7,7,vide,vide,vide,0.0017,vide
79,7,8,vide,vide,vide,0.0035,vide
79,7,9,vide,vide,vide,0.0005,vide
79,7,10,vide,vide,vide,0.0005,vide
79,7,11,vide,vide,vide,0.0000,vide
79,7,12,vide,vide,vide,0.0026,vide
79,7,13,vide,vide,vide,0.0011,vide
79,7,14,vide,vide,vide,0.0013,vide
79,7,15,vide,vide,vide,0.0029,vide
79,7,16,vide,vide,vide,0.0009,vide
79,7,17,vide,vide,vide,0.0007,vide
79,7,18,vide,vide,vide,0.0004,vide
79,7,19,vide,vide,vide,0.0012,vide
79,7,20,vide,vide,vide,0.0011,vide
79,7,21,vide,vide,vide,0.0023,vide
79,7,22,vide,vide,vide,0.0012,vide
79,7,23,vide,vide,vide,0.0006,vide
79,7,24,vide,vide,vide,0.0006,vide
79,7,25,vide,vide,vide,0.0004,vide
79,7,26,vide,vide,vide,0.0009,vide
79,7,27,vide,vide,vide,0.0023,vide
79,7,28,vide,vide,vide,0.0547,vide
79,7,29,vide,vide,vide,0.0371,vide
79,7,30,vide,vide,vide,0.0603,vide
79,7,31,vide,vide,vide,0.0552,vide
79,8,1,vide,vide,vide,0.0022,vide
79,8,2,vide,vide,vide,0.0028,vide
79,8,3,vide,vide,vide,0.0021,vide
79,8,4,vide,vide,vide,0.0037,vide
79,8,5,vide,vide,vide,0.0012,vide
79,8,6,vide,vide,vide,0.0010,vide
79,8,7,vide,vide,vide,0.0007,vide
79,8,8,vide,vide,vide,0.0011,vide
79,8,9,vide,vide,vide,0.0025,vide
79,8,10,vide,vide,vide,0.0013,vide
79,8,11,vide,vide,vide,0.0013,vide
79,8,12,vide,vide,vide,0.0057,vide
79,8,13,vide,vide,vide,0.0011,vide
79,8,14,vide,vide,vide,0.0032,vide
79,8,15,vide,vide,vide,0.0027,vide
79,8,16,vide,vide,vide,0.0020,vide
79,8,17,vide,vide,vide,0.0014,vide
79,8,18,vide,vide,vide,0.0008,vide
79,8,19,vide,vide,vide,0.0045,vide
79,8,20,vide,vide,vide,0.0014,vide
79,8,21,vide,vide,vide,0.0008,vide
79,8,22,vide,vide,vide,0.0022,vide
79,8,23,vide,vide,vide,0.0013,vide
79,8,24,vide,vide,vide,0.0001,vide
79,8,25,vide,vide,vide,0.0015,vide
79,8,26,vide,vide,vide,0.0023,vide
79,8,27,vide,vide,vide,0.0008,vide
79,8,28,vide,vide,vide,0.0022,vide
79,8,29,vide,vide,vide,0.0053,vide
79,8,30,vide,vide,vide,0.0041,vide
79,8,31,vide,vide,vide,0.0060,vide
79,9,1,vide,vide,vide,0.0008,vide
79,9,2,vide,vide,vide,0.0006,vide
79,9,3,vide,vide,vide,0.0026,vide
79,9,4,vide,vide,vide,0.0032,vide
79,9,5,vide,vide,vide,0.0017,vide
79,9,6,vide,vide,vide,0.0006,vide
79,9,7,vide,vide,vide,0.0000,vide
79,9,8,vide,vide,vide,0.0009,vide
79,9,9,vide,vide,vide,0.0005,vide
79,9,10,vide,vide,vide,0.0007,vide
79,9,11,vide,vide,vide,0.0021,vide
79,9,12,vide,vide,vide,0.0060,vide
79,9,13,vide,vide,vide,0.0035,vide
79,9,14,vide,vide,vide,0.0014,vide
79,9,15,vide,vide,vide,0.0011,vide
79,9,16,vide,vide,vide,0.0041,vide
79,9,17,vide,vide,vide,0.0006,vide
79,9,18,vide,vide,vide,0.0017,vide
79,9,19,vide,vide,vide,0.0019,vide
79,9,20,vide,vide,vide,0.0030,vide
79,9,21,vide,vide,vide,0.0005,vide
79,9,22,vide,vide,vide,0.0007,vide
79,9,23,vide,vide,vide,0.0022,vide
79,9,24,vide,vide,vide,0.0007,vide
79,9,25,vide,vide,vide,0.0010,vide
79,9,26,vide,vide,vide,0.0017,vide
79,9,27,vide,vide,vide,0.0019,vide
79,9,28,vide,vide,vide,0.0012,vide
79,9,29,vide,vide,vide,0.0013,vide
79,9,30,vide,vide,vide,0.0084,vide
79,10,1,vide,vide,vide,0.0022,vide
79,10,2,vide,vide,vide,0.0013,vide
79,10,3,vide,vide,vide,0.0024,vide
79,10,4,vide,vide,vide,0.0022,vide
79,10,5,vide,vide,vide,0.0001,vide
79,10,6,vide,vide,vide,0.0010,vide
79,10,7,vide,vide,vide,0.0011,vide
79,10,8,vide,vide,vide,0.0015,vide
79,10,9,vide,vide,vide,0.0006,vide
79,10,10,vide,vide,vide,0.0020,vide
79,10,11,vide,vide,vide,0.0044,vide
79,10,12,vide,vide,vide,0.0010,vide
79,10,13,vide,vide,vide,0.0013,vide
79,10,14,vide,vide,vide,0.0034,vide
79,10,15,vide,vide,vide,0.0009,vide
79,10,16,vide,vide,vide,0.0063,vide
79,10,17,vide,vide,vide,0.0012,vide
79,10,18,vide,vide,vide,0.0038,vide
79,10,19,vide,vide,vide,0.0007,vide
79,10,20,vide,vide,vide,0.0009,vide
79,10,21,vide,vide,vide,0.0027,vide
79,10,22,vide,vide,vide,0.0011,vide
79,10,23,vide,vide,vide,0.0010,vide
79,10,24,vide,vide,vide,0.0010,vide
79,10,25,vide,vide,vide,0.0029,vide
79,10,26,vide,vide,vide,0.0000,vide
79,10,27,vide,vide,vide,0.0010,vide
79,10,28,vide,vide,vide,0.0013,vide
79,10,29,vide,vide,vide,0.0000,vide
79,10,30,vide,vide,vide,0.0023,vide
79,10,31,vide,vide,vide,0.0053,vide
79,11,1,vide,vide,vide,0.0013,vide
79,11,2,vide,vide,vide,0.0010,vide
79,11,3,vide,vide,vide,0.0010,vide
79,11,4,vide,vide,vide,0.0016,vide
79,11,5,vide,vide,vide,0.0047,vide
79,11,6,vide,vide,vide,0.0003,vide
79,11,7,vide,vide,vide,0.0014,vide
79,11,8,vide,vide,vide,0.0008,vide
79,11,9,vide,vide,vide,0.0000,vide
79,11,10,vide,vide,vide,0.0014,vide
79,11,11,vide,vide,vide,0.0045,vide
79,11,12,vide,vide,vide,0.0009,vide
79,11,13,vide,vide,vide,0.0006,vide
79,11,14,vide,vide,vide,0.0012,vide
79,11,15,vide,vide,vide,0.0031,vide
79,11,16,vide,vide,vide,0.0016,vide
79,11,17,vide,vide,vide,0.0011,vide
79,11,18,vide,vide,vide,0.0033,vide
79,11,19,vide,vide,vide,0.0010,vide
79,11,20,vide,vide,vide,0.0011,vide
79,11,21,vide,vide,vide,0.0012,vide
79,11,22,vide,vide,vide,0.0011,vide
79,11,23,vide,vide,vide,0.0002,vide
79,11,24,vide,vide,vide,0.0008,vide
79,11,25,vide,vide,vide,0.0008,vide
79,11,26,vide,vide,vide,0.0014,vide
79,11,27,vide,vide,vide,0.0014,vide
79,11,28,vide,vide,vide,0.0009,vide
79,11,29,vide,vide,vide,0.0015,vide
79,11,30,vide,vide,vide,0.0003,vide
79,12,1,vide,vide,vide,0.0185,vide
79,12,2,vide,vide,vide,0.0061,vide
79,12,3,vide,vide,vide,0.0051,vide
79,12,4,vide,vide,vide,0.0048,vide
79,12,5,vide,vide,vide,0.0045,vide
79,12,6,vide,vide,vide,0.0026,vide
79,12,7,vide,vide,vide,0.0008,vide
79,12,8,vide,vide,vide,0.0015,vide
79,12,9,vide,vide,vide,0.0066,vide
79,12,10,vide,vide,vide,0.0022,vide
79,12,11,vide,vide,vide,0.0012,vide
79,12,12,vide,vide,vide,0.0037,vide
79,12,13,vide,vide,vide,0.0008,vide
79,12,14,vide,vide,vide,0.0003,vide
79,12,15,vide,vide,vide,0.0016,vide
79,12,16,vide,vide,vide,0.0040,vide
79,12,17,vide,vide,vide,0.0010,vide
79,12,18,vide,vide,vide,0.0000,vide
79,12,19,vide,vide,vide,0.0012,vide
79,12,20,vide,vide,vide,0.0012,vide
79,12,21,vide,vide,vide,0.0006,vide
79,12,22,vide,vide,vide,0.0011,vide
79,12,23,vide,vide,vide,0.0016,vide
79,12,24,vide,vide,vide,0.0004,vide
79,12,25,vide,vide,vide,0.0018,vide
79,12,26,vide,vide,vide,0.0011,vide
79,12,27,vide,vide,vide,0.0008,vide
79,12,28,vide,vide,vide,0.0003,vide
79,12,29,vide,vide,vide,0.0009,vide
79,12,30,vide,vide,vide,0.0023,vide
79,12,31,vide,vide,vide,0.0007,vide
80,1,1,vide,vide,vide,0.0000,vide
80,1,2,vide,vide,vide,0.0000,vide
80,1,3,vide,vide,vide,0.0000,vide
80,1,4,vide,vide,vide,0.0000,vide
80,1,5,vide,vide,vide,0.0000,vide
80,1,6,vide,vide,vide,0.0000,vide
80,1,7,vide,vide,vide,0.0000,vide
80,1,8,vide,vide,vide,0.0000,vide
80,1,9,vide,vide,vide,0.0000,vide
80,1,10,vide,vide,vide,0.0000,vide
80,1,11,vide,vide,vide,0.0000,vide
80,1,12,vide,vide,vide,0.0000,vide
80,1,13,vide,vide,vide,0.0000,vide
80,1,14,vide,vide,vide,0.0000,vide
80,1,15,vide,vide,vide,0.0000,vide
80,1,16,vide,vide,vide,0.0000,vide
80,1,17,vide,vide,vide,0.0000,vide
80,1,18,vide,vide,vide,0.0000,vide
80,1,19,vide,vide,vide,0.0000,vide
80,1,20,vide,vide,vide,0.0000,vide
80,1,21,vide,vide,vide,0.0000,vide
80,1,22,vide,vide,vide,0.0000,vide
80,1,23,vide,vide,vide,0.0000,vide
80,1,24,vide,vide,vide,0.0000,vide
80,1,25,vide,vide,vide,0.0000,vide
80,1,26,vide,vide,vide,0.0000,vide
80,1,27,vide,vide,vide,0.0000,vide
80,1,28,vide,vide,vide,0.0000,vide
80,1,29,vide,vide,vide,0.0000,vide
80,1,30,vide,vide,vide,0.0000,vide
80,1,31,vide,vide,vide,0.0000,vide
80,2,1,vide,vide,vide,0.0004,vide
80,2,2,vide,vide,vide,0.0021,vide
80,2,3,vide,vide,vide,0.0019,vide
80,2,4,vide,vide,vide,0.0041,vide
80,2,5,vide,vide,vide,0.0070,vide
80,2,6,vide,vide,vide,0.0020,vide
80,2,7,vide,vide,vide,0.0023,vide
80,2,8,vide,vide,vide,0.0013,vide
80,2,9,vide,vide,vide,0.0037,vide
80,2,10,vide,vide,vide,0.0023,vide
80,2,11,vide,vide,vide,0.0011,vide
80,2,12,vide,vide,vide,0.0039,vide
80,2,13,vide,vide,vide,0.0014,vide
80,2,14,vide,vide,vide,0.0009,vide
80,2,15,vide,vide,vide,0.0022,vide
80,2,16,vide,vide,vide,0.0023,vide
80,2,17,vide,vide,vide,0.0038,vide
80,2,18,vide,vide,vide,0.0016,vide
80,2,19,vide,vide,vide,0.0028,vide
80,2,20,vide,vide,vide,0.0012,vide
80,2,21,vide,vide,vide,0.0009,vide
80,2,22,vide,vide,vide,0.0018,vide
80,2,23,vide,vide,vide,0.0003,vide
80,2,24,vide,vide,vide,0.0000,vide
80,2,25,vide,vide,vide,0.0001,vide
80,2,26,vide,vide,vide,0.0018,vide
80,2,27,vide,vide,vide,0.0000,vide
80,2,28,vide,vide,vide,0.0006,vide
80,2,29,vide,vide,vide,0.0025,vide
80,3,1,vide,vide,vide,0.0012,vide
80,3,2,vide,vide,vide,0.0018,vide
80,3,3,vide,vide,vide,0.0029,vide
80,3,4,vide,vide,vide,0.0035,vide
80,3,5,vide,vide,vide,0.0008,vide
80,3,6,vide,vide,vide,0.0026,vide
80,3,7,vide,vide,vide,0.0020,vide
80,3,8,vide,vide,vide,0.0016,vide
80,3,9,vide,vide,vide,0.0017,vide
80,3,10,vide,vide,vide,0.0025,vide
80,3,11,vide,vide,vide,0.0026,vide
80,3,12,vide,vide,vide,0.0007,vide
80,3,13,vide,vide,vide,0.0007,vide
80,3,14,vide,vide,vide,0.0042,vide
80,3,15,vide,vide,vide,0.0014,vide
80,3,16,vide,vide,vide,0.0032,vide
80,3,17,vide,vide,vide,0.0012,vide
80,3,18,vide,vide,vide,0.0045,vide
80,3,19,vide,vide,vide,0.0013,vide
80,3,20,vide,vide,vide,0.0010,vide
80,3,21,vide,vide,vide,0.0028,vide
80,3,22,vide,vide,vide,0.0008,vide
80,3,23,vide,vide,vide,0.0025,vide
80,3,24,vide,vide,vide,0.0019,vide
80,3,25,vide,vide,vide,0.0009,vide
80,3,26,vide,vide,vide,0.0002,vide
80,3,27,vide,vide,vide,0.0008,vide
80,3,28,vide,vide,vide,0.0017,vide
80,3,29,vide,vide,vide,0.0022,vide
80,3,30,vide,vide,vide,0.0046,vide
80,3,31,vide,vide,vide,0.0030,vide
80,4,1,vide,vide,vide,0.0023,vide
80,4,2,vide,vide,vide,0.0015,vide
80,4,3,vide,vide,vide,0.0006,vide
80,4,4,vide,vide,vide,0.0016,vide
80,4,5,vide,vide,vide,0.0047,vide
80,4,6,vide,vide,vide,0.0027,vide
80,4,7,vide,vide,vide,0.0049,vide
80,4,8,vide,vide,vide,0.0037,vide
80,4,9,vide,vide,vide,0.0014,vide
80,4,10,vide,vide,vide,0.0018,vide
80,4,11,vide,vide,vide,0.0015,vide
80,4,12,vide,vide,vide,0.0008,vide
80,4,13,vide,vide,vide,0.0045,vide
80,4,14,vide,vide,vide,0.0045,vide
80,4,15,vide,vide,vide,0.0055,vide
80,4,16,vide,vide,vide,0.0014,vide
80,4,17,vide,vide,vide,0.0014,vide
80,4,18,vide,vide,vide,0.0019,vide
80,4,19,vide,vide,vide,0.0028,vide
80,4,20,vide,vide,vide,0.0017,vide
80,4,21,vide,vide,vide,0.0046,vide
80,4,22,vide,vide,vide,0.0022,vide
80,4,23,vide,vide,vide,0.0000,vide
80,4,24,vide,vide,vide,0.0006,vide
80,4,25,vide,vide,vide,0.0006,vide
80,4,26,vide,vide,vide,0.0008,vide
80,4,27,vide,vide,vide,0.0010,vide
80,4,28,vide,vide,vide,0.0028,vide
80,4,29,vide,vide,vide,0.0045,vide
80,4,30,vide,vide,vide,0.0037,vide
80,5,1,vide,vide,vide,0.0030,vide
80,5,2,vide,vide,vide,0.0027,vide
80,5,3,vide,vide,vide,0.0037,vide
80,5,4,vide,vide,vide,0.0030,vide
80,5,5,vide,vide,vide,0.0034,vide
80,5,6,vide,vide,vide,0.0021,vide
80,5,7,vide,vide,vide,0.0016,vide
80,5,8,vide,vide,vide,0.0017,vide
80,5,9,vide,vide,vide,0.0042,vide
80,5,10,vide,vide,vide,0.0019,vide
80,5,11,vide,vide,vide,0.0044,vide
80,5,12,vide,vide,vide,0.0039,vide
80,5,13,vide,vide,vide,0.0086,vide
80,5,14,vide,vide,vide,0.0017,vide
80,5,15,vide,vide,vide,0.0017,vide
80,5,16,vide,vide,vide,0.0036,vide
80,5,17,vide,vide,vide,0.0021,vide
80,5,18,vide,vide,vide,0.0012,vide
80,5,19,vide,vide,vide,0.0032,vide
80,5,20,vide,vide,vide,0.0060,vide
80,5,21,vide,vide,vide,0.0013,vide
80,5,22,vide,vide,vide,0.0016,vide
80,5,23,vide,vide,vide,0.0025,vide
80,5,24,vide,vide,vide,0.0006,vide
80,5,25,vide,vide,vide,0.0042,vide
80,5,26,vide,vide,vide,0.0047,vide
80,5,27,vide,vide,vide,0.0043,vide
80,5,28,vide,vide,vide,0.0011,vide
80,5,29,vide,vide,vide,0.0027,vide
80,5,30,vide,vide,vide,0.0025,vide
80,5,31,vide,vide,vide,0.0054,vide
80,6,1,vide,vide,vide,0.0020,vide
80,6,2,vide,vide,vide,0.0047,vide
80,6,3,vide,vide,vide,0.0059,vide
80,6,4,vide,vide,vide,0.0029,vide
80,6,5,vide,vide,vide,0.0030,vide
80,6,6,vide,vide,vide,0.0017,vide
80,6,7,vide,vide,vide,0.0032,vide
80,6,8,vide,vide,vide,0.0026,vide
80,6,9,vide,vide,vide,0.0049,vide
80,6,10,vide,vide,vide,0.0049,vide
80,6,11,vide,vide,vide,0.0017,vide
80,6,12,vide,vide,vide,0.0042,vide
80,6,13,vide,vide,vide,0.0045,vide
80,6,14,vide,vide,vide,0.0152,vide
80,6,15,vide,vide,vide,0.0050,vide
80,6,16,vide,vide,vide,0.0061,vide
80,6,17,vide,vide,vide,0.0114,vide
80,6,18,vide,vide,vide,0.0044,vide
80,6,19,vide,vide,vide,0.0029,vide
80,6,20,vide,vide,vide,0.0034,vide
80,6,21,vide,vide,vide,0.0141,vide
80,6,22,vide,vide,vide,0.0029,vide
80,6,23,vide,vide,vide,0.0056,vide
80,6,24,vide,vide,vide,0.0112,vide
80,6,25,vide,vide,vide,0.0036,vide
80,6,26,vide,vide,vide,0.0055,vide
80,6,27,vide,vide,vide,0.0103,vide
80,6,28,vide,vide,vide,0.0054,vide
80,6,29,vide,vide,vide,0.0066,vide
80,6,30,vide,vide,vide,0.0078,vide
80,7,1,vide,vide,vide,0.0047,vide
80,7,2,vide,vide,vide,0.0018,vide
80,7,3,vide,?,vide,0.0022,vide
80,7,4,vide,vide,vide,0.0015,vide
80,7,5,vide,?,vide,0.0019,vide
80,7,6,vide,vide,vide,0.0033,vide
80,7,7,vide,vide,vide,0.0040,vide
80,7,8,vide,?,vide,0.0061,vide
80,7,9,vide,vide,vide,0.0014,vide
80,7,10,vide,?,vide,0.0026,vide
80,7,11,vide,vide,vide,0.0021,vide
80,7,12,vide,vide,vide,0.0012,vide
80,7,13,vide,vide,vide,0.0031,vide
80,7,14,vide,?,vide,0.0047,vide
80,7,15,vide,vide,vide,0.0067,vide
80,7,16,vide,vide,vide,0.0011,vide
80,7,17,vide,?,vide,0.0015,vide
80,7,18,vide,vide,vide,0.0000,vide
80,7,19,vide,vide,vide,0.0011,vide
80,7,20,vide,vide,vide,0.0000,vide
80,7,21,vide,vide,vide,0.0004,vide
80,7,22,vide,vide,vide,0.0004,vide
80,7,23,vide,vide,vide,0.0002,vide
80,7,24,vide,vide,vide,0.0001,vide
80,7,25,vide,vide,vide,0.0008,vide
80,7,26,vide,vide,vide,0.0020,vide
80,7,27,vide,vide,vide,0.0021,vide
80,7,28,vide,vide,vide,0.0029,vide
80,7,29,vide,vide,vide,0.0059,vide
80,7,30,vide,vide,vide,0.0034,vide
80,7,31,vide,vide,vide,0.0014,vide
80,8,1,vide,vide,vide,0.0082,vide
80,8,2,vide,vide,vide,0.0098,vide
80,8,3,vide,vide,vide,0.0042,vide
80,8,4,vide,vide,vide,0.0060,vide
80,8,5,vide,vide,vide,0.0058,vide
80,8,6,vide,vide,vide,0.0013,vide
80,8,7,vide,vide,vide,0.0033,vide
80,8,8,vide,vide,vide,0.0027,vide
80,8,9,vide,?,vide,0.0012,vide
80,8,10,vide,vide,vide,0.0012,vide
80,8,11,vide,vide,vide,0.0030,vide
80,8,12,vide,vide,vide,0.0024,vide
80,8,13,vide,vide,vide,0.0016,vide
80,8,14,vide,vide,vide,0.0012,vide
80,8,15,vide,vide,vide,0.0011,vide
80,8,16,vide,vide,vide,0.0008,vide
80,8,17,vide,vide,vide,0.0013,vide
80,8,18,vide,vide,vide,0.0005,vide
80,8,19,vide,vide,vide,0.0007,vide
80,8,20,vide,vide,vide,0.0006,vide
80,8,21,vide,vide,vide,0.0005,vide
80,8,22,vide,vide,vide,0.0023,vide
80,8,23,vide,vide,vide,0.0000,vide
80,8,24,vide,vide,vide,0.0000,vide
80,8,25,vide,vide,vide,0.0101,vide
80,8,26,vide,vide,vide,0.0084,vide
80,8,27,vide,vide,vide,0.0002,vide
80,8,28,vide,vide,vide,0.0011,vide
80,8,29,vide,vide,vide,0.0008,vide
80,8,30,vide,vide,vide,0.0000,vide
80,8,31,vide,vide,vide,0.0005,vide
80,9,1,vide,vide,vide,0.0099,vide
80,9,2,vide,vide,vide,0.0054,vide
80,9,3,vide,vide,vide,0.0038,vide
80,9,4,vide,vide,vide,0.0010,vide
80,9,5,vide,vide,vide,0.0045,vide
80,9,6,vide,vide,vide,0.0014,vide
80,9,7,vide,vide,vide,0.0035,vide
80,9,8,vide,vide,vide,0.0044,vide
80,9,9,vide,vide,vide,0.0047,vide
80,9,10,vide,vide,vide,0.0008,vide
80,9,11,vide,vide,vide,0.0023,vide
80,9,12,vide,vide,vide,0.0064,vide
80,9,13,vide,vide,vide,0.0025,vide
80,9,14,vide,vide,vide,0.0035,vide
80,9,15,vide,vide,vide,0.0026,vide
80,9,16,vide,vide,vide,0.0058,vide
80,9,17,vide,vide,vide,0.0020,vide
80,9,18,vide,vide,vide,0.0015,vide
80,9,19,vide,vide,vide,0.0007,vide
80,9,20,vide,vide,vide,0.0019,vide
80,9,21,vide,vide,vide,0.0033,vide
80,9,22,vide,vide,vide,0.0062,vide
80,9,23,vide,vide,vide,0.0053,vide
80,9,24,vide,vide,vide,0.0008,vide
80,9,25,vide,vide,vide,0.0020,vide
80,9,26,vide,vide,vide,0.0007,vide
80,9,27,vide,vide,vide,0.0033,vide
80,9,28,vide,vide,vide,0.0048,vide
80,9,29,vide,vide,vide,0.0030,vide
80,9,30,vide,vide,vide,0.0047,vide
80,10,1,vide,vide,vide,0.0419,vide
80,10,2,vide,vide,vide,0.0506,vide
80,10,3,vide,vide,vide,0.0573,vide
80,10,4,vide,vide,vide,0.0518,vide
80,10,5,vide,vide,vide,0.0666,vide
80,10,6,vide,vide,vide,0.0654,vide
80,10,7,vide,vide,vide,0.0486,vide
80,10,8,vide,vide,vide,0.0573,vide
80,10,9,vide,vide,vide,0.0640,vide
80,10,10,vide,vide,vide,0.0566,vide
80,10,11,vide,vide,vide,0.0530,vide
80,10,12,vide,vide,vide,0.0659,vide
80,10,13,vide,vide,vide,0.0631,vide
80,10,14,vide,vide,vide,0.0464,vide
80,10,15,vide,vide,vide,0.0562,vide
80,10,16,vide,vide,vide,0.0617,vide
80,10,17,vide,vide,vide,0.0534,vide
80,10,18,vide,vide,vide,0.0481,vide
80,10,19,vide,vide,vide,0.0606,vide
80,10,20,vide,vide,vide,0.0621,vide
80,10,21,vide,vide,vide,0.0500,vide
80,10,22,vide,vide,vide,0.0575,vide
80,10,23,vide,vide,vide,0.0666,vide
80,10,24,vide,vide,vide,0.0512,vide
80,10,25,vide,vide,vide,0.0454,vide
80,10,26,vide,vide,vide,0.0625,vide
80,10,27,vide,vide,vide,0.0587,vide
80,10,28,vide,vide,vide,0.0599,vide
80,10,29,vide,vide,vide,0.0591,vide
80,10,30,vide,vide,vide,0.0594,vide
80,10,31,vide,vide,vide,0.0000,vide
80,11,1,vide,vide,vide,0.0000,vide
80,11,2,vide,vide,vide,0.0000,vide
80,11,3,vide,vide,vide,0.0000,vide
80,11,4,vide,vide,vide,0.0000,vide
80,11,5,vide,vide,vide,0.0000,vide
80,11,6,vide,vide,vide,0.0000,vide
80,11,7,vide,vide,vide,0.0000,vide
80,11,8,vide,vide,vide,0.0000,vide
80,11,9,vide,vide,vide,0.0000,vide
80,11,10,vide,vide,vide,0.0000,vide
80,11,11,vide,vide,vide,0.0000,vide
80,11,12,vide,vide,vide,0.0000,vide
80,11,13,vide,vide,vide,0.0000,vide
80,11,14,vide,vide,vide,0.0000,vide
80,11,15,vide,vide,vide,0.0000,vide
80,11,16,vide,vide,vide,0.0000,vide
80,11,17,vide,vide,vide,0.0000,vide
80,11,18,vide,vide,vide,0.0000,vide
80,11,19,vide,vide,vide,0.0000,vide
80,11,20,vide,vide,vide,0.0000,vide
80,11,21,vide,vide,vide,0.0000,vide
80,11,22,vide,vide,vide,0.0000,vide
80,11,23,vide,vide,vide,0.0000,vide
80,11,24,vide,vide,vide,0.0000,vide
80,11,25,vide,vide,vide,0.0000,vide
80,11,26,vide,vide,vide,0.0000,vide
80,11,27,vide,vide,vide,0.0000,vide
80,11,28,vide,vide,vide,0.0000,vide
80,11,29,vide,vide,vide,0.0000,vide
80,11,30,vide,vide,vide,0.0000,vide
80,12,1,vide,vide,vide,0.0042,vide
80,12,2,vide,vide,vide,0.0036,vide
80,12,3,vide,vide,vide,0.0019,vide
80,12,4,vide,vide,vide,0.0012,vide
80,12,5,vide,vide,vide,0.0021,vide
80,12,6,vide,vide,vide,0.0024,vide
80,12,7,vide,vide,vide,0.0024,vide
80,12,8,vide,vide,vide,0.0027,vide
80,12,9,vide,vide,vide,0.0034,vide
80,12,10,vide,vide,vide,0.0021,vide
80,12,11,vide,vide,vide,0.0003,vide
80,12,12,vide,vide,vide,0.0007,vide
80,12,13,vide,vide,vide,0.0012,vide
80,12,14,vide,vide,vide,0.0021,vide
80,12,15,vide,vide,vide,0.0012,vide
80,12,16,vide,vide,vide,0.0041,vide
80,12,17,vide,vide,vide,0.0013,vide
80,12,18,vide,vide,vide,0.0005,vide
80,12,19,vide,vide,vide,0.0014,vide
80,12,20,vide,vide,vide,0.0019,vide
80,12,21,vide,vide,vide,0.0066,vide
80,12,22,vide,vide,vide,0.0046,vide
80,12,23,vide,vide,vide,0.0049,vide
80,12,24,vide,vide,vide,0.0050,vide
80,12,25,vide,vide,vide,0.0063,vide
80,12,26,vide,vide,vide,0.0031,vide
80,12,27,vide,vide,vide,0.0096,vide
80,12,28,vide,vide,vide,0.0145,vide
80,12,29,vide,vide,vide,0.0167,vide
80,12,30,vide,vide,vide,0.0241,vide
80,12,31,vide,vide,vide,0.0207,vide
82,1,1,vide,vide,X,0.0813,vide
82,1,2,vide,vide,X,0.0606,vide
82,1,3,vide,vide,vide,0.0283,vide
82,1,4,vide,vide,vide,0.0530,vide
82,1,5,vide,vide,vide,0.0517,vide
82,1,6,vide,vide,vide,0.0664,vide
82,1,7,vide,vide,vide,0.0131,vide
82,1,8,vide,vide,vide,0.0113,vide
82,1,9,vide,vide,X,0.0208,vide
82,1,10,vide,vide,X,0.0086,vide
82,1,11,vide,vide,X,0.0072,vide
82,1,12,vide,vide,X,0.0164,vide
82,1,13,vide,vide,vide,0.0129,vide
82,1,14,vide,vide,vide,0.0170,vide
82,1,15,vide,vide,?,0.0167,vide
82,1,16,vide,vide,?,0.0244,vide
82,1,17,vide,vide,vide,0.0139,vide
82,1,18,vide,vide,vide,0.0096,vide
82,1,19,vide,vide,vide,0.0129,vide
82,1,20,vide,vide,vide,0.0095,vide
82,1,21,vide,vide,vide,0.0128,vide
82,1,22,vide,vide,vide,0.0120,vide
82,1,23,vide,vide,vide,0.0205,vide
82,1,24,vide,vide,X,0.0151,vide
82,1,25,vide,vide,?,0.0216,vide
82,1,26,vide,vide,X,0.0309,vide
82,1,27,vide,vide,X,0.0074,vide
82,1,28,vide,vide,?,0.0024,vide
82,1,29,vide,vide,?,0.0000,vide
82,1,30,vide,vide,X,0.0000,vide
82,1,31,vide,vide,vide,0.0094,vide
82,2,1,vide,vide,X,0.0728,vide
82,2,2,vide,vide,vide,0.0120,vide
82,2,3,vide,vide,vide,0.0397,vide
82,2,4,vide,vide,vide,0.0316,vide
82,2,5,vide,vide,vide,0.0722,vide
82,2,6,vide,vide,vide,0.0847,vide
82,2,7,vide,vide,vide,0.0685,vide
82,2,8,vide,vide,vide,0.0664,vide
82,2,9,vide,vide,X,0.0770,vide
82,2,10,vide,vide,X,0.0435,vide
82,2,11,vide,vide,X,0.0425,vide
82,2,12,vide,vide,X,0.0108,vide
82,2,13,vide,vide,?,0.0055,vide
82,2,14,vide,vide,vide,0.0052,vide
82,2,15,vide,vide,vide,0.0053,vide
82,2,16,vide,vide,vide,0.0080,vide
82,2,17,vide,vide,vide,0.0083,vide
82,2,18,vide,vide,vide,0.0079,vide
82,2,19,vide,vide,vide,0.0034,vide
82,2,20,vide,vide,vide,0.0058,vide
82,2,21,vide,vide,vide,0.0028,vide
82,2,22,vide,vide,vide,0.0073,vide
82,2,23,vide,vide,vide,0.0081,vide
82,2,24,vide,vide,vide,0.0017,vide
82,2,25,vide,vide,vide,0.0000,vide
82,2,26,vide,vide,vide,0.0000,vide
82,2,27,vide,vide,vide,0.0000,vide
82,2,28,vide,vide,vide,0.0000,vide
82,3,1,vide,vide,X,0.0000,vide
82,3,2,vide,vide,vide,0.1470,X
82,3,3,vide,vide,vide,0.1362,vide
82,3,4,vide,?,vide,0.1139,vide
82,3,5,vide,?,vide,0.0794,vide
82,3,6,vide,vide,vide,0.0693,vide
82,3,7,vide,vide,vide,0.1114,vide
82,3,8,vide,vide,vide,0.1490,X
82,3,9,vide,vide,vide,0.1741,X
82,3,10,vide,vide,vide,0.1948,X
82,3,11,vide,vide,vide,0.1860,X
82,3,12,vide,vide,vide,0.1959,X
82,3,13,vide,vide,vide,0.1978,X
82,3,14,vide,vide,vide,0.1531,X
82,3,15,vide,vide,vide,0.1560,X
82,3,16,vide,vide,vide,0.1610,X
82,3,17,vide,vide,vide,0.1154,vide
82,3,18,vide,vide,vide,0.1219,vide
82,3,19,vide,vide,vide,0.1092,vide
82,3,20,vide,vide,vide,0.0955,vide
82,3,21,vide,vide,vide,0.0680,vide
82,3,22,vide,vide,vide,0.0710,vide
82,3,23,vide,vide,vide,0.0515,vide
82,3,24,vide,vide,vide,0.0351,vide
82,3,25,vide,vide,vide,0.0377,vide
82,3,26,vide,vide,vide,0.0313,vide
82,3,27,vide,vide,vide,0.0227,vide
82,3,28,vide,vide,vide,0.0125,vide
82,3,29,vide,vide,vide,0.0378,vide
82,3,30,vide,vide,vide,0.0263,vide
82,3,31,vide,vide,vide,0.0140,vide
82,4,1,vide,vide,X,0.0601,vide
82,4,2,vide,vide,vide,0.0662,vide
82,4,3,vide,vide,vide,0.0781,vide
82,4,4,vide,vide,vide,0.0757,vide
82,4,5,vide,vide,vide,0.0753,vide
82,4,6,vide,vide,vide,0.0826,vide
82,4,7,vide,vide,vide,0.0443,vide
82,4,8,vide,vide,vide,0.0069,vide
82,4,9,vide,vide,vide,0.0024,vide
82,4,10,vide,vide,vide,0.0000,vide
82,4,11,vide,vide,vide,0.0000,vide
82,4,12,vide,vide,vide,0.0000,vide
82,4,13,vide,vide,vide,0.0000,vide
82,4,14,vide,vide,vide,0.0000,vide
82,4,15,vide,vide,vide,0.0000,vide
82,4,16,vide,vide,vide,0.0000,vide
82,4,17,vide,vide,vide,0.0000,vide
82,4,18,vide,vide,vide,0.0000,vide
82,4,19,vide,vide,vide,0.0000,vide
82,4,20,vide,vide,vide,0.0000,vide
82,4,21,vide,vide,vide,0.0000,vide
82,4,22,vide,vide,vide,0.0000,vide
82,4,23,vide,vide,vide,0.0000,vide
82,4,24,vide,vide,vide,0.0000,vide
82,4,25,vide,vide,vide,0.0000,vide
82,4,26,vide,vide,vide,0.0000,vide
82,4,27,vide,vide,vide,0.0633,vide
82,4,28,vide,vide,vide,0.0000,vide
82,4,29,vide,vide,vide,0.0000,vide
82,4,30,vide,vide,vide,0.0000,vide
82,5,1,vide,vide,vide,0.0990,vide
82,5,2,vide,vide,vide,0.1012,vide
82,5,3,vide,vide,vide,0.0809,vide
82,5,4,vide,vide,vide,0.0578,vide
82,5,5,vide,vide,vide,0.0343,vide
82,5,6,vide,vide,vide,0.0149,vide
82,5,7,vide,vide,vide,0.0206,vide
82,5,8,vide,vide,vide,0.0084,vide
82,5,9,vide,vide,vide,0.0150,vide
82,5,10,vide,vide,vide,0.0190,vide
82,5,11,vide,vide,vide,0.0213,vide
82,5,12,vide,vide,vide,0.0115,vide
82,5,13,vide,vide,vide,0.0223,vide
82,5,14,vide,vide,vide,0.0129,vide
82,5,15,vide,vide,vide,0.0089,vide
82,5,16,vide,vide,vide,0.0132,vide
82,5,17,vide,vide,vide,0.0195,vide
82,5,18,vide,vide,vide,0.0441,vide
82,5,19,vide,vide,vide,0.0875,vide
82,5,20,vide,vide,vide,0.0621,vide
82,5,21,vide,vide,vide,0.0084,vide
82,5,22,vide,vide,vide,0.0251,vide
82,5,23,vide,vide,vide,0.0002,vide
82,5,24,vide,vide,vide,0.0000,vide
82,5,25,vide,vide,vide,0.0549,vide
82,5,26,vide,vide,vide,0.0496,vide
82,5,27,vide,vide,vide,0.0092,vide
82,5,28,vide,vide,vide,0.0086,vide
82,5,29,vide,vide,vide,0.0089,vide
82,5,30,vide,vide,vide,0.0057,vide
82,5,31,vide,vide,vide,0.0069,vide
82,6,1,vide,vide,vide,0.0412,vide
82,6,2,vide,vide,vide,0.0428,vide
82,6,3,vide,vide,vide,0.0618,vide
82,6,4,vide,vide,vide,0.0863,vide
82,6,5,vide,vide,vide,0.0856,vide
82,6,6,vide,vide,vide,0.0946,vide
82,6,7,vide,vide,vide,0.1015,vide
82,6,8,vide,vide,vide,0.0962,vide
82,6,9,vide,vide,vide,0.0759,vide
82,6,10,vide,vide,vide,0.0613,vide
82,6,11,vide,vide,vide,0.0503,vide
82,6,12,vide,vide,vide,0.0429,vide
82,6,13,vide,vide,vide,0.0441,vide
82,6,14,vide,vide,vide,0.0354,vide
82,6,15,vide,vide,vide,0.0353,vide
82,6,16,vide,vide,vide,0.0269,vide
82,6,17,vide,vide,vide,0.0171,vide
82,6,18,vide,vide,vide,0.0192,vide
82,6,19,vide,vide,vide,0.0130,vide
82,6,20,vide,vide,vide,0.0217,vide
82,6,21,vide,vide,vide,0.0223,vide
82,6,22,vide,vide,vide,0.0308,vide
82,6,23,vide,vide,vide,0.0321,vide
82,6,24,vide,vide,vide,0.0410,vide
82,6,25,vide,vide,vide,0.0149,vide
82,6,26,vide,vide,vide,0.0172,vide
82,6,27,vide,vide,vide,0.0616,vide
82,6,28,vide,vide,vide,0.0471,vide
82,6,29,vide,vide,vide,0.0294,vide
82,6,30,vide,vide,vide,0.0542,vide
82,7,1,vide,vide,vide,0.0145,vide
82,7,2,vide,vide,vide,0.0502,vide
82,7,3,vide,vide,vide,0.0075,vide
82,7,4,vide,vide,vide,0.0622,vide
82,7,5,vide,vide,vide,0.0290,vide
82,7,6,vide,vide,vide,0.0196,vide
82,7,7,vide,vide,vide,0.0113,vide
82,7,8,vide,vide,vide,0.0120,vide
82,7,9,vide,vide,vide,0.0040,vide
82,7,10,vide,vide,vide,0.0081,vide
82,7,11,vide,vide,vide,0.0159,vide
82,7,12,vide,vide,vide,0.0146,vide
82,7,13,vide,vide,vide,0.0310,vide
82,7,14,vide,vide,vide,0.0231,vide
82,7,15,vide,vide,vide,0.0119,vide
82,7,16,vide,vide,vide,0.0118,vide
82,7,17,vide,vide,vide,0.0089,vide
82,7,18,vide,vide,vide,0.0093,vide
82,7,19,vide,vide,vide,0.0164,vide
82,7,20,vide,vide,vide,0.0175,vide
82,7,21,vide,vide,vide,0.0133,vide
82,7,22,vide,vide,vide,0.0082,vide
82,7,23,vide,vide,vide,0.0121,vide
82,7,24,vide,vide,vide,0.0478,vide
82,7,25,vide,vide,vide,0.0775,vide
82,7,26,vide,vide,vide,0.0874,vide
82,7,27,vide,vide,vide,0.0289,vide
82,7,28,vide,vide,vide,0.0290,vide
82,7,29,vide,vide,vide,0.0089,vide
82,7,30,vide,vide,vide,0.0118,vide
82,7,31,vide,vide,vide,0.0126,vide
82,8,1,vide,vide,vide,0.0213,vide
82,8,2,vide,vide,vide,0.0474,vide
82,8,3,vide,vide,vide,0.0549,vide
82,8,4,vide,vide,vide,0.0713,vide
82,8,5,vide,vide,vide,0.0363,vide
82,8,6,vide,vide,vide,0.0605,vide
82,8,7,vide,vide,vide,0.0145,vide
82,8,8,vide,vide,vide,0.0105,vide
82,8,9,vide,vide,vide,0.0164,vide
82,8,10,vide,vide,vide,0.0241,vide
82,8,11,vide,vide,vide,0.0239,vide
82,8,12,vide,vide,vide,0.0107,vide
82,8,13,vide,vide,vide,0.0181,vide
82,8,14,vide,vide,vide,0.0115,vide
82,8,15,vide,vide,vide,0.0172,vide
82,8,16,vide,vide,vide,0.0166,vide
82,8,17,vide,vide,vide,0.0206,vide
82,8,18,vide,vide,vide,0.0146,vide
82,8,19,vide,vide,vide,0.0120,vide
82,8,20,vide,vide,vide,0.0074,vide
82,8,21,vide,vide,vide,0.0105,vide
82,8,22,vide,vide,vide,0.0147,vide
82,8,23,vide,vide,vide,0.0256,vide
82,8,24,vide,vide,vide,0.0788,vide
82,8,25,vide,vide,vide,0.0734,vide
82,8,26,vide,vide,vide,0.0699,vide
82,8,27,vide,vide,vide,0.0417,vide
82,8,28,vide,vide,vide,0.0446,vide
82,8,29,vide,vide,vide,0.0313,vide
82,8,30,vide,vide,vide,0.0128,vide
82,8,31,vide,vide,vide,0.0210,vide
82,9,1,vide,vide,vide,0.2184,X
82,9,2,vide,vide,vide,0.0358,vide
82,9,3,vide,vide,vide,0.0074,vide
82,9,4,vide,vide,vide,0.0117,vide
82,9,5,vide,vide,vide,0.0169,vide
82,9,6,vide,vide,vide,0.0623,vide
82,9,7,vide,vide,vide,0.0822,vide
82,9,8,vide,vide,vide,0.0731,vide
82,9,9,vide,vide,vide,0.0601,vide
82,9,10,vide,vide,vide,0.0620,vide
82,9,11,vide,vide,vide,0.0489,vide
82,9,12,vide,vide,vide,0.0103,vide
82,9,13,vide,vide,vide,0.0165,vide
82,9,14,vide,vide,vide,0.0198,vide
82,9,15,vide,vide,vide,0.0141,vide
82,9,16,vide,vide,vide,0.0153,vide
82,9,17,vide,vide,vide,0.0119,vide
82,9,18,vide,vide,vide,0.0112,vide
82,9,19,vide,vide,vide,0.0185,vide
82,9,20,vide,vide,vide,0.0195,vide
82,9,21,vide,vide,vide,0.0210,vide
82,9,22,vide,vide,vide,0.0170,vide
82,9,23,vide,vide,vide,0.0155,vide
82,9,24,vide,vide,vide,0.0146,vide
82,9,25,vide,vide,vide,0.0113,vide
82,9,26,vide,vide,vide,0.0154,vide
82,9,27,vide,vide,vide,0.0249,vide
82,9,28,vide,vide,vide,0.0670,vide
82,9,29,vide,vide,vide,0.0728,vide
82,9,30,vide,vide,vide,0.0626,vide
82,10,1,vide,vide,vide,0.1490,X
82,10,2,vide,vide,vide,0.0275,vide
82,10,3,vide,vide,vide,0.0670,vide
82,10,4,vide,vide,vide,0.0060,vide
82,10,5,vide,vide,vide,0.0086,vide
82,10,6,vide,vide,vide,0.0164,vide
82,10,7,vide,vide,vide,0.0222,vide
82,10,8,vide,vide,vide,0.0010,vide
82,10,9,vide,vide,vide,0.0463,vide
82,10,10,vide,vide,vide,0.0202,vide
82,10,11,vide,vide,vide,0.0271,vide
82,10,12,vide,vide,vide,0.1001,vide
82,10,13,vide,vide,vide,0.0577,vide
82,10,14,vide,vide,vide,0.0189,vide
82,10,15,vide,vide,vide,0.0161,vide
82,10,16,vide,vide,vide,0.0135,vide
82,10,17,vide,vide,vide,0.0120,vide
82,10,18,vide,vide,vide,0.0149,vide
82,10,19,vide,vide,vide,0.0249,vide
82,10,20,vide,vide,vide,0.0161,vide
82,10,21,vide,vide,vide,0.0184,vide
82,10,22,vide,vide,vide,0.0094,vide
82,10,23,vide,vide,vide,0.0181,vide
82,10,24,vide,vide,vide,0.0157,vide
82,10,25,vide,vide,vide,0.0186,vide
82,10,26,vide,vide,vide,0.0252,vide
82,10,27,vide,vide,vide,0.0324,vide
82,10,28,vide,vide,vide,0.0613,vide
82,10,29,vide,vide,vide,0.0892,vide
82,10,30,vide,vide,vide,0.0630,vide
82,10,31,vide,vide,vide,0.0686,vide
82,11,1,vide,vide,vide,0.2014,X
82,11,2,vide,vide,vide,0.0115,vide
82,11,3,vide,vide,vide,0.0000,vide
82,11,4,vide,vide,vide,0.0009,vide
82,11,5,vide,vide,vide,0.0011,vide
82,11,6,vide,vide,vide,0.0156,vide
82,11,7,vide,vide,vide,0.0225,vide
82,11,8,vide,vide,vide,0.0462,vide
82,11,9,vide,vide,vide,0.0765,vide
82,11,10,vide,vide,vide,0.0072,vide
82,11,11,vide,vide,vide,0.0360,vide
82,11,12,vide,vide,vide,0.0416,vide
82,11,13,vide,vide,vide,0.0194,vide
82,11,14,vide,vide,vide,0.0201,vide
82,11,15,vide,vide,vide,0.0213,vide
82,11,16,vide,vide,vide,0.0160,vide
82,11,17,vide,vide,vide,0.0289,vide
82,11,18,vide,vide,vide,0.0659,vide
82,11,19,vide,vide,vide,0.0268,vide
82,11,20,vide,vide,vide,0.0135,vide
82,11,21,vide,vide,vide,0.0150,vide
82,11,22,vide,vide,vide,0.0210,vide
82,11,23,vide,vide,vide,0.0189,vide
82,11,24,vide,vide,vide,0.0122,vide
82,11,25,vide,vide,vide,0.0084,vide
82,11,26,vide,vide,vide,0.0110,vide
82,11,27,vide,vide,vide,0.0296,vide
82,11,28,vide,vide,vide,0.0816,vide
82,11,29,vide,vide,vide,0.0869,vide
82,11,30,vide,vide,vide,0.0796,vide
82,12,1,vide,vide,vide,0.1832,X
82,12,2,vide,vide,vide,0.0118,vide
82,12,3,vide,vide,vide,0.0135,vide
82,12,4,vide,vide,vide,0.0000,vide
82,12,5,vide,vide,vide,0.0000,vide
82,12,6,vide,vide,vide,0.0133,vide
82,12,7,vide,vide,vide,0.0754,vide
82,12,8,vide,vide,vide,0.0352,vide
82,12,9,vide,vide,vide,0.0411,vide
82,12,10,vide,vide,vide,0.0582,vide
82,12,11,vide,vide,vide,0.0700,vide
82,12,12,vide,vide,vide,0.0370,vide
82,12,13,vide,vide,vide,0.0197,vide
82,12,14,vide,vide,vide,0.0260,vide
82,12,15,vide,vide,vide,0.0227,vide
82,12,16,vide,vide,vide,0.0274,vide
82,12,17,vide,vide,vide,0.0266,vide
82,12,18,vide,vide,vide,0.0540,vide
82,12,19,vide,vide,vide,0.0356,vide
82,12,20,vide,vide,vide,0.0278,vide
82,12,21,vide,vide,vide,0.0295,vide
82,12,22,vide,vide,vide,0.0227,vide
82,12,23,vide,vide,vide,0.0169,vide
82,12,24,vide,vide,vide,0.0143,vide
82,12,25,vide,vide,vide,0.0104,vide
82,12,26,vide,vide,vide,0.0162,vide
82,12,27,vide,vide,vide,0.0230,vide
82,12,28,vide,vide,vide,0.0218,vide
82,12,29,vide,vide,vide,0.0247,vide
82,12,30,vide,vide,vide,0.0305,vide
82,12,31,vide,vide,vide,0.0588,vide
83,1,1,vide,vide,vide,0.0000,vide
83,1,2,vide,vide,vide,0.0000,vide
83,1,3,vide,?,vide,0.0012,vide
83,1,4,vide,vide,vide,0.0000,vide
83,1,5,vide,vide,vide,0.0000,vide
83,1,6,vide,vide,vide,0.0000,vide
83,1,7,vide,vide,vide,0.0000,vide
83,1,8,vide,vide,vide,0.0001,vide
83,1,9,vide,vide,vide,0.0041,vide
83,1,10,vide,vide,vide,0.0014,vide
83,1,11,vide,vide,vide,0.0060,vide
83,1,12,vide,vide,vide,0.0033,vide
83,1,13,vide,vide,vide,0.0019,vide
83,1,14,vide,vide,vide,0.0026,vide
83,1,15,vide,vide,vide,0.0013,vide
83,1,16,vide,vide,vide,0.0041,vide
83,1,17,vide,vide,vide,0.0018,vide
83,1,18,vide,vide,vide,0.0050,vide
83,1,19,vide,vide,vide,0.0036,vide
83,1,20,vide,vide,vide,0.0013,vide
83,1,21,vide,vide,vide,0.0009,vide
83,1,22,vide,vide,vide,0.0008,vide
83,1,23,vide,vide,vide,0.0031,vide
83,1,24,vide,vide,vide,0.0006,vide
83,1,25,vide,vide,vide,0.0056,vide
83,1,26,vide,vide,vide,0.0000,vide
83,1,27,vide,vide,vide,0.0000,vide
83,1,28,vide,vide,vide,0.0000,vide
83,1,29,vide,vide,vide,0.0000,vide
83,1,30,vide,vide,vide,0.0013,vide
83,1,31,vide,vide,vide,0.0002,vide
83,2,1,vide,vide,vide,0.0071,vide
83,2,2,vide,vide,vide,0.0040,vide
83,2,3,vide,vide,vide,0.0054,vide
83,2,4,vide,vide,vide,0.0033,vide
83,2,5,vide,vide,vide,0.0018,vide
83,2,6,vide,vide,vide,0.0029,vide
83,2,7,vide,vide,vide,0.0029,vide
83,2,8,vide,vide,vide,0.0059,vide
83,2,9,vide,vide,vide,0.0071,vide
83,2,10,vide,?,vide,0.0085,vide
83,2,11,vide,vide,vide,0.0035,vide
83,2,12,vide,vide,vide,0.0021,vide
83,2,13,vide,vide,vide,0.0036,vide
83,2,14,vide,vide,vide,0.0029,vide
83,2,15,vide,vide,vide,0.0061,vide
83,2,16,vide,vide,vide,0.0071,vide
83,2,17,vide,vide,vide,0.0030,vide
83,2,18,vide,vide,vide,0.0041,vide
83,2,19,vide,vide,vide,0.0039,vide
83,2,20,vide,vide,vide,0.0020,vide
83,2,21,vide,vide,vide,0.0025,vide
83,2,22,vide,vide,vide,0.0054,vide
83,2,23,vide,vide,vide,0.0047,vide
83,2,24,vide,vide,vide,0.0038,vide
83,2,25,vide,vide,vide,0.0017,vide
83,2,26,vide,vide,vide,0.0047,vide
83,2,27,vide,vide,vide,0.0053,vide
83,2,28,vide,vide,vide,0.0022,vide
83,3,1,vide,vide,vide,0.0000,vide
83,3,2,vide,vide,vide,0.0010,vide
83,3,3,vide,vide,vide,0.0006,vide
83,3,4,vide,vide,vide,0.0001,vide
83,3,5,vide,vide,vide,0.0019,vide
83,3,6,vide,vide,vide,0.0013,vide
83,3,7,vide,vide,vide,0.0010,vide
83,3,8,vide,vide,vide,0.0048,vide
83,3,9,vide,vide,vide,0.0010,vide
83,3,10,vide,vide,vide,0.0007,vide
83,3,11,vide,vide,vide,0.0015,vide
83,3,12,vide,vide,vide,0.0011,vide
83,3,13,vide,vide,vide,0.0021,vide
83,3,14,vide,vide,vide,0.0018,vide
83,3,15,vide,vide,vide,0.0054,vide
83,3,16,vide,vide,vide,0.0034,vide
83,3,17,vide,vide,vide,0.0015,vide
83,3,18,vide,vide,vide,0.0017,vide
83,3,19,vide,vide,vide,0.0018,vide
83,3,20,vide,vide,vide,0.0037,vide
83,3,21,vide,vide,vide,0.0014,vide
83,3,22,vide,vide,vide,0.0056,vide
83,3,23,vide,vide,vide,0.0024,vide
83,3,24,vide,vide,vide,0.0009,vide
83,3,25,vide,vide,vide,0.0010,vide
83,3,26,vide,vide,vide,0.0033,vide
83,3,27,vide,vide,vide,0.0002,vide
83,3,28,vide,vide,vide,0.0007,vide
83,3,29,vide,vide,vide,0.0058,vide
83,3,30,vide,vide,vide,0.0004,vide
83,3,31,vide,vide,vide,0.0010,vide
83,4,1,vide,vide,vide,0.0056,vide
83,4,2,vide,vide,vide,0.0062,vide
83,4,3,vide,vide,vide,0.0061,vide
83,4,4,vide,vide,vide,0.0025,vide
83,4,5,vide,vide,vide,0.0076,vide
83,4,6,vide,vide,vide,0.0059,vide
83,4,7,vide,vide,vide,0.0023,vide
83,4,8,vide,vide,vide,0.0019,vide
83,4,9,vide,vide,vide,0.0037,vide
83,4,10,vide,vide,vide,0.0030,vide
83,4,11,vide,vide,vide,0.0015,vide
83,4,12,vide,vide,vide,0.0048,vide
83,4,13,vide,vide,vide,0.0047,vide
83,4,14,vide,vide,vide,0.0026,vide
83,4,15,vide,vide,vide,0.0019,vide
83,4,16,vide,vide,vide,0.0024,vide
83,4,17,vide,vide,vide,0.0040,vide
83,4,18,vide,vide,vide,0.0024,vide
83,4,19,vide,vide,vide,0.0040,vide
83,4,20,vide,vide,vide,0.0053,vide
83,4,21,vide,vide,vide,0.0031,vide
83,4,22,vide,vide,vide,0.0015,vide
83,4,23,vide,vide,vide,0.0029,vide
83,4,24,vide,vide,vide,0.0038,vide
83,4,25,vide,vide,vide,0.0023,vide
83,4,26,vide,?,vide,0.0067,vide
83,4,27,vide,vide,vide,0.0063,vide
83,4,28,vide,vide,vide,0.0049,vide
83,4,29,vide,vide,vide,0.0044,vide
83,4,30,vide,vide,vide,0.0027,vide
83,5,1,vide,vide,vide,0.0040,vide
83,5,2,vide,vide,vide,0.0015,vide
83,5,3,vide,vide,vide,0.0060,vide
83,5,4,vide,vide,vide,0.0025,vide
83,5,5,vide,vide,vide,0.0027,vide
83,5,6,vide,vide,vide,0.0020,vide
83,5,7,vide,vide,vide,0.0013,vide
83,5,8,vide,vide,vide,0.0046,vide
83,5,9,vide,vide,vide,0.0007,vide
83,5,10,vide,vide,vide,0.0036,vide
83,5,11,vide,vide,vide,0.0044,vide
83,5,12,vide,vide,vide,0.0040,vide
83,5,13,vide,vide,vide,0.0016,vide
83,5,14,vide,vide,vide,0.0059,vide
83,5,15,vide,vide,vide,0.0070,vide
83,5,16,vide,vide,vide,0.0024,vide
83,5,17,vide,vide,vide,0.0059,vide
83,5,18,vide,vide,vide,0.0046,vide
83,5,19,vide,vide,vide,0.0038,vide
83,5,20,vide,vide,vide,0.0033,vide
83,5,21,vide,vide,vide,0.0020,vide
83,5,22,vide,vide,vide,0.0067,vide
83,5,23,vide,vide,vide,0.0024,vide
83,5,24,vide,vide,vide,0.0052,vide
83,5,25,vide,vide,vide,0.0057,vide
83,5,26,vide,vide,vide,0.0053,vide
83,5,27,vide,vide,vide,0.0029,vide
83,5,28,vide,vide,vide,0.0030,vide
83,5,29,vide,vide,vide,0.0069,vide
83,5,30,vide,vide,vide,0.0039,vide
83,5,31,vide,vide,vide,0.0083,vide
83,6,1,vide,vide,vide,0.0016,vide
83,6,2,vide,vide,vide,0.0038,vide
83,6,3,vide,vide,vide,0.0028,vide
83,6,4,vide,vide,vide,0.0032,vide
83,6,5,vide,vide,vide,0.0055,vide
83,6,6,vide,vide,vide,0.0027,vide
83,6,7,vide,vide,vide,0.0044,vide
83,6,8,vide,vide,vide,0.0009,vide
83,6,9,vide,vide,vide,0.0028,vide
83,6,10,vide,vide,vide,0.0042,vide
83,6,11,vide,vide,vide,0.0012,vide
83,6,12,vide,vide,vide,0.0036,vide
83,6,13,vide,vide,vide,0.0049,vide
83,6,14,vide,vide,vide,0.0032,vide
83,6,15,vide,vide,vide,0.0062,vide
83,6,16,vide,vide,vide,0.0031,vide
83,6,17,vide,vide,vide,0.0040,vide
83,6,18,vide,vide,vide,0.0018,vide
83,6,19,vide,vide,vide,0.0029,vide
83,6,20,vide,vide,vide,0.0032,vide
83,6,21,vide,?,vide,0.0081,vide
83,6,22,vide,vide,vide,0.0010,vide
83,6,23,vide,vide,vide,0.0016,vide
83,6,24,vide,vide,vide,0.0028,vide
83,6,25,vide,vide,vide,0.0064,vide
83,6,26,vide,vide,vide,0.0041,vide
83,6,27,vide,vide,vide,0.0037,vide
83,6,28,vide,vide,vide,0.0066,vide
83,6,29,vide,vide,vide,0.0082,vide
83,6,30,vide,vide,vide,0.0048,vide
83,7,1,vide,vide,vide,0.0030,vide
83,7,2,vide,vide,vide,0.0043,vide
83,7,3,vide,vide,vide,0.0042,vide
83,7,4,vide,vide,vide,0.0018,vide
83,7,5,vide,vide,vide,0.0075,vide
83,7,6,vide,vide,vide,0.0043,vide
83,7,7,vide,vide,vide,0.0040,vide
83,7,8,vide,vide,vide,0.0036,vide
83,7,9,vide,vide,vide,0.0049,vide
83,7,10,vide,vide,vide,0.0075,vide
83,7,11,vide,vide,vide,0.0023,vide
83,7,12,vide,vide,vide,0.0055,vide
83,7,13,vide,vide,vide,0.0059,vide
83,7,14,vide,vide,vide,0.0032,vide
83,7,15,vide,vide,vide,0.0039,vide
83,7,16,vide,vide,vide,0.0025,vide
83,7,17,vide,vide,vide,0.0051,vide
83,7,18,vide,vide,vide,0.0023,vide
83,7,19,vide,vide,vide,0.0060,vide
83,7,20,vide,vide,vide,0.0069,vide
83,7,21,vide,vide,vide,0.0066,vide
83,7,22,vide,vide,vide,0.0058,vide
83,7,23,vide,vide,vide,0.0045,vide
83,7,24,vide,vide,vide,0.0075,vide
83,7,25,vide,vide,vide,0.0037,vide
83,7,26,vide,vide,vide,0.0061,vide
83,7,27,vide,vide,vide,0.0078,vide
83,7,28,vide,vide,vide,0.0045,vide
83,7,29,vide,vide,vide,0.0056,vide
83,7,30,vide,vide,vide,0.0101,vide
83,7,31,vide,vide,vide,0.0121,vide
83,8,1,vide,vide,vide,0.0334,vide
83,8,2,vide,vide,vide,0.0575,vide
83,8,3,vide,vide,vide,0.0459,vide
83,8,4,vide,vide,vide,0.0401,vide
83,8,5,vide,vide,vide,0.0471,vide
83,8,6,vide,vide,vide,0.0514,vide
83,8,7,vide,vide,vide,0.0356,vide
83,8,8,vide,vide,vide,0.0423,vide
83,8,9,vide,vide,vide,0.0644,vide
83,8,10,vide,?,vide,0.0533,vide
83,8,11,vide,vide,vide,0.0626,vide
83,8,12,vide,vide,vide,0.0791,vide
83,8,13,vide,vide,vide,0.0683,vide
83,8,14,vide,vide,vide,0.0733,vide
83,8,15,vide,vide,vide,0.0906,vide
83,8,16,vide,vide,vide,0.0915,vide
83,8,17,vide,?,vide,0.0804,vide
83,8,18,vide,vide,vide,0.0894,vide
83,8,19,vide,vide,vide,0.0912,vide
83,8,20,vide,vide,vide,0.0850,vide
83,8,21,vide,vide,vide,0.0726,vide
83,8,22,vide,vide,vide,0.0957,vide
83,8,23,vide,vide,vide,0.0959,vide
83,8,24,vide,vide,vide,0.0794,vide
83,8,25,vide,vide,vide,0.0808,vide
83,8,26,vide,vide,vide,0.0910,vide
83,8,27,vide,?,vide,0.0752,vide
83,8,28,vide,vide,vide,0.0803,vide
83,8,29,vide,vide,vide,0.0800,vide
83,8,30,vide,vide,vide,0.0749,vide
83,8,31,vide,vide,vide,0.0067,vide
83,9,1,vide,vide,vide,0.0758,vide
83,9,2,vide,vide,vide,0.0870,vide
84,1,1,vide,vide,vide,,non lu
84,1,2,vide,vide,vide,,non lu
84,1,3,vide,vide,vide,,non lu
84,1,4,vide,vide,vide,,non lu
84,1,5,vide,vide,vide,,non lu
84,1,6,vide,vide,vide,,non lu
84,1,7,vide,vide,vide,,non lu
84,1,8,vide,vide,vide,,non lu
84,1,9,vide,vide,vide,,non lu
84,1,10,vide,vide,vide,,non lu
84,1,11,vide,vide,vide,,non lu
84,1,12,vide,vide,vide,,non lu
84,1,13,vide,vide,vide,,non lu
84,1,14,vide,vide,?,,non lu
84,1,15,vide,vide,vide,,non lu
84,1,16,vide,vide,vide,,non lu
84,1,17,vide,vide,vide,,non lu
84,1,18,vide,vide,vide,,non lu
84,1,19,vide,vide,vide,,non lu
84,1,20,vide,vide,vide,,non lu
84,1,21,vide,vide,vide,,non lu
84,1,22,vide,vide,vide,,non lu
84,1,23,vide,vide,X,,non lu
84,1,24,vide,vide,X,,non lu
84,1,25,vide,vide,vide,,non lu
84,1,26,vide,vide,vide,,non lu
84,1,27,vide,vide,X,,non lu
84,1,28,vide,vide,X,,non lu
84,1,29,vide,vide,vide,,non lu
84,1,30,vide,vide,vide,,non lu
84,1,31,vide,vide,vide,,non lu
84,2,1,vide,vide,vide,,non lu
84,2,2,vide,vide,vide,,non lu
84,2,3,vide,vide,vide,,non lu
84,2,4,vide,vide,vide,,non lu
84,2,5,vide,vide,vide,,non lu
84,2,6,vide,vide,vide,,non lu
84,2,7,vide,vide,?,,non lu
84,2,8,vide,vide,vide,,non lu
84,2,9,vide,vide,vide,,non lu
84,2,10,vide,vide,?,,non lu
84,2,11,vide,vide,?,,non lu
84,2,12,vide,vide,vide,,non lu
84,2,13,vide,vide,vide,,non lu
84,2,14,vide,vide,vide,,non lu
84,2,15,vide,vide,vide,,non lu
84,2,16,vide,vide,vide,,non lu
84,2,17,vide,vide,vide,,non lu
84,2,18,vide,vide,vide,,non lu
84,2,19,vide,vide,vide,,non lu
84,2,20,vide,vide,vide,,non lu
84,2,21,vide,vide,vide,,non lu
84,2,22,vide,vide,?,,non lu
84,2,23,vide,vide,X,,non lu
84,2,24,vide,vide,X,,non lu
84,2,25,vide,vide,vide,,non lu
84,2,26,vide,vide,?,,non lu
84,2,27,vide,vide,X,,non lu
84,2,28,vide,vide,X,,non lu
84,3,1,vide,vide,X,,non lu
84,3,2,vide,vide,?,,non lu
84,3,3,vide,vide,vide,,non lu
84,3,4,vide,vide,vide,,non lu
84,3,5,vide,vide,vide,,non lu
84,3,6,vide,vide,vide,,non lu
84,3,7,vide,vide,vide,,non lu
84,3,8,vide,vide,vide,,non lu
84,3,9,vide,vide,vide,,non lu
84,3,10,vide,vide,vide,,non lu
84,3,11,vide,vide,vide,,non lu
84,3,12,vide,vide,vide,,non lu
84,3,13,vide,vide,vide,,non lu
84,3,14,vide,vide,vide,,non lu
84,3,15,vide,vide,vide,,non lu
84,3,16,vide,vide,vide,,non lu
84,3,17,vide,vide,vide,,non lu
84,3,18,vide,vide,vide,,non lu
84,3,19,vide,vide,vide,,non lu
84,3,20,vide,vide,vide,,non lu
84,3,21,vide,vide,vide,,non lu
84,3,22,vide,vide,vide,,non lu
84,3,23,vide,vide,vide,,non lu
84,3,24,vide,vide,vide,,non lu
84,3,25,vide,vide,vide,,non lu
84,3,26,vide,vide,vide,,non lu
84,3,27,vide,vide,vide,,non lu
84,3,28,vide,vide,vide,,non lu
84,3,29,vide,vide,vide,,non lu
84,3,30,vide,vide,vide,,non lu
84,3,31,vide,vide,vide,,non lu
84,4,1,vide,vide,vide,,non lu
84,4,2,vide,vide,vide,,non lu
84,4,3,vide,vide,vide,,non lu
84,4,4,vide,vide,vide,,non lu
84,4,5,vide,vide,vide,,non lu
84,4,6,vide,vide,vide,,non lu
84,4,7,vide,vide,vide,,non lu
84,4,8,vide,vide,vide,,non lu
84,4,9,vide,vide,?,,non lu
84,4,10,vide,vide,?,,non lu
84,4,11,vide,vide,vide,,non lu
84,4,12,vide,vide,vide,,non lu
84,4,13,vide,vide,vide,,non lu
84,4,14,vide,vide,vide,,non lu
84,4,15,vide,vide,vide,,non lu
84,4,16,vide,vide,vide,,non lu
84,4,17,vide,vide,vide,,non lu
84,4,18,vide,vide,vide,,non lu
84,4,19,vide,vide,vide,,non lu
84,4,20,vide,vide,vide,,non lu
84,4,21,vide,vide,vide,,non lu
84,4,22,vide,vide,vide,,non lu
84,4,23,vide,vide,vide,,non lu
84,4,24,vide,vide,vide,,non lu
84,4,25,vide,vide,vide,,non lu
84,4,26,vide,vide,vide,,non lu
84,4,27,vide,vide,vide,,non lu
84,4,28,vide,vide,vide,,non lu
84,4,29,vide,vide,vide,,non lu
84,4,30,vide,vide,vide,,non lu
84,5,1,vide,vide,vide,,non lu
84,5,2,vide,vide,vide,,non lu
84,5,3,vide,vide,vide,,non lu
84,5,4,vide,vide,vide,,non lu
84,5,5,vide,vide,vide,,non lu
84,5,6,vide,vide,vide,,non lu
84,5,7,vide,vide,vide,,non lu
84,5,8,vide,vide,vide,,non lu
84,5,9,vide,vide,X,,non lu
84,5,10,vide,vide,X,,non lu
84,5,11,vide,vide,vide,,non lu
84,5,12,vide,vide,vide,,non lu
84,5,13,vide,vide,vide,,non lu
84,5,14,vide,vide,vide,,non lu
84,5,15,vide,vide,vide,,non lu
84,5,16,vide,vide,vide,,non lu
84,5,17,vide,vide,vide,,non lu
84,5,18,vide,vide,vide,,non lu
84,5,19,vide,vide,vide,,non lu
84,5,20,vide,vide,vide,,non lu
84,5,21,vide,vide,vide,,non lu
84,5,22,vide,vide,vide,,non lu
84,5,23,vide,vide,vide,,non lu
84,5,24,vide,vide,vide,,non lu
84,5,25,vide,vide,vide,,non lu
84,5,26,vide,vide,vide,,non lu
84,5,27,vide,vide,vide,,non lu
84,5,28,vide,vide,vide,,non lu
84,5,29,vide,vide,vide,,non lu
84,5,30,vide,vide,vide,,non lu
84,5,31,vide,vide,vide,,non lu
84,6,1,vide,vide,vide,,non lu
84,6,2,vide,vide,vide,,non lu
84,6,3,vide,vide,vide,,non lu
84,6,4,vide,vide,vide,,non lu
84,6,5,vide,vide,vide,,non lu
84,6,6,vide,vide,vide,,non lu
84,6,7,vide,vide,vide,,non lu
84,6,8,vide,vide,vide,,non lu
84,6,9,vide,vide,?,,non lu
84,6,10,vide,vide,vide,,non lu
84,6,11,vide,vide,vide,,non lu
84,6,12,vide,vide,vide,,non lu
84,6,13,vide,vide,vide,,non lu
84,6,14,vide,vide,vide,,non lu
84,6,15,vide,vide,vide,,non lu
84,6,16,vide,vide,vide,,non lu
84,6,17,vide,vide,vide,,non lu
84,6,18,vide,vide,vide,,non lu
84,6,19,vide,vide,vide,,non lu
84,6,20,vide,vide,vide,,non lu
84,6,21,vide,vide,vide,,non lu
84,6,22,vide,vide,vide,,non lu
84,6,23,vide,vide,vide,,non lu
84,6,24,vide,vide,vide,,non lu
84,6,25,vide,vide,vide,,non lu
84,6,26,vide,vide,vide,,non lu
84,6,27,vide,vide,vide,,non lu
84,6,28,vide,vide,vide,,non lu
84,6,29,vide,vide,vide,,non lu
84,6,30,vide,vide,vide,,non lu
84,7,1,vide,vide,vide,,non lu
84,7,2,vide,vide,vide,,non lu
84,7,3,vide,vide,vide,,non lu
84,7,4,vide,vide,vide,,non lu
84,7,5,vide,vide,vide,,non lu
84,7,6,vide,vide,vide,,non lu
84,7,7,vide,vide,vide,,non lu
84,7,8,vide,vide,vide,,non lu
84,7,9,vide,vide,vide,,non lu
84,7,10,vide,vide,vide,,non lu
84,7,11,vide,vide,vide,,non lu
84,7,12,vide,vide,vide,,non lu
84,7,13,vide,vide,vide,,non lu
84,7,14,vide,vide,vide,,non lu
84,7,15,vide,vide,vide,,non lu
84,7,16,vide,vide,?,,non lu
84,7,17,vide,vide,X,,non lu
84,7,18,vide,vide,vide,,non lu
84,7,19,vide,vide,vide,,non lu
84,7,20,vide,vide,vide,,non lu
84,7,21,vide,vide,vide,,non lu
84,7,22,vide,vide,vide,,non lu
84,7,23,vide,vide,vide,,non lu
84,7,24,vide,vide,vide,,non lu
84,7,25,vide,vide,vide,,non lu
84,7,26,vide,vide,vide,,non lu
84,7,27,vide,vide,vide,,non lu
84,7,28,vide,vide,vide,,non lu
84,7,29,vide,vide,vide,,non lu
84,7,30,vide,vide,vide,,non lu
84,7,31,vide,vide,vide,,non lu
84,8,1,vide,vide,?,,non lu
84,8,2,vide,vide,vide,,non lu
84,8,3,vide,vide,vide,,non lu
84,8,4,vide,vide,vide,,non lu
84,8,5,vide,vide,vide,,non lu
84,8,6,vide,vide,vide,,non lu
84,8,7,vide,vide,vide,,non lu
84,8,8,vide,vide,vide,,non lu
84,8,9,vide,vide,vide,,non lu
84,8,10,vide,vide,vide,,non lu
84,8,11,vide,vide,vide,,non lu
84,8,12,vide,vide,vide,,non lu
84,8,13,vide,vide,vide,,non lu
84,8,14,vide,vide,vide,,non lu
84,8,15,vide,vide,vide,,non lu
84,8,16,vide,vide,vide,,non lu
84,8,17,vide,vide,vide,,non lu
84,8,18,vide,vide,vide,,non lu
84,8,19,vide,vide,vide,,non lu
84,8,20,vide,vide,vide,,non lu
84,8,21,vide,vide,vide,,non lu
84,8,22,vide,vide,vide,,non lu
84,8,23,vide,vide,vide,,non lu
84,8,24,vide,vide,vide,,non lu
84,8,25,vide,vide,vide,,non lu
84,8,26,vide,vide,vide,,non lu
84,8,27,vide,vide,vide,,non lu
84,8,28,vide,vide,vide,,non lu
84,8,29,vide,vide,vide,,non lu
84,8,30,vide,vide,vide,,non lu
84,8,31,vide,vide,?,,non lu
84,9,1,vide,vide,X,,non lu
84,9,2,vide,vide,X,,non lu
84,9,3,vide,vide,vide,,non lu
84,9,4,vide,vide,vide,,non lu
84,9,5,vide,vide,vide,,non lu
84,9,6,vide,vide,vide,,non lu
84,9,7,vide,vide,vide,,non lu
84,9,8,vide,vide,vide,,non lu
84,9,9,vide,vide,vide,,non lu
84,9,10,vide,vide,vide,,non lu
84,9,11,vide,vide,vide,,non lu
84,9,12,vide,vide,vide,,non lu
84,9,13,vide,vide,vide,,non lu
84,9,14,vide,vide,vide,,non lu
84,9,15,vide,vide,vide,,non lu
84,9,16,vide,vide,vide,,non lu
84,9,17,vide,vide,vide,,non lu
84,9,18,vide,vide,vide,,non lu
84,9,19,vide,vide,vide,,non lu
84,9,20,vide,vide,vide,,non lu
84,9,21,vide,vide,vide,,non lu
84,9,22,vide,vide,vide,,non lu
84,9,23,vide,vide,vide,,non lu
84,9,24,vide,vide,vide,,non lu
84,9,25,vide,vide,vide,,non lu
84,9,26,vide,vide,vide,,non lu
84,9,27,vide,vide,vide,,non lu
84,9,28,vide,vide,vide,,non lu
84,9,29,vide,vide,vide,,non lu
84,9,30,vide,vide,vide,,non lu
84,10,1,vide,vide,?,,non lu
84,10,2,vide,vide,?,,non lu
84,10,3,vide,vide,X,,non lu
84,10,4,vide,vide,vide,,non lu
84,10,5,vide,vide,vide,,non lu
84,10,6,vide,vide,vide,,non lu
84,10,7,vide,vide,vide,,non lu
84,10,8,vide,vide,vide,,non lu
84,10,9,vide,vide,vide,,non lu
84,10,10,vide,vide,vide,,non lu
84,10,11,vide,vide,vide,,non lu
84,10,12,vide,vide,vide,,non lu
84,10,13,vide,vide,vide,,non lu
84,10,14,vide,vide,vide,,non lu
84,10,15,vide,vide,vide,,non lu
84,10,16,vide,vide,vide,,non lu
84,10,17,vide,vide,vide,,non lu
84,10,18,vide,vide,vide,,non lu
84,10,19,vide,vide,vide,,non lu
84,10,20,vide,vide,vide,,non lu
84,10,21,vide,vide,?,,non lu
84,10,22,vide,vide,?,,non lu
84,10,23,vide,vide,vide,,non lu
84,10,24,vide,vide,vide,,non lu
84,10,25,vide,vide,?,,non lu
84,10,26,vide,vide,X,,non lu
84,10,27,vide,vide,vide,,non lu
84,10,28,vide,vide,vide,,non lu
84,10,29,vide,vide,vide,,non lu
84,10,30,vide,vide,vide,,non lu
84,10,31,vide,vide,vide,,non lu
84,11,1,vide,vide,X,,non lu
84,11,2,vide,vide,X,,non lu
84,11,3,vide,vide,X,,non lu
84,11,4,vide,vide,X,,non lu
84,11,5,vide,vide,?,,non lu
84,11,6,vide,vide,vide,,non lu
84,11,7,vide,vide,vide,,non lu
84,11,8,vide,vide,vide,,non lu
84,11,9,vide,vide,vide,,non lu
84,11,10,vide,vide,vide,,non lu
84,11,11,vide,vide,vide,,non lu
84,11,12,vide,vide,vide,,non lu
84,11,13,vide,vide,vide,,non lu
84,11,14,vide,vide,vide,,non lu
84,11,15,vide,vide,vide,,non lu
84,11,16,vide,vide,vide,,non lu
84,11,17,vide,vide,vide,,non lu
84,11,18,vide,vide,vide,,non lu
84,11,19,vide,vide,vide,,non lu
84,11,20,vide,vide,?,,non lu
84,11,21,vide,vide,vide,,non lu
84,11,22,vide,vide,vide,,non lu
84,11,23,vide,vide,vide,,non lu
84,11,24,vide,vide,vide,,non lu
84,11,25,vide,vide,vide,,non lu
84,11,26,vide,vide,vide,,non lu
84,11,27,vide,vide,vide,,non lu
84,11,28,vide,vide,vide,,non lu
84,11,29,vide,vide,vide,,non lu
84,11,30,vide,vide,vide,,non lu
84,12,1,vide,vide,?,,non lu
84,12,2,vide,vide,?,,non lu
84,12,3,vide,vide,?,,non lu
84,12,4,vide,vide,vide,,non lu
84,12,5,vide,vide,vide,,non lu
84,12,6,vide,vide,vide,,non lu
84,12,7,vide,vide,vide,,non lu
84,12,8,vide,vide,vide,,non lu
84,12,9,vide,vide,vide,,non lu
84,12,10,vide,vide,vide,,non lu
84,12,11,vide,vide,vide,,non lu
84,12,12,vide,vide,vide,,non lu
84,12,13,vide,vide,vide,,non lu
84,12,14,vide,vide,vide,,non lu
84,12,15,vide,vide,vide,,non lu
84,12,16,vide,vide,?,,non lu
84,12,17,vide,vide,X,,non lu
84,12,18,vide,vide,vide,,non lu
84,12,19,vide,vide,vide,,non lu
84,12,20,vide,vide,vide,,non lu
84,12,21,vide,vide,vide,,non lu
84,12,22,vide,vide,vide,,non lu
84,12,23,vide,vide,vide,,non lu
84,12,24,vide,vide,vide,,non lu
84,12,25,vide,X,vide,,non lu
84,12,26,vide,X,vide,,non lu
84,12,27,vide,vide,vide,,non lu
84,12,28,vide,vide,vide,,non lu
84,12,29,vide,vide,vide,,non lu
84,12,30,vide,vide,vide,,non lu
84,12,31,vide,vide,vide,,non lu
85,1,1,vide,vide,vide,0.0000,vide
85,1,2,vide,vide,vide,0.0000,vide
85,1,3,vide,vide,vide,0.0000,vide
85,1,4,vide,vide,vide,0.0000,vide
85,1,5,vide,vide,vide,0.0000,vide
85,1,6,vide,vide,vide,0.0000,vide
85,1,7,vide,vide,vide,0.0000,vide
85,1,8,vide,vide,vide,0.0000,vide
85,1,9,vide,vide,vide,0.0000,vide
85,1,10,vide,vide,vide,0.0000,vide
85,1,11,vide,vide,vide,0.0000,vide
85,1,12,vide,vide,vide,0.0000,vide
85,1,13,vide,vide,vide,0.0000,vide
85,1,14,vide,vide,vide,0.0000,vide
85,1,15,vide,vide,vide,0.0000,vide
85,1,16,vide,vide,vide,0.0000,vide
85,1,17,vide,vide,vide,0.0000,vide
85,1,18,vide,vide,vide,0.0000,vide
85,1,19,vide,vide,vide,0.0000,vide
85,1,20,vide,vide,vide,0.0000,vide
85,1,21,vide,vide,vide,0.0000,vide
85,1,22,vide,vide,vide,0.0000,vide
85,1,23,vide,vide,vide,0.0000,vide
85,1,24,vide,vide,vide,0.0000,vide
85,1,25,vide,vide,vide,0.0000,vide
85,1,26,vide,vide,vide,0.0000,vide
85,1,27,vide,vide,vide,0.0023,vide
85,1,28,vide,vide,?,0.0043,vide
85,1,29,vide,vide,vide,0.0000,vide
85,1,30,vide,vide,vide,0.0000,vide
85,1,31,vide,vide,vide,0.0000,vide
85,2,1,vide,vide,vide,0.0000,vide
85,2,2,vide,vide,vide,0.0000,vide
85,2,3,vide,vide,vide,0.0000,vide
85,2,4,vide,vide,vide,0.0000,vide
85,2,5,vide,vide,vide,0.0000,vide
85,2,6,vide,vide,vide,0.0000,vide
85,2,7,vide,vide,vide,0.0000,vide
85,2,8,vide,vide,vide,0.0000,vide
85,2,9,vide,vide,vide,0.0000,vide
85,2,10,vide,vide,vide,0.0000,vide
85,2,11,vide,vide,vide,0.0000,vide
85,2,12,vide,vide,vide,0.0000,vide
85,2,13,vide,vide,vide,0.0000,vide
85,2,14,vide,vide,vide,0.0000,vide
85,2,15,vide,vide,vide,0.0000,vide
85,2,16,vide,vide,vide,0.0000,vide
85,2,17,vide,vide,vide,0.0000,vide
85,2,18,vide,vide,vide,0.0000,vide
85,2,19,vide,vide,vide,0.0000,vide
85,2,20,vide,vide,vide,0.0000,vide
85,2,21,vide,vide,vide,0.0000,vide
85,2,22,vide,vide,vide,0.0000,vide
85,2,23,vide,vide,vide,0.0000,vide
85,2,24,vide,vide,vide,0.0000,vide
85,2,25,vide,vide,vide,0.0000,vide
85,2,26,vide,vide,vide,0.0000,vide
85,2,27,vide,vide,vide,0.0000,vide
85,2,28,vide,vide,vide,0.0000,vide
85,3,1,vide,vide,vide,0.0000,vide
85,3,2,vide,vide,vide,0.0000,vide
85,3,3,vide,vide,vide,0.0000,vide
85,3,4,vide,vide,vide,0.0000,vide
85,3,5,vide,vide,vide,0.0000,vide
85,3,6,vide,vide,vide,0.0000,vide
85,3,7,vide,vide,vide,0.0000,vide
85,3,8,vide,vide,vide,0.0000,vide
85,3,9,vide,vide,vide,0.0000,vide
85,3,10,vide,vide,vide,0.0000,vide
85,3,11,vide,vide,vide,0.0000,vide
85,3,12,vide,vide,vide,0.0000,vide
85,3,13,vide,vide,vide,0.0000,vide
85,3,14,vide,vide,vide,0.0000,vide
85,3,15,vide,vide,vide,0.0000,vide
85,3,16,vide,vide,vide,0.0000,vide
85,3,17,vide,vide,vide,0.0000,vide
85,3,18,vide,vide,vide,0.0000,vide
85,3,19,vide,vide,vide,0.0000,vide
85,3,20,vide,vide,vide,0.0000,vide
85,3,21,vide,vide,vide,0.0000,vide
85,3,22,vide,vide,vide,0.0000,vide
85,3,23,vide,vide,vide,0.0000,vide
85,3,24,vide,vide,vide,0.0000,vide
85,3,25,vide,vide,vide,0.0000,vide
85,3,26,vide,vide,vide,0.0000,vide
85,3,27,vide,vide,vide,0.0000,vide
85,3,28,vide,vide,vide,0.0000,vide
85,3,29,vide,vide,vide,0.0000,vide
85,3,30,vide,vide,vide,0.0000,vide
85,3,31,vide,vide,vide,0.0036,vide
85,4,1,vide,vide,vide,0.0000,vide
85,4,2,vide,vide,vide,0.0000,vide
85,4,3,vide,vide,vide,0.0000,vide
85,4,4,vide,vide,vide,0.0000,vide
85,4,5,vide,vide,vide,0.0000,vide
85,4,6,vide,vide,vide,0.0000,vide
85,4,7,vide,vide,vide,0.0000,vide
85,4,8,vide,vide,vide,0.0000,vide
85,4,9,vide,vide,vide,0.0000,vide
85,4,10,vide,vide,vide,0.0000,vide
85,4,11,vide,vide,vide,0.0000,vide
85,4,12,vide,vide,vide,0.0000,vide
85,4,13,vide,vide,vide,0.0000,vide
85,4,14,vide,vide,vide,0.0000,vide
85,4,15,vide,vide,vide,0.0000,vide
85,4,16,vide,vide,vide,0.0000,vide
85,4,17,vide,vide,vide,0.0000,vide
85,4,18,vide,vide,vide,0.0000,vide
85,4,19,vide,vide,vide,0.0000,vide
85,4,20,vide,vide,vide,0.0000,vide
85,4,21,vide,vide,vide,0.0000,vide
85,4,22,vide,vide,vide,0.0000,vide
85,4,23,vide,vide,vide,0.0000,vide
85,4,24,vide,vide,vide,0.0000,vide
85,4,25,vide,vide,vide,0.0000,vide
85,4,26,vide,vide,vide,0.0000,vide
85,4,27,vide,vide,vide,0.0000,vide
85,4,28,vide,vide,vide,0.0000,vide
85,4,29,vide,vide,vide,0.0041,vide
85,4,30,vide,vide,vide,0.0000,vide
85,5,1,vide,vide,vide,0.0000,vide
85,5,2,vide,vide,vide,0.0000,vide
85,5,3,vide,vide,vide,0.0000,vide
85,5,4,vide,vide,vide,0.0000,vide
85,5,5,vide,vide,vide,0.0000,vide
85,5,6,vide,vide,vide,0.0000,vide
85,5,7,vide,vide,vide,0.0000,vide
85,5,8,vide,vide,vide,0.0000,vide
85,5,9,vide,vide,vide,0.0000,vide
85,5,10,vide,vide,vide,0.0000,vide
85,5,11,vide,vide,vide,0.0000,vide
85,5,12,vide,vide,vide,0.0000,vide
85,5,13,vide,vide,vide,0.0000,vide
85,5,14,vide,vide,vide,0.0000,vide
85,5,15,vide,vide,vide,0.0000,vide
85,5,16,vide,vide,vide,0.0000,vide
85,5,17,vide,vide,vide,0.0000,vide
85,5,18,vide,vide,vide,0.0000,vide
85,5,19,vide,vide,vide,0.0000,vide
85,5,20,vide,vide,vide,0.0000,vide
85,5,21,vide,vide,vide,0.0000,vide
85,5,22,vide,vide,vide,0.0000,vide
85,5,23,vide,vide,vide,0.0000,vide
85,5,24,vide,vide,vide,0.0000,vide
85,5,25,vide,vide,vide,0.0000,vide
85,5,26,vide,vide,vide,0.0000,vide
85,5,27,vide,vide,vide,0.0003,vide
85,5,28,vide,vide,vide,0.0000,vide
85,5,29,vide,vide,vide,0.0000,vide
85,5,30,vide,vide,vide,0.0000,vide
85,5,31,vide,vide,vide,0.0042,vide
85,6,1,vide,vide,vide,0.0000,vide
85,6,2,vide,vide,vide,0.0000,vide
85,6,3,vide,vide,vide,0.0000,vide
85,6,4,vide,vide,vide,0.0000,vide
85,6,5,vide,vide,vide,0.0000,vide
85,6,6,vide,vide,vide,0.0000,vide
85,6,7,vide,vide,vide,0.0000,vide
85,6,8,vide,vide,vide,0.0000,vide
85,6,9,vide,vide,vide,0.0000,vide
85,6,10,vide,vide,vide,0.0000,vide
85,6,11,vide,vide,vide,0.0000,vide
87,1,1,vide,vide,vide,0.0000,vide
87,1,2,vide,vide,vide,0.0000,vide
87,1,3,vide,vide,vide,0.0000,vide
87,1,4,vide,vide,vide,0.0000,vide
87,1,5,vide,vide,vide,0.0000,vide
87,1,6,vide,vide,vide,0.0000,vide
87,1,7,vide,vide,vide,0.0000,vide
87,1,8,vide,vide,vide,0.0000,vide
87,1,9,vide,vide,vide,0.0000,vide
87,1,10,vide,vide,vide,0.0000,vide
87,1,11,vide,vide,vide,0.0000,vide
87,1,12,vide,vide,vide,0.0000,vide
87,1,13,vide,vide,vide,0.0000,vide
87,1,14,vide,vide,vide,0.0000,vide
87,1,15,vide,vide,vide,0.0000,vide
87,1,16,vide,vide,vide,0.0000,vide
87,1,17,vide,?,vide,0.0524,vide
87,1,18,vide,vide,vide,0.0000,vide
87,1,19,vide,vide,vide,0.0000,vide
87,1,20,vide,vide,vide,0.0000,vide
87,1,21,vide,vide,vide,0.0009,vide
87,1,22,vide,vide,vide,0.0000,vide
87,1,23,vide,vide,vide,0.0000,vide
87,1,24,vide,vide,vide,0.0000,vide
87,1,25,vide,vide,vide,0.0000,vide
87,1,26,vide,vide,vide,0.0000,vide
87,1,27,vide,vide,vide,0.0000,vide
87,1,28,vide,vide,vide,0.0000,vide
87,1,29,vide,vide,vide,0.0000,vide
87,1,30,vide,vide,vide,0.0000,vide
87,1,31,vide,vide,vide,0.0000,vide
87,2,1,vide,vide,vide,0.0000,vide
87,2,2,vide,vide,vide,0.0000,vide
87,2,3,vide,vide,vide,0.0000,vide
87,2,4,vide,vide,vide,0.0000,vide
87,2,5,vide,vide,vide,0.0000,vide
87,2,6,vide,vide,vide,0.0000,vide
87,2,7,vide,vide,vide,0.0000,vide
87,2,8,vide,vide,vide,0.0000,vide
87,2,9,vide,vide,vide,0.0000,vide
87,2,10,vide,vide,vide,0.0000,vide
87,2,11,vide,vide,vide,0.0000,vide
87,2,12,vide,vide,vide,0.0000,vide
87,2,13,vide,vide,vide,0.0000,vide
87,2,14,vide,vide,vide,0.0000,vide
87,2,15,vide,vide,vide,0.0000,vide
87,2,16,vide,vide,vide,0.0000,vide
87,2,17,vide,vide,vide,0.0000,vide
87,2,18,vide,vide,vide,0.0000,vide
87,2,19,vide,vide,vide,0.0000,vide
87,2,20,vide,vide,vide,0.0007,vide
87,2,21,vide,vide,vide,0.0000,vide
87,2,22,vide,vide,vide,0.0001,vide
87,2,23,vide,vide,vide,0.0000,vide
87,2,24,vide,vide,vide,0.0000,vide
87,2,25,vide,vide,vide,0.0000,vide
87,2,26,vide,vide,vide,0.0000,vide
87,2,27,vide,vide,vide,0.0000,vide
87,2,28,vide,vide,vide,0.0000,vide
87,3,1,vide,vide,vide,0.0000,vide
87,3,2,vide,vide,vide,0.0000,vide
87,3,3,vide,vide,vide,0.0000,vide
87,3,4,vide,vide,vide,0.0000,vide
87,3,5,vide,vide,vide,0.0000,vide
87,3,6,vide,vide,vide,0.0000,vide
87,3,7,vide,vide,vide,0.0000,vide
87,3,8,vide,vide,vide,0.0000,vide
87,3,9,vide,vide,vide,0.0000,vide
87,3,10,vide,vide,vide,0.0000,vide
87,3,11,vide,vide,vide,0.0000,vide
87,3,12,vide,vide,vide,0.0000,vide
87,3,13,vide,vide,vide,0.0000,vide
87,3,14,vide,vide,vide,0.0000,vide
87,3,15,vide,vide,vide,0.0000,vide
87,3,16,vide,vide,vide,0.0000,vide
87,3,17,vide,vide,vide,0.0000,vide
87,3,18,vide,vide,vide,0.0000,vide
87,3,19,vide,vide,vide,0.0000,vide
87,3,20,vide,vide,vide,0.0000,vide
87,3,21,vide,vide,vide,0.0000,vide
87,3,22,vide,vide,vide,0.0000,vide
87,3,23,vide,vide,vide,0.0000,vide
87,3,24,vide,vide,vide,0.0000,vide
88,1,1,vide,vide,vide,,non lu
88,1,2,vide,vide,vide,,non lu
88,1,3,vide,vide,vide,,non lu
88,1,4,vide,vide,vide,,non lu
88,1,5,vide,vide,vide,,non lu
88,1,6,vide,vide,vide,,non lu
88,1,7,vide,vide,vide,,non lu
88,1,8,vide,vide,vide,,non lu
88,1,9,vide,vide,vide,,non lu
88,1,10,vide,vide,vide,,non lu
88,1,11,vide,vide,vide,,non lu
88,1,12,vide,vide,vide,,non lu
88,1,13,vide,vide,vide,,non lu
88,1,14,vide,vide,vide,,non lu
88,1,15,vide,vide,vide,,non lu
88,1,16,vide,vide,vide,,non lu
88,1,17,vide,vide,vide,,non lu
88,1,18,vide,vide,vide,,non lu
88,1,19,vide,vide,vide,,non lu
88,1,20,vide,vide,vide,,non lu
88,1,21,vide,vide,vide,,non lu
88,1,22,vide,vide,vide,,non lu
88,1,23,vide,vide,vide,,non lu
88,1,24,vide,vide,vide,,non lu
88,1,25,vide,vide,vide,,non lu
88,1,26,vide,vide,vide,,non lu
88,1,27,vide,vide,vide,,non lu
88,1,28,vide,vide,vide,,non lu
88,1,29,vide,vide,vide,,non lu
88,1,30,vide,X,vide,,non lu
88,1,31,vide,vide,vide,,non lu
88,2,1,vide,vide,vide,,non lu
88,2,2,vide,vide,vide,,non lu
88,2,3,vide,vide,vide,,non lu
88,2,4,vide,vide,vide,,non lu
88,2,5,vide,vide,vide,,non lu
88,2,6,vide,vide,vide,,non lu
88,2,7,vide,vide,vide,,non lu
88,2,8,vide,vide,vide,,non lu
88,2,9,vide,vide,vide,,non lu
88,2,10,vide,vide,vide,,non lu
88,2,11,vide,vide,vide,,non lu
88,2,12,vide,vide,vide,,non lu
88,2,13,vide,vide,vide,,non lu
88,2,14,vide,vide,vide,,non lu
88,2,15,vide,vide,vide,,non lu
88,2,16,vide,vide,vide,,non lu
88,2,17,vide,vide,vide,,non lu
88,2,18,vide,vide,vide,,non lu
88,2,19,vide,vide,vide,,non lu
88,2,20,vide,vide,vide,,non lu
88,2,21,vide,vide,vide,,non lu
88,2,22,vide,vide,vide,,non lu
88,2,23,vide,vide,vide,,non lu
88,2,24,vide,vide,vide,,non lu
88,2,25,vide,vide,vide,,non lu
88,2,26,vide,vide,vide,,non lu
88,2,27,vide,vide,vide,,non lu
88,2,28,vide,vide,vide,,non lu
88,3,1,vide,vide,vide,,non lu
88,3,2,vide,vide,vide,,non lu
88,3,3,vide,vide,vide,,non lu
88,3,4,vide,vide,vide,,non lu
88,3,5,vide,vide,vide,,non lu
88,3,6,vide,vide,vide,,non lu
88,3,7,vide,vide,vide,,non lu
88,3,8,vide,vide,vide,,non lu
88,3,9,vide,vide,vide,,non lu
88,3,10,vide,vide,vide,,non lu
88,3,11,vide,vide,vide,,non lu
88,3,12,vide,vide,vide,,non lu
88,3,13,vide,vide,vide,,non lu
88,3,14,vide,vide,vide,,non lu
88,3,15,vide,vide,vide,,non lu
88,3,16,vide,vide,vide,,non lu
88,3,17,vide,vide,vide,,non lu
88,3,18,vide,vide,vide,,non lu
88,3,19,vide,vide,vide,,non lu
88,3,20,vide,vide,vide,,non lu
88,3,21,vide,vide,vide,,non lu
88,3,22,vide,vide,vide,,non lu
88,3,23,vide,vide,vide,,non lu
88,3,24,vide,vide,vide,,non lu
88,3,25,vide,vide,vide,,non lu
88,3,26,vide,vide,vide,,non lu
88,3,27,vide,vide,vide,,non lu
88,3,28,vide,vide,vide,,non lu
88,3,29,vide,vide,vide,,non lu
88,3,30,vide,vide,vide,,non lu
88,3,31,vide,vide,vide,,non lu
88,4,1,vide,vide,vide,,non lu
88,4,2,vide,vide,vide,,non lu
88,4,3,vide,vide,vide,,non lu
88,4,4,vide,vide,vide,,non lu
88,4,5,vide,vide,vide,,non lu
88,4,6,vide,vide,vide,,non lu
88,4,7,vide,vide,vide,,non lu
88,4,8,vide,vide,vide,,non lu
88,4,9,vide,vide,vide,,non lu
88,4,10,vide,vide,vide,,non lu
88,4,11,vide,vide,vide,,non lu
88,4,12,vide,vide,vide,,non lu
88,4,13,vide,vide,vide,,non lu
88,4,14,vide,vide,vide,,non lu
88,4,15,vide,vide,vide,,non lu
88,4,16,vide,vide,vide,,non lu
88,4,17,vide,vide,vide,,non lu
88,4,18,vide,vide,vide,,non lu
88,4,19,vide,vide,vide,,non lu
88,4,20,vide,vide,vide,,non lu
88,4,21,vide,vide,vide,,non lu
88,4,22,vide,vide,vide,,non lu
88,4,23,vide,vide,vide,,non lu
88,4,24,vide,vide,vide,,non lu
88,4,25,vide,vide,vide,,non lu
88,4,26,vide,vide,vide,,non lu
88,4,27,vide,vide,vide,,non lu
88,4,28,vide,vide,vide,,non lu
88,4,29,vide,vide,vide,,non lu
88,4,30,vide,vide,vide,,non lu
90,1,1,vide,vide,vide,0.0000,vide
90,1,2,vide,vide,vide,0.0000,vide
90,1,3,vide,vide,vide,0.0000,vide
90,1,4,vide,vide,vide,0.0005,vide
90,1,5,vide,vide,vide,0.0031,vide
90,1,6,vide,vide,vide,0.0018,vide
90,1,7,vide,vide,vide,0.0000,vide
90,1,8,vide,vide,vide,0.0000,vide
90,1,9,vide,vide,vide,0.0000,vide
90,1,10,vide,vide,vide,0.0000,vide
90,1,11,vide,vide,vide,0.0000,vide
90,1,12,vide,vide,vide,0.0008,vide
90,1,13,vide,vide,vide,0.0000,vide
90,1,14,vide,vide,vide,0.0000,vide
90,1,15,vide,vide,vide,0.0000,vide
90,1,16,vide,vide,vide,0.0000,vide
90,1,17,vide,vide,vide,0.0000,vide
90,1,18,vide,vide,vide,0.0000,vide
90,1,19,vide,vide,vide,0.0000,vide
90,1,20,vide,vide,vide,0.0000,vide
90,1,21,vide,?,vide,0.0012,vide
90,1,22,vide,vide,vide,0.0000,vide
90,1,23,vide,vide,vide,0.0000,vide
90,1,24,vide,vide,vide,0.0001,vide
90,1,25,vide,vide,vide,0.0003,vide
90,1,26,vide,vide,vide,0.0000,vide
90,1,27,vide,vide,vide,0.0000,vide
90,1,28,vide,vide,vide,0.0000,vide
90,1,29,vide,vide,vide,0.0001,vide
90,1,30,vide,vide,vide,0.0014,vide
90,1,31,vide,vide,vide,0.0040,vide
90,2,1,vide,vide,vide,0.0011,vide
90,2,2,vide,vide,vide,0.0000,vide
90,2,3,vide,vide,vide,0.0022,vide
90,2,4,vide,vide,vide,0.0005,vide
90,2,5,vide,vide,vide,0.0005,vide
90,2,6,vide,vide,vide,0.0002,vide
90,2,7,vide,vide,vide,0.0000,vide
90,2,8,vide,vide,vide,0.0000,vide
90,2,9,vide,vide,vide,0.0002,vide
90,2,10,vide,vide,vide,0.0013,vide
90,2,11,vide,vide,vide,0.0013,vide
90,2,12,vide,vide,vide,0.0021,vide
90,2,13,vide,vide,vide,0.0005,vide
90,2,14,vide,vide,vide,0.0000,vide
90,2,15,vide,vide,vide,0.0007,vide
90,2,16,vide,vide,vide,0.0003,vide
90,2,17,vide,vide,vide,0.0030,vide
90,2,18,vide,vide,vide,0.0016,vide
90,2,19,vide,vide,vide,0.0009,vide
90,2,20,vide,vide,vide,0.0005,vide
90,2,21,vide,vide,vide,0.0002,vide
90,2,22,vide,vide,vide,0.0007,vide
90,2,23,vide,vide,vide,0.0002,vide
90,2,24,vide,vide,vide,0.0015,vide
90,2,25,vide,vide,vide,0.0013,vide
90,2,26,vide,vide,vide,0.0014,vide
90,2,27,vide,vide,vide,0.0014,vide
90,2,28,vide,vide,vide,0.0000,vide
90,3,1,vide,vide,vide,0.0000,vide
90,3,2,vide,vide,vide,0.0000,vide
90,3,3,vide,vide,vide,0.0000,vide
90,3,4,vide,vide,vide,0.0000,vide
90,3,5,vide,vide,vide,0.0001,vide
90,3,6,vide,vide,vide,0.0011,vide
90,3,7,vide,vide,vide,0.0003,vide
90,3,8,vide,vide,vide,0.0014,vide
90,3,9,vide,vide,vide,0.0002,vide
90,3,10,vide,vide,vide,0.0002,vide
90,3,11,vide,vide,vide,0.0004,vide
90,3,12,vide,vide,vide,0.0006,vide
90,3,13,vide,vide,vide,0.0006,vide
90,3,14,vide,vide,vide,0.0001,vide
90,3,15,vide,vide,vide,0.0007,vide
90,3,16,vide,vide,vide,0.0003,vide
90,3,17,vide,vide,vide,0.0010,vide
90,3,18,vide,vide,vide,0.0005,vide
90,3,19,vide,vide,vide,0.0001,vide
90,3,20,vide,vide,vide,0.0004,vide
91,1,1,vide,vide,vide,,non lu
91,1,2,vide,vide,vide,,non lu
91,1,3,vide,vide,vide,,non lu
91,1,4,vide,vide,vide,,non lu
91,1,5,vide,vide,vide,,non lu
91,1,6,vide,vide,vide,,non lu
91,1,7,vide,vide,vide,,non lu
91,1,8,vide,vide,vide,,non lu
91,1,9,vide,vide,vide,,non lu
91,1,10,vide,vide,vide,,non lu
91,1,11,vide,vide,vide,,non lu
91,1,12,vide,vide,vide,,non lu
91,1,13,vide,vide,vide,,non lu
91,1,14,vide,vide,X,,non lu
91,1,15,vide,vide,X,,non lu
91,1,16,vide,vide,X,,non lu
91,1,17,vide,vide,X,,non lu
91,1,18,vide,vide,X,,non lu
91,1,19,vide,vide,vide,,non lu
91,1,20,vide,vide,vide,,non lu
91,1,21,vide,vide,vide,,non lu
91,1,22,vide,vide,vide,,non lu
91,1,23,vide,vide,vide,,non lu
91,1,24,vide,vide,vide,,non lu
91,1,25,vide,vide,vide,,non lu
91,1,26,vide,vide,vide,,non lu
91,1,27,vide,vide,vide,,non lu
91,1,28,vide,vide,vide,,non lu
91,1,29,vide,vide,vide,,non lu
91,1,30,vide,vide,vide,,non lu
91,1,31,vide,vide,vide,,non lu
91,2,1,vide,vide,vide,,non lu
91,2,2,vide,vide,vide,,non lu
91,2,3,vide,vide,vide,,non lu
91,2,4,vide,vide,vide,,non lu
91,2,5,vide,vide,vide,,non lu
91,2,6,vide,vide,vide,,non lu
91,2,7,vide,vide,vide,,non lu
91,2,8,vide,vide,vide,,non lu
91,2,9,vide,vide,vide,,non lu
91,2,10,vide,vide,vide,,non lu
91,2,11,vide,vide,vide,,non lu
91,2,12,vide,vide,vide,,non lu
91,2,13,vide,vide,vide,,non lu
94,1,1,vide,vide,vide,0.0000,vide
94,1,2,vide,vide,vide,0.0000,vide
94,1,3,vide,vide,vide,0.0000,vide
94,1,4,vide,vide,vide,0.0000,vide
94,1,5,vide,vide,vide,0.0000,vide
94,1,6,vide,vide,vide,0.0000,vide
94,1,7,vide,vide,vide,0.0000,vide
94,1,8,vide,vide,vide,0.0000,vide
94,1,9,vide,vide,vide,0.0000,vide
94,1,10,vide,vide,vide,0.0000,vide
94,1,11,vide,vide,vide,0.0000,vide
94,1,12,vide,vide,vide,0.0000,vide
94,1,13,vide,vide,vide,0.0000,vide
94,1,14,vide,vide,vide,0.0000,vide
94,1,15,vide,vide,vide,0.0000,vide
94,1,16,vide,vide,vide,0.0000,vide
94,1,17,vide,vide,vide,0.0000,vide
94,1,18,vide,vide,vide,0.0000,vide
94,1,19,vide,vide,vide,0.0000,vide
94,1,20,vide,vide,vide,0.0000,vide
94,1,21,vide,vide,vide,0.0000,vide
94,1,22,vide,vide,vide,0.0000,vide
94,1,23,vide,vide,vide,0.0000,vide
94,1,24,vide,vide,vide,0.0000,vide
94,1,25,vide,vide,vide,0.0000,vide
94,1,26,vide,vide,vide,0.0000,vide
94,1,27,vide,vide,vide,0.0000,vide
94,1,28,vide,vide,vide,0.0000,vide
94,1,29,vide,vide,vide,0.0000,vide
94,1,30,vide,vide,vide,0.0000,vide
94,1,31,vide,vide,vide,0.0000,vide
94,2,1,vide,vide,vide,0.0368,vide
94,2,2,vide,vide,vide,0.0000,vide
94,2,3,vide,vide,vide,0.0000,vide
94,2,4,vide,vide,vide,0.0000,vide
94,2,5,vide,vide,vide,0.0000,vide
94,2,6,vide,vide,vide,0.0000,vide
94,2,7,vide,vide,vide,0.0000,vide
94,2,8,vide,vide,vide,0.0000,vide
94,2,9,vide,vide,vide,0.0000,vide
94,2,10,vide,vide,vide,0.0000,vide
94,2,11,vide,vide,vide,0.0000,vide
94,2,12,vide,vide,vide,0.0000,vide
94,2,13,vide,vide,vide,0.0000,vide
94,2,14,vide,vide,vide,0.0000,vide
94,2,15,vide,vide,vide,0.0000,vide
94,2,16,vide,vide,vide,0.0000,vide
94,2,17,vide,vide,vide,0.0000,vide
94,2,18,vide,vide,vide,0.0000,vide
94,2,19,vide,vide,vide,0.0000,vide
94,2,20,vide,vide,vide,0.0000,vide
94,2,21,vide,vide,vide,0.0000,vide
94,2,22,vide,vide,vide,0.0000,vide
94,2,23,vide,vide,vide,0.0000,vide
94,2,24,vide,vide,vide,0.0000,vide
94,2,25,vide,vide,vide,0.0000,vide
94,2,26,vide,vide,vide,0.0000,vide
94,2,27,vide,vide,vide,0.0000,vide
94,2,28,vide,vide,vide,0.0000,vide
94,3,1,vide,vide,vide,0.0514,vide
94,3,2,vide,vide,vide,0.0000,vide
94,3,3,vide,vide,vide,0.0000,vide
94,3,4,vide,vide,vide,0.0016,vide
94,3,5,vide,vide,vide,0.0000,vide
94,3,6,vide,vide,vide,0.0000,vide
94,3,7,vide,vide,vide,0.0000,vide
94,3,8,vide,vide,vide,0.0000,vide
94,3,9,vide,vide,vide,0.0000,vide
94,3,10,vide,vide,vide,0.0000,vide
94,3,11,vide,vide,vide,0.0000,vide
94,3,12,vide,vide,vide,0.0000,vide
94,3,13,vide,vide,vide,0.0000,vide
94,3,14,vide,vide,vide,0.0000,vide
94,3,15,vide,vide,vide,0.0000,vide
94,3,16,vide,vide,vide,0.0000,vide
94,3,17,vide,vide,vide,0.0000,vide
94,3,18,vide,vide,vide,0.0000,vide
94,3,19,vide,vide,vide,0.0000,vide
94,3,20,vide,vide,vide,0.0002,vide
94,3,21,vide,vide,vide,0.0000,vide
94,3,22,vide,vide,vide,0.0000,vide
94,3,23,vide,vide,vide,0.0000,vide
94,3,24,vide,vide,vide,0.0008,vide
94,3,25,vide,vide,vide,0.0002,vide
94,3,26,vide,vide,vide,0.0000,vide
94,3,27,vide,vide,vide,0.0000,vide
94,3,28,vide,vide,vide,0.0000,vide
94,3,29,vide,vide,vide,0.0000,vide
94,3,30,vide,vide,vide,0.0000,vide
94,3,31,vide,vide,vide,0.0021,vide
94,4,1,vide,vide,vide,0.0137,vide
94,4,2,vide,vide,vide,0.0000,vide
94,4,3,vide,vide,vide,0.0000,vide
94,4,4,vide,vide,vide,0.0000,vide
94,4,5,vide,vide,vide,0.0000,vide
94,4,6,vide,vide,vide,0.0000,vide
94,4,7,vide,vide,vide,0.0000,vide
94,4,8,vide,vide,vide,0.0000,vide
94,4,9,vide,vide,vide,0.0000,vide
94,4,10,vide,vide,vide,0.0000,vide
94,4,11,vide,vide,vide,0.0000,vide
94,4,12,vide,vide,vide,0.0000,vide
94,4,13,vide,vide,vide,0.0000,vide
94,4,14,vide,vide,vide,0.0000,vide
94,4,15,vide,vide,vide,0.0000,vide
94,4,16,vide,vide,vide,0.0000,vide
94,4,17,vide,vide,vide,0.0000,vide
94,4,18,vide,vide,vide,0.0000,vide
94,4,19,vide,vide,vide,0.0000,vide
94,4,20,vide,vide,vide,0.0000,vide
94,4,21,vide,vide,vide,0.0001,vide
94,4,22,vide,vide,vide,0.0000,vide
94,4,23,vide,vide,vide,0.0000,vide
94,4,24,vide,vide,vide,0.0000,vide
94,4,25,vide,vide,vide,0.0000,vide
94,4,26,vide,vide,vide,0.0002,vide
94,4,27,vide,vide,vide,0.0000,vide
94,4,28,vide,vide,vide,0.0039,vide
94,4,29,vide,vide,vide,0.0023,vide
94,4,30,vide,vide,vide,0.0000,vide
94,5,1,vide,vide,vide,0.0149,vide
94,5,2,vide,vide,vide,0.0000,vide
94,5,3,vide,vide,vide,0.0000,vide
94,5,4,vide,vide,vide,0.0000,vide
94,5,5,vide,vide,vide,0.0000,vide
94,5,6,vide,vide,vide,0.0000,vide
94,5,7,vide,vide,vide,0.0000,vide
94,5,8,vide,vide,vide,0.0000,vide
94,5,9,vide,vide,vide,0.0000,vide
94,5,10,vide,vide,vide,0.0000,vide
94,5,11,vide,vide,vide,0.0000,vide
94,5,12,vide,vide,vide,0.0000,vide
94,5,13,vide,vide,vide,0.0000,vide
94,5,14,vide,vide,vide,0.0000,vide
94,5,15,vide,vide,vide,0.0000,vide
94,5,16,vide,vide,vide,0.0000,vide
94,5,17,vide,vide,vide,0.0000,vide
94,5,18,vide,vide,vide,0.0000,vide
94,5,19,vide,vide,vide,0.0001,vide
94,5,20,vide,vide,vide,0.0005,vide
94,5,21,vide,vide,vide,0.0000,vide
94,5,22,vide,vide,vide,0.0000,vide
94,5,23,vide,vide,vide,0.0000,vide
94,5,24,vide,vide,vide,0.0001,vide
94,5,25,vide,vide,vide,0.0000,vide
94,5,26,vide,vide,vide,0.0003,vide
94,5,27,vide,vide,vide,0.0000,vide
94,5,28,vide,vide,vide,0.0000,vide
94,5,29,vide,vide,vide,0.0000,vide
94,5,30,vide,vide,vide,0.0000,vide
94,5,31,vide,vide,vide,0.0021,vide
94,6,1,vide,vide,vide,0.0117,vide
94,6,2,vide,vide,vide,0.0000,vide
94,6,3,vide,vide,vide,0.0000,vide
94,6,4,vide,vide,vide,0.0000,vide
94,6,5,vide,vide,vide,0.0008,vide
94,6,6,vide,vide,vide,0.0000,vide
94,6,7,vide,vide,vide,0.0000,vide
94,6,8,vide,vide,vide,0.0000,vide
94,6,9,vide,vide,vide,0.0015,vide
94,6,10,vide,vide,vide,0.0002,vide
94,6,11,vide,vide,vide,0.0000,vide
94,6,12,vide,vide,vide,0.0000,vide
94,6,13,vide,vide,vide,0.0000,vide
94,6,14,vide,vide,vide,0.0000,vide
94,6,15,vide,vide,vide,0.0000,vide
94,6,16,vide,vide,vide,0.0000,vide
94,6,17,vide,vide,vide,0.0000,vide
94,6,18,vide,vide,vide,0.0000,vide
94,6,19,vide,vide,vide,0.0002,vide
94,6,20,vide,vide,vide,0.0000,vide
94,6,21,vide,vide,vide,0.0000,vide
94,6,22,vide,vide,vide,0.0000,vide
94,6,23,vide,vide,vide,0.0017,vide
94,6,24,vide,vide,vide,0.0003,vide
94,6,25,vide,vide,vide,0.0000,vide
94,6,26,vide,vide,vide,0.0003,vide
94,6,27,vide,vide,vide,0.0000,vide
94,6,28,vide,vide,vide,0.0002,vide
94,6,29,vide,vide,vide,0.0000,vide
94,6,30,vide,vide,vide,0.0043,vide
94,7,1,vide,vide,vide,0.0007,vide
94,7,2,vide,vide,vide,0.0000,vide
94,7,3,vide,vide,vide,0.0000,vide
94,7,4,vide,vide,vide,0.0000,vide
94,7,5,vide,vide,vide,0.0000,vide
94,7,6,vide,vide,vide,0.0000,vide
94,7,7,vide,vide,vide,0.0000,vide
94,7,8,vide,vide,vide,0.0000,vide
94,7,9,vide,vide,vide,0.0000,vide
94,7,10,vide,vide,vide,0.0000,vide
94,7,11,vide,vide,vide,0.0000,vide
94,7,12,vide,vide,vide,0.0000,vide
94,7,13,vide,vide,vide,0.0000,vide
94,7,14,vide,vide,vide,0.0000,vide
94,7,15,vide,vide,vide,0.0000,vide
94,7,16,vide,vide,vide,0.0000,vide
94,7,17,vide,vide,vide,0.0000,vide
94,7,18,vide,vide,vide,0.0000,vide
94,7,19,vide,vide,vide,0.0000,vide
94,7,20,vide,vide,vide,0.0000,vide
94,7,21,vide,vide,vide,0.0000,vide
94,7,22,vide,vide,vide,0.0000,vide
94,7,23,vide,vide,vide,0.0000,vide
94,7,24,vide,vide,vide,0.0000,vide
94,7,25,vide,vide,vide,0.0001,vide
94,7,26,vide,vide,vide,0.0001,vide
94,7,27,vide,vide,vide,0.0000,vide
94,7,28,X,X,vide,0.0744,vide
94,7,29,X,X,vide,0.1068,vide
95,1,1,vide,vide,vide,0.0715,vide
95,1,2,vide,?,vide,0.0000,vide
95,1,3,vide,vide,vide,0.0000,vide
95,1,4,vide,vide,vide,0.0000,vide
95,1,5,vide,vide,vide,0.0000,vide
95,1,6,vide,vide,vide,0.0000,vide
95,1,7,vide,vide,vide,0.0000,vide
95,1,8,vide,vide,vide,0.0000,vide
95,1,9,vide,vide,vide,0.0868,vide
95,1,10,vide,vide,vide,0.1196,vide
95,1,11,vide,vide,vide,0.0757,vide
95,1,12,vide,vide,vide,0.0757,vide
95,1,13,vide,vide,vide,0.0895,vide
95,1,14,vide,vide,vide,0.0402,vide
95,1,15,vide,vide,vide,0.0051,vide
95,1,16,vide,vide,vide,0.0039,vide
95,1,17,vide,vide,vide,0.0000,vide
95,1,18,vide,vide,vide,0.0000,vide
95,1,19,vide,vide,vide,0.0000,vide
95,1,20,vide,vide,vide,0.0000,vide
95,1,21,vide,vide,vide,0.0000,vide
95,1,22,vide,vide,vide,0.0032,vide
95,1,23,vide,vide,vide,0.0019,vide
95,1,24,vide,vide,vide,0.0015,vide
95,1,25,vide,vide,vide,0.0025,vide
95,1,26,vide,vide,vide,0.0062,vide
95,1,27,vide,vide,vide,0.0055,vide
95,1,28,vide,vide,vide,0.0070,vide
95,1,29,vide,vide,vide,0.0068,vide
95,1,30,vide,vide,vide,0.0006,vide
95,1,31,vide,vide,vide,0.0007,vide
95,2,1,vide,vide,vide,0.0881,vide
95,2,2,vide,vide,vide,0.0731,vide
95,2,3,vide,vide,vide,0.1101,vide
95,2,4,vide,vide,vide,0.0760,vide
95,2,5,vide,vide,vide,0.0231,vide
95,2,6,vide,vide,vide,0.0165,vide
95,2,7,vide,?,vide,0.0199,vide
95,2,8,vide,vide,vide,0.0032,vide
95,2,9,vide,vide,vide,0.0068,vide
95,2,10,vide,vide,vide,0.0092,vide
95,2,11,vide,vide,vide,0.0113,vide
95,2,12,vide,vide,vide,0.0144,vide
95,2,13,vide,vide,vide,0.0095,vide
95,2,14,vide,vide,vide,0.0050,vide
95,2,15,vide,vide,vide,0.0126,vide
95,2,16,vide,vide,vide,0.0160,vide
95,2,17,vide,vide,vide,0.0131,vide
95,2,18,vide,vide,vide,0.0134,vide
95,2,19,vide,vide,vide,0.0136,vide
95,2,20,vide,vide,vide,0.0079,vide
95,2,21,vide,vide,vide,0.0043,vide
95,2,22,vide,vide,vide,0.0106,vide
95,2,23,vide,vide,vide,0.0095,vide
95,2,24,vide,vide,vide,0.0073,vide
95,2,25,vide,vide,vide,0.0097,vide
95,2,26,vide,vide,vide,0.0621,vide
95,2,27,vide,vide,vide,0.0086,vide
95,2,28,vide,?,vide,0.0150,vide
95,2,29,vide,vide,vide,0.0093,vide
95,3,1,vide,vide,vide,0.0525,vide
95,3,2,vide,vide,?,0.0101,vide
95,3,3,vide,vide,vide,0.0401,vide
95,3,4,vide,vide,vide,0.0004,vide
95,3,5,vide,vide,?,0.0795,vide
95,3,6,vide,vide,vide,0.0090,vide
95,3,7,vide,vide,vide,0.0096,vide
95,3,8,vide,vide,vide,0.0164,vide
95,3,9,vide,vide,vide,0.0133,vide
95,3,10,vide,vide,vide,0.0112,vide
95,3,11,vide,vide,vide,0.0133,vide
95,3,12,vide,vide,vide,0.0113,vide
95,3,13,vide,vide,vide,0.0072,vide
95,3,14,vide,vide,vide,0.0083,vide
95,3,15,vide,vide,vide,0.0132,vide
95,3,16,vide,vide,vide,0.0122,vide
95,3,17,vide,vide,vide,0.0135,vide
95,3,18,vide,vide,vide,0.0159,vide
95,3,19,vide,vide,vide,0.0108,vide
95,3,20,vide,vide,vide,0.0095,vide
95,3,21,vide,vide,vide,0.0086,vide
95,3,22,vide,vide,vide,0.0096,vide
95,3,23,vide,vide,vide,0.0068,vide
95,3,24,vide,vide,vide,0.0089,vide
95,3,25,vide,vide,vide,0.0204,vide
95,3,26,vide,vide,vide,0.0057,vide
95,3,27,vide,vide,vide,0.0060,vide
95,3,28,vide,?,vide,0.0066,vide
95,3,29,vide,vide,vide,0.0179,vide
95,3,30,vide,vide,vide,0.0127,vide
95,3,31,vide,vide,vide,0.0274,vide
95,4,1,vide,vide,?,0.0275,vide
95,4,2,vide,vide,?,0.0599,vide
95,4,3,vide,vide,?,0.0679,vide
95,4,4,vide,vide,vide,0.0842,vide
95,4,5,vide,vide,vide,0.0385,vide
95,4,6,vide,vide,vide,0.0178,vide
95,4,7,vide,vide,vide,0.0192,vide
95,4,8,vide,vide,vide,0.0169,vide
95,4,9,vide,vide,vide,0.0109,vide
95,4,10,vide,vide,vide,0.0067,vide
95,4,11,vide,vide,vide,0.0103,vide
95,4,12,vide,vide,vide,0.0115,vide
95,4,13,vide,vide,vide,0.0120,vide
95,4,14,vide,vide,vide,0.0097,vide
95,4,15,vide,vide,vide,0.0169,vide
95,4,16,vide,vide,vide,0.0157,vide
95,4,17,vide,vide,vide,0.0111,vide
95,4,18,vide,vide,vide,0.0106,vide
95,4,19,vide,vide,vide,0.0138,vide
95,4,20,vide,vide,vide,0.0106,vide
95,4,21,vide,vide,vide,0.0098,vide
95,4,22,vide,vide,vide,0.0133,vide
95,4,23,vide,vide,vide,0.0052,vide
95,4,24,vide,vide,vide,0.0019,vide
95,4,25,vide,vide,vide,0.0068,vide
95,4,26,vide,vide,vide,0.0099,vide
95,4,27,vide,vide,vide,0.0064,vide
95,4,28,vide,vide,vide,0.0103,vide
95,4,29,vide,vide,vide,0.0186,vide
95,4,30,vide,vide,vide,0.0153,vide
95,5,1,vide,vide,vide,0.0916,vide
95,5,2,vide,vide,vide,0.0718,vide
95,5,3,vide,vide,vide,0.0169,vide
95,5,4,vide,vide,vide,0.0684,vide
95,5,5,vide,vide,vide,0.0082,vide
95,5,6,vide,vide,vide,0.0245,vide
95,5,7,vide,vide,vide,0.0166,vide
95,5,8,vide,vide,vide,0.0144,vide
95,5,9,vide,vide,vide,0.0100,vide
95,5,10,vide,vide,vide,0.0122,vide
95,5,11,vide,vide,vide,0.0106,vide
95,5,12,vide,vide,vide,0.0115,vide
95,5,13,vide,vide,vide,0.0161,vide
95,5,14,vide,vide,vide,0.0143,vide
95,5,15,vide,vide,vide,0.0106,vide
95,5,16,vide,vide,vide,0.0188,vide
95,5,17,vide,vide,vide,0.0163,vide
95,5,18,vide,vide,vide,0.0136,vide
95,5,19,vide,vide,vide,0.0127,vide
95,5,20,vide,vide,vide,0.0168,vide
95,5,21,vide,vide,vide,0.0112,vide
95,5,22,vide,vide,vide,0.0059,vide
95,5,23,vide,vide,vide,0.0094,vide
95,5,24,vide,vide,vide,0.0107,vide
95,5,25,vide,vide,vide,0.0058,vide
95,5,26,vide,vide,vide,0.0092,vide
95,5,27,vide,vide,vide,0.0109,vide
95,5,28,vide,vide,vide,0.0104,vide
95,5,29,vide,vide,vide,0.0156,vide
95,5,30,vide,vide,vide,0.0115,vide
95,5,31,vide,vide,vide,0.0131,vide
95,6,1,vide,vide,vide,0.0475,vide
95,6,2,vide,vide,vide,0.0203,vide
95,6,3,vide,vide,vide,0.0385,vide
95,6,4,vide,vide,vide,0.0471,vide
95,6,5,vide,vide,vide,0.0166,vide
95,6,6,vide,vide,vide,0.0104,vide
95,6,7,vide,vide,vide,0.0173,vide
95,6,8,vide,vide,vide,0.0129,vide
95,6,9,vide,vide,vide,0.0087,vide
95,6,10,vide,?,vide,0.0125,vide
95,6,11,vide,vide,vide,0.0088,vide
95,6,12,vide,vide,vide,0.0070,vide
95,6,13,vide,vide,vide,0.0143,vide
95,6,14,vide,vide,vide,0.0378,vide
95,6,15,vide,vide,vide,0.0455,vide
95,6,16,vide,vide,vide,0.0177,vide
95,6,17,vide,vide,vide,0.0316,vide
95,6,18,vide,vide,vide,0.0195,vide
95,6,19,vide,vide,vide,0.0116,vide
95,6,20,vide,vide,vide,0.0111,vide
95,6,21,vide,vide,vide,0.0127,vide
95,6,22,vide,vide,vide,0.0100,vide
95,6,23,vide,vide,vide,0.0085,vide
95,6,24,vide,vide,vide,0.0117,vide
95,6,25,vide,vide,vide,0.0051,vide
95,6,26,vide,vide,vide,0.0058,vide
95,6,27,vide,vide,vide,0.0111,vide
95,6,28,vide,vide,vide,0.0156,vide
95,6,29,vide,vide,vide,0.0211,vide
95,6,30,vide,?,vide,0.0164,vide
95,7,1,vide,vide,vide,0.0280,vide
95,7,2,vide,vide,vide,0.0063,vide
95,7,3,vide,vide,vide,0.0047,vide
95,7,4,vide,vide,vide,0.0073,vide
95,7,5,vide,vide,vide,0.0121,vide
95,7,6,vide,vide,vide,0.0189,vide
95,7,7,vide,vide,vide,0.0002,vide
95,7,8,vide,vide,vide,0.0575,vide
95,7,9,vide,vide,vide,0.0321,vide
95,7,10,vide,vide,vide,0.0581,vide
95,7,11,vide,vide,vide,0.0540,vide
95,7,12,vide,vide,vide,0.0347,vide
95,7,13,vide,vide,vide,0.1042,vide
95,7,14,vide,vide,vide,0.0361,vide
95,7,15,vide,vide,vide,0.0114,vide
95,7,16,vide,vide,vide,0.0060,vide
95,7,17,vide,vide,vide,0.0032,vide
95,7,18,vide,vide,vide,0.0025,vide
95,7,19,vide,vide,vide,0.0051,vide
95,7,20,vide,vide,vide,0.0038,vide
95,7,21,vide,vide,vide,0.0060,vide
95,7,22,vide,vide,vide,0.0056,vide
95,7,23,vide,vide,vide,0.0026,vide
95,7,24,vide,vide,vide,0.0022,vide
95,7,25,vide,vide,vide,0.0028,vide
95,7,26,vide,vide,vide,0.0079,vide
95,7,27,vide,vide,vide,0.0036,vide
95,7,28,vide,vide,vide,0.0098,vide
95,7,29,vide,vide,vide,0.0115,vide
95,7,30,vide,vide,vide,0.0099,vide
95,7,31,vide,vide,vide,0.0123,vide
95,8,1,vide,vide,vide,0.0504,vide
95,8,2,vide,vide,vide,0.0146,vide
95,8,3,vide,vide,vide,0.0144,vide
95,8,4,vide,vide,vide,0.0170,vide
95,8,5,vide,vide,vide,0.0161,vide
95,8,6,vide,vide,vide,0.0271,vide
95,8,7,vide,vide,vide,0.0759,vide
95,8,8,vide,vide,vide,0.1082,vide
95,8,9,vide,vide,vide,0.0710,vide
95,8,10,vide,vide,vide,0.0932,vide
95,8,11,vide,vide,vide,0.0273,vide
95,8,12,vide,vide,vide,0.0841,vide
95,8,13,vide,vide,vide,0.0010,vide
95,8,14,vide,vide,vide,0.0494,vide
95,8,15,vide,vide,vide,0.0149,vide
95,8,16,vide,vide,vide,0.0205,vide
95,8,17,vide,vide,vide,0.0197,vide
95,8,18,vide,vide,vide,0.0221,vide
95,8,19,vide,vide,vide,0.0176,vide
95,8,20,vide,vide,vide,0.0120,vide
95,8,21,vide,vide,vide,0.0073,vide
95,8,22,vide,vide,vide,0.0071,vide
95,8,23,vide,vide,vide,0.0130,vide
95,8,24,vide,vide,vide,0.0065,vide
95,8,25,vide,vide,vide,0.0112,vide
95,8,26,vide,vide,vide,0.0176,vide
95,8,27,vide,vide,vide,0.0096,vide
95,8,28,vide,vide,vide,0.0258,vide
95,8,29,vide,vide,vide,0.0754,vide
95,8,30,vide,vide,vide,0.0355,vide
95,8,31,vide,vide,vide,0.0386,vide
95,9,1,vide,vide,vide,0.0255,vide
95,9,2,vide,vide,vide,0.0268,vide
95,9,3,vide,vide,vide,0.0470,vide
95,9,4,vide,vide,vide,0.1173,vide
95,9,5,vide,vide,vide,0.0762,vide
95,9,6,vide,vide,vide,0.0679,vide
95,9,7,vide,vide,vide,0.0683,vide
95,9,8,vide,vide,vide,0.0596,vide
95,9,9,vide,vide,vide,0.0733,vide
95,9,10,vide,vide,vide,0.0397,vide
95,9,11,vide,vide,vide,0.0170,vide
95,9,12,vide,vide,vide,0.0236,vide
95,9,13,vide,vide,vide,0.0172,vide
95,9,14,vide,vide,vide,0.0152,vide
95,9,15,vide,vide,vide,0.0138,vide
95,9,16,vide,vide,vide,0.0124,vide
95,9,17,vide,vide,vide,0.0111,vide
95,9,18,vide,vide,vide,0.0072,vide
95,9,19,vide,vide,vide,0.0093,vide
95,9,20,vide,vide,vide,0.0134,vide
95,9,21,vide,vide,vide,0.0094,vide
95,9,22,vide,vide,vide,0.0116,vide
95,9,23,vide,?,vide,0.0365,vide
95,9,24,vide,vide,vide,0.0103,vide
95,9,25,vide,vide,vide,0.0084,vide
95,9,26,vide,vide,vide,0.0092,vide
95,9,27,vide,?,vide,0.0514,vide
95,9,28,vide,vide,vide,0.0732,vide
95,9,29,vide,vide,vide,0.0722,vide
95,9,30,vide,vide,vide,0.0161,vide
95,10,1,vide,vide,vide,0.0283,vide
95,10,2,vide,vide,vide,0.1366,X
95,10,3,vide,vide,vide,0.0214,vide
95,10,4,vide,vide,vide,0.0735,vide
95,10,5,vide,vide,vide,0.0689,vide
95,10,6,vide,vide,vide,0.0580,vide
95,10,7,vide,vide,vide,0.0632,vide
95,10,8,vide,vide,vide,0.0091,vide
95,10,9,vide,vide,vide,0.0149,vide
95,10,10,vide,vide,vide,0.0121,vide
95,10,11,vide,vide,vide,0.0141,vide
95,10,12,vide,vide,vide,0.0102,vide
95,10,13,vide,vide,vide,0.0119,vide
95,10,14,vide,vide,vide,0.0104,vide
95,10,15,vide,vide,vide,0.0074,vide
95,10,16,vide,vide,vide,0.0075,vide
95,10,17,vide,vide,vide,0.0117,vide
95,10,18,vide,vide,vide,0.0118,vide
95,10,19,vide,vide,vide,0.0160,vide
95,10,20,vide,vide,vide,0.0156,vide
95,10,21,vide,vide,vide,0.0125,vide
95,10,22,vide,?,vide,0.0212,vide
95,10,23,vide,?,vide,0.0154,vide
95,10,24,vide,?,vide,0.0131,vide
95,10,25,vide,vide,vide,0.0116,vide
95,10,26,vide,vide,vide,0.0096,vide
95,10,27,vide,vide,vide,0.0092,vide
95,10,28,vide,vide,vide,0.0098,vide
95,10,29,vide,vide,vide,0.0078,vide
95,10,30,vide,vide,vide,0.0089,vide
95,10,31,vide,vide,vide,0.0247,vide
95,11,1,vide,vide,vide,0.0372,vide
95,11,2,vide,vide,vide,0.0244,vide
95,11,3,vide,vide,vide,0.0705,vide
95,11,4,vide,vide,vide,0.0000,vide
95,11,5,vide,vide,vide,0.0000,vide
95,11,6,vide,vide,vide,0.0071,vide
95,11,7,vide,vide,vide,0.0197,vide
95,11,8,vide,vide,vide,0.0222,vide
95,11,9,vide,vide,vide,0.0191,vide
95,11,10,vide,vide,vide,0.0178,vide
95,11,11,vide,vide,vide,0.0203,vide
95,11,12,vide,vide,vide,0.0089,vide
95,11,13,vide,vide,vide,0.0054,vide
95,11,14,vide,vide,vide,0.0040,vide
95,11,15,vide,vide,vide,0.0100,vide
95,11,16,vide,vide,vide,0.0090,vide
95,11,17,vide,?,vide,0.0166,vide
95,11,18,vide,vide,vide,0.0121,vide
95,11,19,vide,vide,vide,0.0071,vide
95,11,20,vide,vide,vide,0.0096,vide
95,11,21,vide,vide,vide,0.0075,vide
95,11,22,vide,vide,vide,0.0107,vide
95,11,23,vide,?,vide,0.0087,vide
95,11,24,vide,vide,vide,0.0214,vide
95,11,25,vide,vide,vide,0.0156,vide
95,11,26,vide,vide,vide,0.0055,vide
95,11,27,vide,vide,vide,0.0034,vide
95,11,28,vide,vide,vide,0.0103,vide
95,11,29,vide,vide,vide,0.0169,vide
95,11,30,vide,vide,vide,0.0169,vide
95,12,1,vide,vide,vide,0.0317,vide
95,12,2,vide,vide,vide,0.0177,vide
95,12,3,vide,vide,vide,0.0067,vide
95,12,4,vide,vide,vide,0.0000,vide
95,12,5,vide,vide,vide,0.0253,vide
95,12,6,vide,vide,vide,0.0826,vide
95,12,7,vide,vide,vide,0.0425,vide
95,12,8,vide,vide,vide,0.0061,vide
95,12,9,vide,vide,vide,0.0143,vide
95,12,10,vide,vide,vide,0.0182,vide
95,12,11,vide,vide,vide,0.0191,vide
95,12,12,vide,vide,vide,0.0118,vide
95,12,13,vide,vide,vide,0.0115,vide
95,12,14,vide,vide,vide,0.0099,vide
95,12,15,vide,vide,vide,0.0125,vide
95,12,16,vide,vide,vide,0.0111,vide
95,12,17,vide,vide,vide,0.0074,vide
95,12,18,vide,vide,vide,0.0059,vide
95,12,19,vide,vide,vide,0.0077,vide
95,12,20,vide,vide,vide,0.0114,vide
95,12,21,vide,vide,vide,0.0077,vide
95,12,22,vide,vide,vide,0.0109,vide
95,12,23,vide,vide,vide,0.0136,vide
95,12,24,vide,vide,vide,0.0058,vide
95,12,25,vide,vide,vide,0.0052,vide
95,12,26,vide,?,vide,0.0158,vide
95,12,27,vide,vide,vide,0.0123,vide
95,12,28,vide,vide,vide,0.0061,vide
95,12,29,vide,vide,vide,0.0099,vide
95,12,30,vide,vide,vide,0.0114,vide
95,12,31,vide,vide,vide,0.0113,vide
96,1,1,vide,vide,vide,0.0000,vide
96,1,2,vide,vide,vide,0.0000,vide
96,1,3,vide,vide,vide,0.0000,vide
96,1,4,vide,vide,vide,0.0000,vide
96,1,5,vide,vide,vide,0.0000,vide
96,1,6,vide,vide,vide,0.0000,vide
96,1,7,vide,vide,vide,0.0000,vide
96,1,8,vide,vide,vide,0.0000,vide
96,1,9,vide,vide,vide,0.0000,vide
96,1,10,vide,vide,vide,0.0000,vide
96,1,11,vide,vide,vide,0.0000,vide
96,1,12,vide,vide,vide,0.0000,vide
96,1,13,vide,vide,vide,0.0000,vide
96,1,14,vide,X,vide,0.0000,vide
96,1,15,vide,X,vide,0.0000,vide
96,1,16,vide,vide,vide,0.0000,vide
96,1,17,vide,vide,vide,0.0000,vide
96,1,18,vide,vide,vide,0.0000,vide
96,1,19,vide,vide,vide,0.0000,vide
96,1,20,vide,vide,vide,0.0000,vide
96,1,21,vide,vide,vide,0.0000,vide
96,1,22,vide,vide,vide,0.0000,vide
96,1,23,vide,vide,vide,0.0000,vide
96,1,24,vide,vide,vide,0.0000,vide
96,1,25,vide,vide,vide,0.0000,vide
96,1,26,vide,vide,vide,0.0000,vide
96,1,27,vide,vide,vide,0.0000,vide
96,1,28,vide,vide,vide,0.0000,vide
96,1,29,vide,vide,vide,0.0000,vide
96,1,30,vide,vide,vide,0.0000,vide
96,1,31,vide,vide,vide,0.0000,vide
96,2,1,vide,vide,vide,0.0130,vide
96,2,2,vide,vide,vide,0.0128,vide
96,2,3,vide,vide,vide,0.0096,vide
96,2,4,vide,vide,vide,0.0094,vide
96,2,5,vide,vide,vide,0.0097,vide
96,2,6,vide,vide,vide,0.0094,vide
96,2,7,vide,vide,vide,0.0066,vide
96,2,8,vide,vide,vide,0.0058,vide
96,2,9,vide,vide,vide,0.0056,vide
96,2,10,vide,vide,vide,0.0031,vide
96,2,11,vide,vide,vide,0.0004,vide
96,2,12,vide,vide,vide,0.0008,vide
96,2,13,vide,vide,vide,0.0017,vide
96,2,14,X,vide,vide,0.0720,vide
96,2,15,X,vide,vide,0.0711,vide
96,2,16,vide,vide,vide,0.0032,vide
96,2,17,vide,vide,vide,0.0041,vide
96,2,18,vide,vide,vide,0.0005,vide
96,2,19,vide,vide,vide,0.0011,vide
96,2,20,vide,vide,vide,0.0005,vide
96,2,21,vide,vide,vide,0.0034,vide
96,2,22,vide,vide,vide,0.0014,vide
96,2,23,vide,vide,vide,0.0030,vide
96,2,24,vide,vide,vide,0.0031,vide
96,2,25,vide,vide,vide,0.0001,vide
96,2,26,vide,vide,vide,0.0010,vide
96,2,27,vide,vide,vide,0.0014,vide
96,2,28,vide,vide,vide,0.0026,vide
96,3,1,vide,vide,vide,0.0008,vide
96,3,2,vide,vide,vide,0.0005,vide
96,3,3,vide,vide,vide,0.0006,vide
96,3,4,vide,vide,vide,0.0000,vide
96,3,5,vide,vide,vide,0.0003,vide
96,3,6,vide,vide,vide,0.0000,vide
96,3,7,vide,vide,vide,0.0000,vide
96,3,8,vide,vide,vide,0.0001,vide
96,3,9,vide,vide,vide,0.0000,vide
96,3,10,vide,vide,vide,0.0000,vide
96,3,11,vide,vide,vide,0.0000,vide
96,3,12,vide,vide,vide,0.0000,vide
96,3,13,vide,vide,vide,0.0000,vide
96,3,14,vide,vide,vide,0.0000,vide
96,3,15,vide,vide,vide,0.0000,vide
96,3,16,vide,vide,vide,0.0000,vide
96,3,17,vide,vide,vide,0.0000,vide
96,3,18,vide,vide,vide,0.0000,vide
96,3,19,vide,vide,vide,0.0000,vide
96,3,20,vide,vide,vide,0.0000,vide
96,3,21,vide,vide,vide,0.0000,vide
96,3,22,vide,vide,vide,0.0000,vide
96,3,23,vide,vide,vide,0.0000,vide
96,3,24,vide,vide,vide,0.0000,vide
96,3,25,vide,vide,vide,0.0000,vide
96,3,26,vide,vide,vide,0.0000,vide
96,3,27,vide,vide,vide,0.0000,vide
96,3,28,vide,vide,vide,0.0000,vide
96,3,29,vide,vide,vide,0.0000,vide
96,3,30,vide,vide,vide,0.0000,vide
96,3,31,vide,vide,vide,0.0000,vide
96,4,1,vide,vide,vide,0.0072,vide
96,4,2,vide,vide,vide,0.0072,vide
96,4,3,vide,?,vide,0.0124,vide
96,4,4,vide,vide,vide,0.0059,vide
96,4,5,vide,vide,vide,0.0067,vide
96,4,6,vide,vide,vide,0.0019,vide
96,4,7,vide,vide,vide,0.0033,vide
96,4,8,vide,vide,vide,0.0017,vide
96,4,9,vide,vide,vide,0.0022,vide
96,4,10,vide,vide,vide,0.0015,vide
96,4,11,vide,vide,vide,0.0040,vide
96,4,12,vide,vide,vide,0.0025,vide
96,4,13,vide,vide,vide,0.0048,vide
96,4,14,vide,vide,vide,0.0055,vide
96,4,15,vide,vide,vide,0.0009,vide
96,4,16,vide,vide,vide,0.0009,vide
96,4,17,vide,vide,vide,0.0036,vide
96,4,18,vide,vide,vide,0.0052,vide
96,4,19,vide,vide,vide,0.0017,vide
96,4,20,vide,vide,vide,0.0039,vide
96,4,21,vide,vide,vide,0.0056,vide
96,4,22,vide,vide,vide,0.0014,vide
96,4,23,vide,vide,vide,0.0017,vide
96,4,24,vide,vide,vide,0.0011,vide
96,4,25,vide,vide,vide,0.0025,vide
96,4,26,vide,vide,vide,0.0013,vide
96,4,27,vide,vide,vide,0.0019,vide
96,4,28,vide,vide,vide,0.0020,vide
96,4,29,vide,vide,vide,0.0041,vide
96,4,30,vide,vide,vide,0.0041,vide
96,5,1,vide,vide,vide,0.0404,vide
96,5,2,vide,vide,vide,0.0516,vide
96,5,3,vide,vide,vide,0.0229,vide
96,5,4,vide,vide,vide,0.0111,vide
96,5,5,vide,vide,vide,0.0113,vide
96,5,6,vide,vide,vide,0.0105,vide
96,5,7,vide,vide,vide,0.0079,vide
96,5,8,vide,vide,vide,0.0031,vide
96,5,9,vide,vide,vide,0.0031,vide
96,5,10,vide,vide,vide,0.0011,vide
96,5,11,vide,vide,vide,0.0019,vide
96,5,12,vide,vide,vide,0.0050,vide
96,5,13,vide,vide,vide,0.0015,vide
96,5,14,vide,vide,vide,0.0030,vide
96,5,15,vide,vide,vide,0.0012,vide
96,5,16,vide,vide,vide,0.0034,vide
96,5,17,vide,vide,vide,0.0016,vide
96,5,18,vide,vide,vide,0.0040,vide
96,5,19,vide,vide,vide,0.0053,vide
96,5,20,vide,vide,vide,0.0202,vide
96,5,21,vide,vide,vide,0.0023,vide
96,5,22,vide,vide,vide,0.0015,vide
96,5,23,vide,vide,vide,0.0030,vide
96,5,24,vide,vide,vide,0.0016,vide
96,5,25,vide,vide,vide,0.0025,vide
96,5,26,vide,vide,vide,0.0026,vide
96,5,27,vide,vide,vide,0.0017,vide
96,5,28,vide,vide,vide,0.0004,vide
96,5,29,vide,vide,vide,0.0017,vide
96,5,30,vide,vide,vide,0.0010,vide
96,5,31,vide,vide,vide,0.0012,vide
96,6,1,vide,vide,vide,0.0134,vide
96,6,2,vide,vide,vide,0.0160,vide
96,6,3,vide,vide,vide,0.0105,vide
96,6,4,vide,vide,vide,0.0065,vide
96,6,5,vide,vide,vide,0.0061,vide
96,6,6,vide,vide,vide,0.0026,vide
96,6,7,vide,vide,vide,0.0148,vide
96,6,8,vide,vide,vide,0.0091,vide
96,6,9,vide,vide,vide,0.0250,vide
96,6,10,vide,vide,vide,0.0089,vide
96,6,11,vide,vide,vide,0.0196,vide
96,6,12,vide,vide,vide,0.0084,vide
96,6,13,vide,vide,vide,0.0129,vide
96,6,14,vide,vide,vide,0.0128,vide
96,6,15,vide,vide,vide,0.0048,vide
96,6,16,vide,vide,vide,0.0100,vide
96,6,17,vide,vide,vide,0.0005,vide
96,6,18,vide,vide,vide,0.0001,vide
96,6,19,vide,vide,vide,0.0038,vide
96,6,20,vide,vide,vide,0.0035,vide
96,6,21,vide,vide,vide,0.0014,vide
96,6,22,vide,vide,vide,0.0043,vide
96,6,23,vide,vide,vide,0.0035,vide
96,6,24,vide,vide,vide,0.0013,vide
96,6,25,vide,vide,vide,0.0018,vide
96,6,26,vide,vide,vide,0.0015,vide
96,6,27,vide,vide,vide,0.0019,vide
96,6,28,vide,vide,vide,0.0010,vide
96,6,29,vide,vide,vide,0.0013,vide
96,6,30,vide,vide,vide,0.0012,vide
96,7,1,vide,vide,vide,0.1007,vide
96,7,2,vide,vide,vide,0.1152,vide
96,7,3,vide,vide,vide,0.1141,vide
96,7,4,vide,vide,vide,0.1285,vide
96,7,5,vide,vide,vide,0.1246,vide
96,7,6,vide,vide,vide,0.1041,vide
96,7,7,vide,vide,vide,0.0927,vide
96,7,8,vide,vide,vide,0.1124,vide
96,7,9,vide,vide,vide,0.0954,vide
96,7,10,vide,vide,vide,0.0757,vide
96,7,11,vide,vide,vide,0.0503,vide
96,7,12,vide,vide,vide,0.0276,vide
96,7,13,vide,vide,vide,0.0163,vide
96,7,14,vide,vide,vide,0.0107,vide
96,7,15,vide,vide,vide,0.0011,vide
96,7,16,vide,vide,vide,0.0000,vide
96,7,17,vide,vide,vide,0.0012,vide
96,7,18,vide,vide,vide,0.0013,vide
96,7,19,vide,vide,vide,0.0001,vide
96,7,20,vide,vide,vide,0.0033,vide
96,7,21,vide,vide,vide,0.0000,vide
96,7,22,vide,vide,vide,0.0000,vide
96,7,23,vide,vide,vide,0.0016,vide
96,7,24,vide,vide,vide,0.0000,vide
96,7,25,vide,vide,vide,0.0000,vide
96,7,26,vide,vide,vide,0.0000,vide
96,7,27,vide,vide,vide,0.0000,vide
96,7,28,vide,vide,vide,0.0000,vide
96,7,29,vide,vide,vide,0.0000,vide
96,7,30,vide,vide,vide,0.0000,vide
96,7,31,vide,vide,vide,0.0091,vide
96,8,1,vide,vide,vide,0.0110,vide
96,8,2,vide,vide,vide,0.0146,vide
96,8,3,vide,vide,vide,0.0139,vide
96,8,4,vide,vide,vide,0.0118,vide
96,8,5,vide,vide,vide,0.0070,vide
96,8,6,vide,vide,vide,0.0036,vide
96,8,7,vide,vide,vide,0.0016,vide
96,8,8,vide,vide,vide,0.0034,vide
96,8,9,vide,vide,vide,0.0019,vide
96,8,10,vide,?,vide,0.0064,vide
96,8,11,vide,?,vide,0.0078,vide
96,8,12,vide,vide,vide,0.0014,vide
96,8,13,vide,vide,vide,0.0031,vide
96,8,14,vide,vide,vide,0.0027,vide
96,8,15,vide,?,vide,0.0142,vide
96,8,16,vide,vide,vide,0.0018,vide
96,8,17,vide,?,vide,0.0131,vide
96,8,18,vide,?,vide,0.0247,vide
96,8,19,vide,vide,vide,0.0006,vide
96,8,20,vide,vide,vide,0.0019,vide
96,8,21,vide,vide,vide,0.0032,vide
96,8,22,vide,vide,vide,0.0025,vide
96,8,23,vide,vide,vide,0.0012,vide
96,8,24,vide,vide,vide,0.0011,vide
96,8,25,vide,vide,vide,0.0036,vide
96,8,26,vide,vide,vide,0.0008,vide
96,8,27,vide,vide,vide,0.0009,vide
96,8,28,vide,vide,vide,0.0036,vide
96,8,29,vide,vide,vide,0.0036,vide
96,8,30,vide,vide,vide,0.0014,vide
96,8,31,vide,vide,vide,0.0020,vide
96,9,1,vide,vide,vide,0.0052,vide
96,9,2,vide,vide,vide,0.0019,vide
96,9,3,vide,vide,vide,0.0018,vide
96,9,4,vide,vide,vide,0.0018,vide
96,9,5,vide,vide,vide,0.0006,vide
96,9,6,vide,vide,vide,0.0019,vide
96,9,7,vide,vide,vide,0.0024,vide
96,9,8,vide,vide,vide,0.0027,vide
96,9,9,vide,vide,vide,0.0019,vide
96,9,10,vide,vide,vide,0.0021,vide
96,9,11,vide,vide,vide,0.0025,vide
96,9,12,vide,vide,vide,0.0033,vide
96,9,13,vide,vide,vide,0.0014,vide
96,9,14,vide,vide,vide,0.0012,vide
96,9,15,vide,vide,vide,0.0046,vide
96,9,16,vide,vide,vide,0.0009,vide
96,9,17,vide,vide,vide,0.0015,vide
96,9,18,vide,vide,vide,0.0014,vide
96,9,19,vide,vide,vide,0.0031,vide
96,9,20,vide,vide,vide,0.0011,vide
96,9,21,vide,vide,vide,0.0033,vide
96,9,22,vide,vide,vide,0.0049,vide
96,9,23,vide,vide,vide,0.0011,vide
96,9,24,vide,vide,vide,0.0016,vide
96,9,25,vide,vide,vide,0.0008,vide
96,9,26,vide,vide,vide,0.0027,vide
96,9,27,vide,vide,vide,0.0013,vide
96,9,28,vide,vide,vide,0.0022,vide
96,9,29,vide,vide,vide,0.0036,vide
96,9,30,vide,vide,vide,0.0009,vide
96,10,1,vide,vide,vide,0.0008,vide
96,10,2,vide,vide,vide,0.0009,vide
96,10,3,vide,vide,vide,0.0005,vide
96,10,4,vide,vide,vide,0.0004,vide
96,10,5,vide,vide,vide,0.0011,vide
96,10,6,vide,vide,vide,0.0009,vide
96,10,7,vide,vide,vide,0.0010,vide
96,10,8,vide,vide,vide,0.0014,vide
96,10,9,vide,vide,vide,0.0006,vide
96,10,10,vide,vide,vide,0.0005,vide
96,10,11,vide,vide,vide,0.0013,vide
96,10,12,X,vide,vide,0.0025,vide
96,10,13,X,vide,vide,0.0010,vide
96,10,14,X,vide,vide,0.0043,vide
96,10,15,vide,vide,vide,0.0004,vide
96,10,16,vide,vide,vide,0.0007,vide
96,10,17,vide,vide,vide,0.0010,vide
96,10,18,vide,vide,vide,0.0010,vide
96,10,19,vide,vide,vide,0.0020,vide
96,10,20,vide,vide,vide,0.0005,vide
96,10,21,vide,vide,vide,0.0005,vide
96,10,22,vide,vide,vide,0.0010,vide
96,10,23,vide,vide,vide,0.0004,vide
96,10,24,vide,vide,vide,0.0025,vide
96,10,25,vide,vide,vide,0.0014,vide
96,10,26,vide,vide,vide,0.0013,vide
96,10,27,vide,vide,vide,0.0025,vide
96,10,28,vide,vide,vide,0.0008,vide
96,10,29,vide,vide,vide,0.0009,vide
96,10,30,vide,vide,vide,0.0032,vide
96,10,31,vide,vide,vide,0.0013,vide
96,11,1,vide,vide,vide,0.0007,vide
96,11,2,vide,vide,vide,0.0025,vide
96,11,3,vide,vide,vide,0.0040,vide
96,11,4,vide,vide,vide,0.0013,vide
96,11,5,vide,vide,vide,0.0016,vide
96,11,6,vide,vide,vide,0.0017,vide
96,11,7,vide,vide,vide,0.0013,vide
96,11,8,vide,vide,vide,0.0007,vide
96,11,9,vide,vide,vide,0.0004,vide
96,11,10,vide,vide,vide,0.0025,vide
96,11,11,vide,vide,vide,0.0009,vide
96,11,12,vide,X,vide,0.0375,vide
96,11,13,vide,X,vide,0.0395,vide
96,11,14,vide,X,vide,0.0508,vide
96,11,15,vide,vide,vide,0.0012,vide
96,11,16,vide,vide,vide,0.0019,vide
96,11,17,vide,vide,vide,0.0025,vide
96,11,18,vide,vide,vide,0.0000,vide
96,11,19,vide,vide,vide,0.0006,vide
96,11,20,vide,vide,vide,0.0010,vide
96,11,21,vide,vide,vide,0.0019,vide
96,11,22,vide,vide,vide,0.0012,vide
96,11,23,vide,vide,vide,0.0013,vide
96,11,24,vide,vide,vide,0.0032,vide
96,11,25,vide,vide,vide,0.0012,vide
96,11,26,vide,vide,vide,0.0005,vide
96,11,27,vide,vide,vide,0.0027,vide
96,11,28,vide,vide,vide,0.0023,vide
97,1,1,vide,vide,vide,0.0000,vide
97,1,2,vide,vide,vide,0.0000,vide
97,1,3,vide,vide,vide,0.0000,vide
97,1,4,vide,vide,vide,0.0000,vide
97,1,5,vide,vide,vide,0.0000,vide
97,1,6,vide,vide,vide,0.0000,vide
97,1,7,vide,vide,vide,0.0000,vide
97,1,8,vide,vide,vide,0.0000,vide
97,1,9,vide,vide,vide,0.0000,vide
97,1,10,vide,vide,vide,0.0000,vide
97,1,11,vide,vide,vide,0.0000,vide
97,1,12,vide,vide,vide,0.0002,vide
97,1,13,vide,vide,vide,0.0000,vide
97,1,14,vide,vide,vide,0.0000,vide
97,1,15,vide,vide,vide,0.0000,vide
97,1,16,vide,vide,vide,0.0000,vide
97,1,17,vide,vide,vide,0.0000,vide
97,1,18,vide,vide,vide,0.0000,vide
97,1,19,vide,vide,vide,0.0000,vide
97,1,20,vide,vide,vide,0.0006,vide
97,1,21,vide,vide,vide,0.0000,vide
97,1,22,vide,vide,vide,0.0000,vide
97,1,23,vide,vide,vide,0.0000,vide
97,1,24,vide,vide,vide,0.0023,vide
97,1,25,vide,vide,vide,0.0000,vide
97,1,26,vide,vide,vide,0.0000,vide
97,1,27,vide,vide,vide,0.0000,vide
97,1,28,vide,vide,vide,0.0000,vide
97,1,29,vide,vide,vide,0.0000,vide
97,1,30,vide,vide,vide,0.0001,vide
97,1,31,vide,vide,vide,0.0016,vide
97,2,1,vide,vide,vide,0.0021,vide
97,2,2,vide,vide,vide,0.0027,vide
97,2,3,vide,vide,vide,0.0035,vide
97,2,4,vide,vide,vide,0.0004,vide
97,2,5,vide,vide,vide,0.0008,vide
97,2,6,vide,vide,vide,0.0009,vide
97,2,7,vide,vide,vide,0.0006,vide
97,2,8,vide,vide,vide,0.0007,vide
97,2,9,vide,vide,vide,0.0020,vide
97,2,10,vide,vide,vide,0.0036,vide
97,2,11,vide,vide,vide,0.0004,vide
97,2,12,vide,vide,vide,0.0008,vide
97,2,13,vide,vide,vide,0.0009,vide
97,2,14,vide,vide,vide,0.0028,vide
97,2,15,vide,vide,vide,0.0018,vide
97,2,16,vide,vide,vide,0.0054,vide
97,2,17,vide,vide,vide,0.0045,vide
97,2,18,vide,vide,vide,0.0002,vide
97,2,19,vide,vide,vide,0.0004,vide
97,2,20,vide,vide,vide,0.0001,vide
97,2,21,vide,vide,vide,0.0017,vide
97,2,22,vide,vide,vide,0.0002,vide
97,2,23,vide,vide,vide,0.0018,vide
97,2,24,vide,vide,vide,0.0010,vide
97,2,25,vide,vide,vide,0.0004,vide
97,2,26,vide,vide,vide,0.0007,vide
97,2,27,vide,vide,vide,0.0009,vide
97,2,28,vide,vide,vide,0.0000,vide
97,3,1,vide,vide,vide,0.0000,vide
97,3,2,vide,vide,vide,0.0000,vide
97,3,3,vide,vide,vide,0.0000,vide
97,3,4,vide,vide,vide,0.0000,vide
97,3,5,vide,vide,vide,0.0000,vide
97,3,6,vide,vide,vide,0.0000,vide
97,3,7,vide,vide,vide,0.0000,vide
97,3,8,vide,vide,vide,0.0000,vide
97,3,9,vide,vide,vide,0.0002,vide
97,3,10,vide,vide,vide,0.0000,vide
97,3,11,vide,vide,vide,0.0000,vide
97,3,12,vide,vide,vide,0.0000,vide
97,3,13,vide,vide,vide,0.0000,vide
97,3,14,vide,vide,vide,0.0000,vide
97,3,15,vide,vide,vide,0.0000,vide
97,3,16,vide,vide,vide,0.0000,vide
97,3,17,vide,vide,vide,0.0000,vide
97,3,18,vide,vide,vide,0.0000,vide
97,3,19,vide,vide,vide,0.0000,vide
97,3,20,vide,vide,vide,0.0000,vide
97,3,21,vide,vide,vide,0.0000,vide
97,3,22,vide,vide,vide,0.0000,vide
97,3,23,vide,vide,vide,0.0000,vide
97,3,24,vide,vide,vide,0.0003,vide
97,3,25,vide,vide,vide,0.0000,vide
97,3,26,vide,vide,vide,0.0000,vide
97,3,27,vide,vide,vide,0.0000,vide
97,3,28,vide,vide,vide,0.0000,vide
97,3,29,vide,vide,vide,0.0002,vide
97,3,30,vide,vide,vide,0.0004,vide
97,3,31,vide,vide,vide,0.0000,vide
97,4,1,vide,vide,vide,0.0018,vide
97,4,2,vide,vide,vide,0.0014,vide
97,4,3,vide,vide,vide,0.0012,vide
97,4,4,vide,vide,vide,0.0041,vide
97,4,5,vide,vide,vide,0.0014,vide
97,4,6,vide,vide,vide,0.0034,vide
97,4,7,vide,vide,vide,0.0075,vide
97,4,8,vide,vide,vide,0.0018,vide
97,4,9,vide,vide,vide,0.0012,vide
97,4,10,vide,vide,vide,0.0034,vide
97,4,11,vide,vide,vide,0.0014,vide
97,4,12,vide,vide,vide,0.0022,vide
97,4,13,vide,vide,vide,0.0022,vide
97,4,14,vide,vide,vide,0.0062,vide
97,4,15,vide,vide,vide,0.0015,vide
97,4,16,vide,vide,vide,0.0013,vide
97,4,17,vide,vide,vide,0.0036,vide
97,4,18,vide,vide,vide,0.0011,vide
97,4,19,vide,vide,vide,0.0005,vide
97,4,20,vide,vide,vide,0.0016,vide
97,4,21,vide,vide,vide,0.0046,vide
97,4,22,vide,vide,vide,0.0022,vide
97,4,23,vide,vide,vide,0.0008,vide
97,4,24,vide,vide,vide,0.0005,vide
97,4,25,vide,vide,vide,0.0013,vide
97,4,26,vide,vide,vide,0.0007,vide
97,4,27,vide,vide,vide,0.0022,vide
97,4,28,vide,vide,vide,0.0030,vide
97,4,29,vide,vide,vide,0.0012,vide
97,4,30,vide,vide,vide,0.0005,vide
97,5,1,vide,vide,vide,0.0008,vide
97,5,2,vide,vide,vide,0.0020,vide
97,5,3,vide,vide,vide,0.0005,vide
97,5,4,vide,vide,vide,0.0016,vide
97,5,5,vide,vide,vide,0.0026,vide
97,5,6,vide,vide,vide,0.0013,vide
97,5,7,vide,vide,vide,0.0011,vide
97,5,8,vide,vide,vide,0.0044,vide
97,5,9,vide,vide,vide,0.0015,vide
97,5,10,vide,vide,vide,0.0024,vide
97,5,11,vide,vide,vide,0.0040,vide
97,5,12,vide,vide,vide,0.0058,vide
97,5,13,vide,vide,vide,0.0021,vide
97,5,14,vide,vide,vide,0.0026,vide
97,5,15,vide,vide,vide,0.0049,vide
97,5,16,vide,vide,vide,0.0014,vide
97,5,17,vide,vide,vide,0.0026,vide
97,5,18,vide,vide,vide,0.0027,vide
97,5,19,vide,vide,vide,0.0039,vide
97,5,20,vide,vide,vide,0.0016,vide
97,5,21,vide,vide,vide,0.0022,vide
97,5,22,vide,vide,vide,0.0027,vide
97,5,23,vide,vide,vide,0.0007,vide
97,5,24,vide,vide,vide,0.0003,vide
97,5,25,vide,vide,vide,0.0006,vide
97,5,26,vide,vide,vide,0.0090,vide
97,5,27,vide,vide,vide,0.0259,vide
97,5,28,vide,vide,?,0.0319,vide
97,5,29,vide,vide,?,0.0547,vide
97,5,30,vide,vide,?,0.0592,vide
97,5,31,vide,vide,?,0.0626,vide
97,6,1,vide,vide,vide,0.0012,vide
97,6,2,vide,vide,vide,0.0050,vide
97,6,3,vide,vide,vide,0.0007,vide
97,6,4,vide,vide,vide,0.0008,vide
97,6,5,vide,vide,vide,0.0007,vide
97,6,6,vide,vide,vide,0.0006,vide
97,6,7,vide,vide,vide,0.0013,vide
97,6,8,vide,vide,vide,0.0007,vide
97,6,9,vide,vide,vide,0.0020,vide
97,6,10,vide,vide,vide,0.0013,vide
97,6,11,vide,vide,vide,0.0004,vide
97,6,12,vide,vide,vide,0.0020,vide
97,6,13,vide,vide,vide,0.0008,vide
97,6,14,vide,vide,vide,0.0017,vide
97,6,15,vide,vide,vide,0.0009,vide
97,6,16,vide,vide,vide,0.0036,vide
97,6,17,vide,vide,vide,0.0014,vide
97,6,18,vide,vide,vide,0.0010,vide
97,6,19,vide,vide,vide,0.0010,vide
97,6,20,vide,vide,?,0.0014,vide
97,6,21,vide,vide,?,0.0058,vide
97,6,22,vide,vide,?,0.0232,vide
97,6,23,vide,vide,vide,0.0335,vide
97,6,24,vide,vide,vide,0.0321,vide
97,6,25,vide,vide,vide,0.0513,vide
97,6,26,vide,vide,vide,0.0669,vide
97,6,27,vide,vide,vide,0.0614,vide
97,6,28,vide,vide,?,0.0631,vide
97,6,29,vide,vide,?,0.0581,vide
97,6,30,vide,vide,vide,0.0496,vide
97,7,1,vide,vide,vide,0.0030,vide
97,7,2,vide,vide,vide,0.0029,vide
97,7,3,vide,vide,vide,0.0032,vide
97,7,4,vide,vide,vide,0.0023,vide
97,7,5,vide,vide,vide,0.0041,vide
97,7,6,vide,vide,vide,0.0035,vide
97,7,7,vide,vide,vide,0.0102,vide
97,7,8,vide,vide,vide,0.0021,vide
97,7,9,vide,vide,vide,0.0037,vide
97,7,10,vide,vide,vide,0.0039,vide
97,7,11,vide,vide,vide,0.0027,vide
97,7,12,vide,vide,vide,0.0032,vide
97,7,13,vide,vide,vide,0.0047,vide
97,7,14,vide,vide,vide,0.0047,vide
97,7,15,vide,vide,vide,0.0025,vide
97,7,16,vide,vide,vide,0.0041,vide
97,7,17,vide,vide,vide,0.0047,vide
97,7,18,vide,vide,vide,0.0028,vide
97,7,19,vide,vide,vide,0.0019,vide
97,7,20,vide,vide,vide,0.0019,vide
97,7,21,vide,vide,vide,0.0057,vide
97,7,22,vide,vide,vide,0.0019,vide
97,7,23,vide,vide,vide,0.0032,vide
97,7,24,vide,vide,vide,0.0022,vide
97,7,25,vide,vide,vide,0.0036,vide
97,7,26,vide,vide,vide,0.0013,vide
97,7,27,vide,vide,vide,0.0033,vide
97,7,28,vide,vide,vide,0.0041,vide
97,7,29,vide,vide,vide,0.0015,vide
97,7,30,vide,vide,vide,0.0039,vide
97,7,31,vide,vide,vide,0.0039,vide
97,8,1,vide,vide,vide,0.0283,vide
97,8,2,vide,vide,vide,0.0203,vide
97,8,3,vide,vide,vide,0.0126,vide
97,8,4,vide,vide,vide,0.0166,vide
97,8,5,vide,vide,vide,0.0192,vide
97,8,6,vide,vide,vide,0.0029,vide
97,8,7,vide,vide,vide,0.0011,vide
97,8,8,vide,vide,vide,0.0007,vide
97,8,9,vide,vide,vide,0.0022,vide
97,8,10,vide,vide,vide,0.0015,vide
97,8,11,vide,vide,vide,0.0012,vide
97,8,12,vide,vide,vide,0.0000,vide
97,8,13,vide,vide,vide,0.0007,vide
97,8,14,vide,vide,vide,0.0006,vide
97,8,15,vide,vide,vide,0.0012,vide
97,8,16,vide,vide,vide,0.0010,vide
97,8,17,vide,vide,vide,0.0021,vide
97,8,18,vide,vide,vide,0.0015,vide
97,8,19,vide,vide,vide,0.0012,vide
97,8,20,vide,vide,vide,0.0008,vide
97,8,21,vide,vide,vide,0.0002,vide
97,8,22,vide,vide,vide,0.0007,vide
97,8,23,vide,vide,vide,0.0041,vide
97,8,24,vide,vide,vide,0.0040,vide
97,8,25,vide,vide,vide,0.0075,vide
97,8,26,vide,vide,vide,0.0036,vide
97,8,27,vide,vide,vide,0.0017,vide
97,8,28,vide,vide,vide,0.0018,vide
97,8,29,vide,vide,vide,0.0029,vide
97,8,30,vide,vide,vide,0.0089,vide
97,8,31,vide,vide,vide,0.0120,vide
97,9,1,vide,vide,vide,0.0050,vide
97,9,2,vide,vide,vide,0.0008,vide
97,9,3,vide,vide,vide,0.0016,vide
97,9,4,vide,vide,vide,0.0013,vide
97,9,5,vide,vide,vide,0.0025,vide
97,9,6,vide,vide,vide,0.0016,vide
97,9,7,vide,vide,vide,0.0037,vide
97,9,8,vide,vide,vide,0.0058,vide
97,9,9,vide,vide,vide,0.0008,vide
97,9,10,vide,vide,vide,0.0006,vide
97,9,11,vide,vide,vide,0.0000,vide
97,9,12,vide,vide,vide,0.0021,vide
97,9,13,vide,vide,vide,0.0031,vide
97,9,14,vide,vide,vide,0.0027,vide
97,9,15,vide,vide,vide,0.0022,vide
97,9,16,vide,vide,vide,0.0005,vide
97,9,17,vide,vide,vide,0.0002,vide
97,9,18,vide,vide,vide,0.0001,vide
97,9,19,vide,vide,vide,0.0014,vide
98,1,1,vide,vide,vide,0.0000,vide
98,1,2,vide,vide,vide,0.0000,vide
98,1,3,vide,vide,vide,0.0000,vide
98,1,4,vide,vide,vide,0.0000,vide
98,1,5,vide,vide,vide,0.0000,vide
98,1,6,vide,vide,vide,0.0000,vide
98,1,7,vide,vide,vide,0.0000,vide
98,1,8,vide,vide,vide,0.0000,vide
98,1,9,vide,vide,vide,0.0000,vide
98,1,10,vide,vide,vide,0.0000,vide
98,1,11,vide,vide,vide,0.0000,vide
98,1,12,vide,vide,vide,0.0000,vide
98,1,13,vide,vide,vide,0.0000,vide
98,1,14,vide,vide,vide,0.0000,vide
98,1,15,vide,vide,vide,0.0000,vide
98,1,16,vide,vide,vide,0.0000,vide
98,1,17,vide,vide,vide,0.0000,vide
98,1,18,vide,vide,vide,0.0000,vide
98,1,19,vide,vide,vide,0.0000,vide
98,1,20,vide,vide,vide,0.0000,vide
98,1,21,vide,vide,vide,0.0000,vide
98,1,22,vide,vide,vide,0.0000,vide
98,1,23,vide,vide,vide,0.0000,vide
98,1,24,vide,vide,vide,0.0000,vide
98,1,25,vide,vide,vide,0.0000,vide
98,1,26,vide,vide,vide,0.0000,vide
98,1,27,vide,vide,vide,0.0000,vide
98,1,28,vide,vide,vide,0.0000,vide
98,1,29,vide,vide,vide,0.0000,vide
98,1,30,vide,vide,vide,0.0000,vide
98,1,31,vide,vide,vide,0.0000,vide
98,2,1,vide,vide,vide,0.0000,vide
98,2,2,vide,vide,vide,0.0000,vide
98,2,3,vide,vide,vide,0.0000,vide
98,2,4,vide,vide,vide,0.0000,vide
98,2,5,vide,vide,vide,0.0000,vide
98,2,6,vide,vide,vide,0.0000,vide
98,2,7,vide,vide,vide,0.0000,vide
98,2,8,vide,vide,vide,0.0000,vide
98,2,9,vide,vide,vide,0.0000,vide
98,2,10,vide,vide,vide,0.0000,vide
98,2,11,vide,vide,vide,0.0000,vide
98,2,12,vide,vide,vide,0.0000,vide
98,2,13,vide,vide,vide,0.0000,vide
98,2,14,vide,vide,vide,0.0000,vide
98,2,15,vide,vide,vide,0.0000,vide
98,2,16,vide,vide,vide,0.0000,vide
98,2,17,vide,vide,vide,0.0000,vide
98,2,18,vide,vide,vide,0.0000,vide
98,2,19,vide,vide,vide,0.0000,vide
98,2,20,vide,vide,vide,0.0000,vide
98,2,21,vide,vide,vide,0.0000,vide
98,2,22,vide,vide,vide,0.0000,vide
98,2,23,vide,vide,vide,0.0000,vide
98,2,24,vide,vide,vide,0.0000,vide
98,2,25,vide,vide,vide,0.0000,vide
98,2,26,vide,vide,vide,0.0000,vide
98,2,27,vide,vide,vide,0.0000,vide
98,2,28,vide,vide,vide,0.0000,vide
98,3,1,vide,vide,vide,0.0000,vide
98,3,2,vide,vide,vide,0.0000,vide
98,3,3,vide,vide,vide,0.0000,vide
98,3,4,vide,vide,vide,0.0000,vide
98,3,5,vide,vide,vide,0.0000,vide
98,3,6,vide,vide,vide,0.0000,vide
98,3,7,vide,vide,vide,0.0000,vide
98,3,8,vide,vide,vide,0.0000,vide
98,3,9,vide,vide,vide,0.0000,vide
98,3,10,vide,vide,vide,0.0000,vide
98,3,11,vide,vide,vide,0.0000,vide
98,3,12,vide,vide,vide,0.0000,vide
99,1,1,vide,vide,vide,0.0000,vide
99,1,2,vide,vide,?,0.0000,vide
99,1,3,vide,vide,?,0.0000,vide
99,1,4,vide,vide,vide,0.0000,vide
99,1,5,vide,vide,vide,0.0000,vide
99,1,6,vide,vide,vide,0.0000,vide
99,1,7,vide,vide,vide,0.0000,vide
99,1,8,vide,vide,vide,0.0000,vide
99,1,9,vide,vide,vide,0.0000,vide
99,1,10,vide,vide,vide,0.0242,vide
99,1,11,vide,vide,vide,0.0070,vide
99,1,12,vide,vide,vide,0.0000,vide
99,1,13,vide,vide,vide,0.0000,vide
99,1,14,vide,vide,vide,0.0000,vide
99,1,15,vide,vide,vide,0.0000,vide
99,1,16,vide,vide,vide,0.0000,vide
99,1,17,vide,vide,vide,0.0000,vide
99,1,18,vide,vide,vide,0.0000,vide
99,1,19,vide,vide,vide,0.0000,vide
99,1,20,vide,vide,vide,0.0000,vide
99,1,21,vide,vide,vide,0.0000,vide
99,1,22,vide,vide,vide,0.0000,vide
99,1,23,vide,vide,vide,0.0000,vide
99,1,24,vide,vide,?,0.0000,vide
99,1,25,vide,vide,?,0.0000,vide
99,1,26,vide,vide,vide,0.0000,vide
99,1,27,vide,vide,X,0.0000,vide
99,1,28,vide,vide,X,0.0000,vide
99,1,29,vide,vide,?,0.0000,vide
99,1,30,vide,vide,X,0.0000,vide
99,1,31,vide,vide,X,0.0000,vide
99,2,1,vide,vide,vide,0.0000,vide
99,2,2,vide,vide,vide,0.0000,vide
99,2,3,vide,vide,vide,0.0000,vide
99,2,4,vide,vide,vide,0.0000,vide
99,2,5,vide,vide,vide,0.0000,vide
99,2,6,vide,vide,vide,0.0000,vide
99,2,7,vide,vide,vide,0.0000,vide
99,2,8,vide,vide,vide,0.0000,vide
99,2,9,vide,vide,vide,0.0000,vide
99,2,10,vide,vide,vide,0.0000,vide
99,2,11,vide,vide,vide,0.0000,vide
99,2,12,vide,vide,vide,0.0000,vide
99,2,13,vide,vide,vide,0.0000,vide
99,2,14,vide,vide,vide,0.0000,vide
99,2,15,vide,vide,vide,0.0000,vide
99,2,16,vide,vide,vide,0.0000,vide
99,2,17,vide,vide,vide,0.0000,vide
99,2,18,vide,vide,vide,0.0000,vide
99,2,19,vide,vide,vide,0.0000,vide
99,2,20,vide,vide,vide,0.0000,vide
99,2,21,vide,vide,vide,0.0000,vide
99,2,22,vide,vide,vide,0.0000,vide
99,2,23,vide,vide,vide,0.0000,vide
99,2,24,vide,vide,vide,0.0026,vide
99,2,25,vide,vide,vide,0.0037,vide
99,2,26,vide,vide,vide,0.0000,vide
99,2,27,vide,vide,vide,0.0030,vide
99,2,28,vide,vide,vide,0.0015,vide
99,3,1,vide,vide,vide,0.0000,vide
99,3,2,vide,vide,vide,0.0000,vide
99,3,3,vide,vide,vide,0.0000,vide
99,3,4,vide,vide,vide,0.0000,vide
99,3,5,vide,vide,vide,0.0000,vide
99,3,6,vide,vide,vide,0.0000,vide
99,3,7,vide,vide,vide,0.0000,vide
99,3,8,vide,vide,vide,0.0000,vide
99,3,9,vide,vide,vide,0.0000,vide
99,3,10,vide,vide,vide,0.0000,vide
99,3,11,vide,vide,vide,0.0000,vide
99,3,12,vide,vide,vide,0.0000,vide
99,3,13,vide,vide,vide,0.0000,vide
99,3,14,vide,vide,vide,0.0000,vide
99,3,15,vide,vide,vide,0.0000,vide
99,3,16,vide,vide,vide,0.0000,vide
99,3,17,vide,vide,vide,0.0000,vide
99,3,18,vide,vide,vide,0.0000,vide
99,3,19,vide,vide,vide,0.0000,vide
99,3,20,vide,vide,vide,0.0000,vide
99,3,21,vide,vide,vide,0.0000,vide
99,3,22,vide,vide,vide,0.0000,vide
99,3,23,vide,vide,vide,0.0000,vide
99,3,24,vide,vide,vide,0.0000,vide
99,3,25,vide,vide,vide,0.0000,vide
99,3,26,vide,vide,vide,0.0000,vide
99,3,27,vide,vide,vide,0.0025,vide
99,3,28,vide,vide,vide,0.0004,vide
99,3,29,vide,vide,vide,0.0028,vide
99,3,30,vide,vide,vide,0.0000,vide
99,3,31,vide,vide,vide,0.0070,vide
99,4,1,vide,vide,vide,0.0197,vide
99,4,2,vide,vide,vide,0.0765,vide
99,4,3,vide,vide,vide,0.0733,vide
99,4,4,vide,vide,vide,0.0702,vide
99,4,5,vide,vide,vide,0.0515,vide
99,4,6,vide,vide,vide,0.0421,vide
99,4,7,vide,vide,vide,0.0377,vide
99,4,8,vide,vide,vide,0.0176,vide
99,4,9,vide,vide,vide,0.0013,vide
99,4,10,vide,vide,vide,0.0000,vide
99,4,11,vide,vide,vide,0.0000,vide
99,4,12,vide,vide,vide,0.0000,vide
99,4,13,vide,vide,vide,0.0000,vide
99,4,14,vide,vide,vide,0.0000,vide
99,4,15,vide,vide,vide,0.0000,vide
99,4,16,vide,vide,vide,0.0000,vide
99,4,17,vide,vide,vide,0.0000,vide
99,4,18,vide,vide,vide,0.0000,vide
99,4,19,vide,vide,vide,0.0001,vide
99,4,20,vide,vide,vide,0.0000,vide
99,4,21,vide,vide,vide,0.0000,vide
99,4,22,vide,vide,vide,0.0000,vide
99,4,23,vide,vide,vide,0.0000,vide
99,4,24,vide,vide,vide,0.0005,vide
99,4,25,vide,vide,vide,0.0000,vide
99,4,26,vide,vide,vide,0.0000,vide
99,4,27,vide,vide,vide,0.0000,vide
99,4,28,vide,vide,vide,0.0010,vide
99,4,29,vide,vide,vide,0.0003,vide
99,4,30,vide,vide,vide,0.0014,vide
99,5,1,vide,vide,vide,0.0000,vide
99,5,2,vide,vide,vide,0.0000,vide
99,5,3,vide,vide,vide,0.0000,vide
99,5,4,vide,vide,vide,0.0000,vide
99,5,5,vide,vide,vide,0.0000,vide
99,5,6,vide,vide,vide,0.0000,vide
99,5,7,vide,vide,vide,0.0000,vide
99,5,8,vide,vide,vide,0.0000,vide
99,5,9,vide,vide,vide,0.0000,vide
99,5,10,vide,vide,vide,0.0000,vide
99,5,11,vide,vide,vide,0.0000,vide
99,5,12,vide,vide,vide,0.0000,vide
99,5,13,vide,vide,vide,0.0000,vide
99,5,14,vide,vide,vide,0.0000,vide
99,5,15,vide,vide,vide,0.0000,vide
99,5,16,vide,vide,vide,0.0000,vide
99,5,17,vide,vide,vide,0.0000,vide
99,5,18,vide,vide,vide,0.0000,vide
99,5,19,vide,vide,vide,0.0007,vide
99,5,20,vide,vide,vide,0.0000,vide
99,5,21,X,X,vide,0.0638,vide
99,5,22,vide,vide,vide,0.0002,vide
99,5,23,vide,vide,vide,0.0000,vide
99,5,24,vide,vide,vide,0.0000,vide
99,5,25,vide,vide,vide,0.0000,vide
99,5,26,vide,vide,vide,0.0047,vide
99,5,27,vide,vide,vide,0.0047,vide
99,5,28,vide,vide,vide,0.0000,vide
99,5,29,vide,vide,vide,0.0006,vide
99,5,30,vide,vide,vide,0.0000,vide
99,5,31,vide,vide,vide,0.0050,vide
99,6,1,vide,vide,vide,0.0007,vide
99,6,2,vide,vide,vide,0.0000,vide
99,6,3,vide,vide,vide,0.0000,vide
99,6,4,vide,vide,vide,0.0000,vide
99,6,5,vide,vide,vide,0.0000,vide
99,6,6,vide,vide,vide,0.0000,vide
99,6,7,vide,vide,vide,0.0000,vide
99,6,8,vide,vide,vide,0.0000,vide
99,6,9,vide,vide,vide,0.0000,vide
99,6,10,vide,vide,vide,0.0000,vide
99,6,11,vide,vide,vide,0.0000,vide
99,6,12,vide,vide,vide,0.0000,vide
99,6,13,vide,vide,vide,0.0000,vide
99,6,14,vide,vide,vide,0.0000,vide
99,6,15,vide,vide,vide,0.0000,vide
99,6,16,vide,vide,vide,0.0000,vide
99,6,17,vide,vide,vide,0.0000,vide
99,6,18,vide,vide,vide,0.0000,vide
99,6,19,vide,vide,vide,0.0000,vide
99,6,20,vide,vide,vide,0.0000,vide
99,6,21,vide,vide,vide,0.0000,vide
99,6,22,vide,vide,vide,0.0000,vide
99,6,23,vide,vide,vide,0.0007,vide
99,6,24,vide,vide,vide,0.0013,vide
99,6,25,vide,vide,vide,0.0000,vide
99,6,26,vide,vide,vide,0.0000,vide
99,6,27,vide,vide,vide,0.0000,vide
99,6,28,vide,vide,vide,0.0008,vide
99,6,29,vide,vide,vide,0.0000,vide
99,6,30,vide,vide,vide,0.0029,vide
99,7,1,vide,vide,vide,0.0000,vide
99,7,2,vide,vide,vide,0.0013,vide
99,7,3,vide,vide,vide,0.0076,vide
99,7,4,vide,vide,vide,0.0000,vide
99,7,5,vide,vide,vide,0.0015,vide
99,7,6,vide,vide,vide,0.0000,vide
99,7,7,vide,vide,vide,0.0000,vide
99,7,8,vide,vide,vide,0.0000,vide
99,7,9,vide,vide,vide,0.0000,vide
99,7,10,vide,vide,vide,0.0000,vide
99,7,11,vide,vide,vide,0.0000,vide
99,7,12,vide,vide,vide,0.0000,vide
99,7,13,vide,vide,vide,0.0000,vide
99,7,14,vide,vide,vide,0.0000,vide
99,7,15,vide,vide,vide,0.0000,vide
99,7,16,vide,vide,vide,0.0000,vide
99,7,17,vide,vide,vide,0.0000,vide
99,7,18,vide,vide,vide,0.0000,vide
99,7,19,vide,vide,vide,0.0000,vide
99,7,20,vide,vide,vide,0.0000,vide
99,7,21,vide,vide,vide,0.0000,vide
99,7,22,vide,vide,vide,0.0000,vide
99,7,23,vide,vide,vide,0.0017,vide
99,7,24,vide,vide,vide,0.0000,vide
99,7,25,vide,vide,vide,0.0000,vide
99,7,26,vide,vide,vide,0.0000,vide
99,7,27,vide,vide,vide,0.0000,vide
99,7,28,vide,vide,vide,0.0009,vide
99,7,29,vide,vide,vide,0.0014,vide
