image_id,water_point,site,photo_date,sheet_year,confidence,route,anchor_score,text
f006013fa78047c6a7116114ce32ef70,742894734,Fort-Dauphin,2026-02-16,2026,0.998,anchor,0.584,2026
18852e8e50634b0da94a080001ec38c1,773042759,Maroantsetra,2026-07-20,2025,0.998,anchor,0.776,2025
baec122dec93411a9de928fe28f82d63,773042759,Maroantsetra,2026-07-20,2024,0.999,sideways-anchor,0.656,2024
0cf2751e0d2e49ada414363b75848a66,742894552,Fort-Dauphin,2026-03-12,2026,0.995,anchor,0.817,2026
9062d3a021f44ad5ba8287c2200ad71b,742895151,Fort-Dauphin,2026-03-12,2026,0.997,anchor,0.826,2026
831fa2b8216b496cbe42f9e37539a34f,670401684,Fort-Dauphin,2026-03-13,2026,0.999,anchor,0.730,2026
47ebd079b8c64090b83bd1f5424e19fb,698771141,Maroantsetra,2026-05-25,,0.000,anchor,0.530,
8f0a455e34794257b50664918b016843,698771141,Maroantsetra,2026-05-25,2027,0.905,sideways-anchor,0.672,y 2027 ID:698
a02cbc6defce47cab0c0071f1c5a5064,742897957,Maroantsetra,2026-05-20,2026,0.976,sideways-anchor,0.771,y2026ID
250dfd946f384a4a976de57807aa6017,742898082,Maroantsetra,2026-05-21,2026,0.896,anchor,0.702,oy2026ID:74
8c3adb837c2641ab9766e6fec8637a2d,905251279,Maroantsetra,2026-05-21,,0.000,anchor,0.612,
41922bd6521949769d113b113c10d650,905251279,Maroantsetra,2026-05-21,,0.000,anchor,0.670,
8caba1150e1043f0b73f784357e19e86,819378051,Maroantsetra,2026-05-21,2026,0.997,anchor,0.959,2026
c5f278417e5b4ed5a75a501a3aa5cd13,819378051,Maroantsetra,2026-05-21,2025,0.918,anchor,0.787,2025ID:89
74f125772572421383c67bbcb13effd8,698771873,Maroantsetra,2026-08-06,2025,0.954,anchor,0.657,2025 ID:6995
c94024d3e9f04fc5b9290c06387c05c5,698771873,Maroantsetra,2026-08-06,2024,0.999,band,0.568,2024
61c93b234a494b92a53ffe426f5dc418,771580686,Maroantsetra,2026-08-07,2026,0.925,sideways-anchor,0.673,y2026 ID :771
183ec97d44644128a47724e553e3e635,771580686,Maroantsetra,2026-08-07,2027,0.871,anchor,0.635,py2027ID
f006efc908fc429d9e35e2b01eb56c14,670402214,Fort-Dauphin,2026-06-06,2026,0.929,anchor,0.801,2026 ID:
f63b628c3bd349e6b9f254e82ecaf875,742893953,Fort-Dauphin,2026-06-06,2026,0.998,anchor,0.797,2026
64effd94832d404e9caff73979c7769e,833032647,Maroantsetra,2026-05-28,2026,0.912,anchor,0.715,2026ID:740
1d3e51b5916b43d8bc106317df6a144d,742897995,Maroantsetra,2026-03-24,2026,0.854,anchor,0.767,py2026ID:74
46342b011ace4fcfbdce728acf5484d9,742897995,Maroantsetra,2026-03-24,2027,0.966,anchor,0.680,y 2027 ID
6f290c20d1814e749b0992192f66840b,742894040,Fort-Dauphin,2026-06-06,2026,0.998,anchor,0.703,2026
7b22b1ce7696454f815b395dc69594c3,742893946,Fort-Dauphin,2026-06-06,2026,0.998,anchor,0.736,2026
7d2c0710d047425bb5f6cf800c60cfca,742894648,Fort-Dauphin,2026-01-15,2026,0.998,anchor,0.731,2026
30d63739d9674ff0aeff5ddcca6c0927,795836457,Maroantsetra,2026-05-28,2026,0.998,anchor,0.678,2026
3415cdff11f54e5598a1e6b2e89cb64e,795836457,Maroantsetra,2026-05-28,2025,0.999,anchor,0.584,2025
d8d85a1694c44b548a8daabb59e3c258,742896884,Maroantsetra,2026-01-22,2025,0.996,band,0.469,2025
570ec95d7cdf4aa59b1be6aeb96856de,742894837,Fort-Dauphin,2026-01-22,2026,0.888,band,0.571,2026ID:7289H837
915fa8b3d3a14cdd8f090cc990bc4e9c,742895962,Maroantsetra,2026-01-22,2024,0.000,sideways-band/redo,0.535,
d6f90d0cacd343a6940e8927c15f8122,742895962,Maroantsetra,2026-01-22,,0.000,anchor,0.538,
e01a7730f3aa4a96bca12cfb5c16f1f3,699597799,Maroantsetra,2025-12-01,,0.000,anchor,0.506,
633e4e07b85244a8a03906129fc0eba9,742894284,Fort-Dauphin,2026-01-24,2026,0.998,anchor,0.772,2026
884c12c57ba34c7bb4f4b85095bc271c,742895759,Fort-Dauphin,2026-05-13,2026,0.999,anchor,0.550,2026
d3847c6ae4494fb4b57786d50d8148df,820780971,Maroantsetra,2026-06-16,2025,0.998,anchor,0.851,2025
e2dc9abfd1c8443998b05bdbe0d36b7e,820780971,Maroantsetra,2026-06-16,2026,0.998,anchor,0.651,2026
edfe35fb47c24600b5290fd1635c1910,699597562,Maroantsetra,2026-06-12,2026,0.886,anchor,0.714,py 2026ID:69
89386a23d30c4b96aa884106e6d1b378,905251286,Maroantsetra,2026-06-18,2025,0.948,sideways-anchor,0.780,2025 ID:905
6b170379680346bb872e1813474dfd67,905251286,Maroantsetra,2026-06-18,2026,0.957,sideways-anchor,0.687,2026 ID:905
8b1dd59a4e824e98b4c3c91c31cdf600,742895900,Maroantsetra,2026-06-19,,0.000,anchor,0.473,
b446e10707e9489793b2f36b8ccb0252,742897878,Maroantsetra,2026-06-20,2024,0.843,band,0.551,2024
4102c7522eab42eeb2bd42853dc913d0,742897153,Maroantsetra,2026-06-25,2025,0.986,band,0.471,2025
7c76f70319b64c7da201048d6cba0fb3,742896798,Maroantsetra,2025-12-03,2024,0.997,sideways-band,0.491,2024
2d7c666fdfdc4d058b06e727d2daa26e,742894387,Fort-Dauphin,2026-01-12,2025,0.999,band,0.567,2025
5b2f143b867e45b894add8ff4bfdae18,742894930,Fort-Dauphin,2026-03-25,2026,0.998,anchor,0.666,2026
19e047ee00ef404c9cdbd2ebba9803b9,742893946,Fort-Dauphin,2026-03-03,2026,0.998,anchor,0.779,2026
cc0d5fe1b8d9412fb1d0a17d20ebb1e5,699595845,Maroantsetra,2026-07-01,2027,0.867,anchor,0.724,oy 2027 ID :69
073356496838473daf306e36cab4fea3,742897885,Maroantsetra,2026-07-14,2026,0.899,anchor,0.650,py2026ID
b388f517b32d40e89ba59f4a329a28f3,742894909,Fort-Dauphin,2026-03-24,2026,0.846,anchor,0.628,oy 2026 ID
bdc2b4035c2549f4b89ce8d497704584,699597562,Maroantsetra,2025-12-11,2024,0.999,anchor,0.671,2024
a2eb729bc9f74d07aabdad28ade079cf,699597562,Maroantsetra,2025-12-11,2025,0.937,anchor,0.510,2025 ID:699.5
7262e81ecaec4371beccd14ea3d632d9,742894868,Fort-Dauphin,2026-06-25,2026,0.892,anchor,0.614,py 2026ID
1d2f20bf807749d7bb5db156549cefc1,742893977,Fort-Dauphin,2026-08-31,2026,0.998,anchor,0.710,2026
287b259da716471f8670e33cb0e2927b,742893953,Fort-Dauphin,2026-09-07,2026,0.999,anchor,0.717,2026
08a3165b88bd4df38cf1da9315a43834,742893960,Fort-Dauphin,2026-08-31,2026,0.998,anchor,0.736,2026
4c0272df5ac64c11ab1ee91e808578d6,742893946,Fort-Dauphin,2026-08-31,2026,0.998,anchor,0.709,2026
4f3eda4bdb0d4cfd95642ef48feaf5a9,905251396,Maroantsetra,2025-12-15,2025,0.885,anchor,0.591,2025 ID:905
9be3e5632f1e4e89bd347ada26392743,905251396,Maroantsetra,2025-12-15,2026,0.999,anchor,0.653,2026
a41cd9e2a8764dbfa2fd04502a1d69a4,698771275,Maroantsetra,2025-12-16,2025,0.936,anchor,0.684,2025 ID:698
1ce48bc7587c4b698fb04b12a60affaf,742893850,Fort-Dauphin,2026-01-28,2026,0.997,anchor,0.711,2026
dbc50fa172474f72b46eab2a17b8c389,742895429,Maroantsetra,2025-12-18,2025,0.992,band,0.549,2025
bd2ad55a043a413292739f34f233be80,742893977,Fort-Dauphin,2025-12-18,,0.000,anchor,0.639,
6d654976e6c949388fefa86909cd0a8d,742895474,Maroantsetra,2025-12-23,2025,0.970,band,0.697,2025ID:
03e486184f014ce6840d1c85897d09cd,699595845,Maroantsetra,2025-12-25,,0.000,anchor,0.428,
d24f5d74b89c4d35b154c288d3f607b2,699595845,Maroantsetra,2025-12-25,2025,0.994,band,0.535,2025
0138c791807f4ed6a51cbe689c4c8e72,794012203,Maroantsetra,2025-12-17,2026,0.998,sideways-anchor,0.763,2026
0395d28aa84946aa910bf1eaa7ddd18f,794012203,Maroantsetra,2025-12-17,2025,0.998,sideways-anchor,0.907,2025
de8f6d51001442ee9dde6a32838452d1,833032764,Maroantsetra,2025-12-16,2025,0.969,anchor,0.745,2025 ID:833
bd09f2c605b34227a0fa8c9690dd0366,699596671,Maroantsetra,2025-12-13,2024,0.999,anchor,0.806,2024
3a0b420a6197439f9d8382dfcbe0c616,699596671,Maroantsetra,2025-12-13,2025,0.999,anchor,0.687,2025
68621e99c0044b7facc8dfe49d4be6cb,771580727,Maroantsetra,2025-12-11,2025,0.809,sideways-band,0.467,2025
a9f8cfb3212043e099fd3db831025a70,771580727,Maroantsetra,2025-12-11,2025,0.918,band,0.486,2025
e9d47b6465f74063a86a481a2e069fc5,742894648,Fort-Dauphin,2026-09-02,2026,0.998,anchor,0.833,2026
fa2036422461434c9612267ffc474975,742894978,Fort-Dauphin,2026-09-02,,0.000,anchor,0.588,
984357803b7f497182906d5db627d741,742894590,Fort-Dauphin,2026-09-02,2025,0.999,sideways-anchor,0.640,2025
c9b84f944e9a497db3fb9bff156f4a33,742895876,Maroantsetra,2026-09-02,2025,0.975,anchor,0.769,2025ID:7428
c2b205623d9548408abb700a59405f91,742895876,Maroantsetra,2026-09-02,2026,0.943,anchor,0.760,2026 ID:7428
bff0d70562db45b1ac538c25c024f4c4,699596750,Maroantsetra,2026-08-20,2027,0.861,anchor,0.654,y 2027 ID :699
1d42612e12ba45879a3c4d8963a17c4d,699596750,Maroantsetra,2026-08-20,2026,0.863,sideways-anchor,0.575,oy2026 ID:699
c53aa9716f6347f592f6b747b489dd5c,742894411,Fort-Dauphin,2026-09-02,2026,0.999,anchor,0.719,2026
1b15e1da02fd4128b93c794661bf914f,742894473,Fort-Dauphin,2026-09-02,2026,0.998,anchor,0.744,2026
e4fbb3e4911449c4a05f9207ca67eb68,742894095,Fort-Dauphin,2026-09-02,2026,0.999,anchor,0.723,2026
5eec96481d3443669dba88755759b705,742895986,Maroantsetra,2026-09-03,,0.000,anchor,0.515,
a1385c0723fd42aba0440fdcfcc9cd3e,742895986,Maroantsetra,2026-09-03,,0.000,anchor,0.515,
8419d4bbb5854098987127801f15f470,771799231,Maroantsetra,2026-08-12,2026,0.927,band,0.637,pa0mpy2026ID:771799231
66458db76b124690960b82318e34cc17,771799231,Maroantsetra,2026-08-12,2027,0.966,band,0.654,paompy2027ID:771799231
d64a29c6c34d42b4915a635d727185d8,698773631,Maroantsetra,2026-09-03,2026,0.950,anchor,0.637,y 2026 ID : 69
be2bed8d6d76424b83f7382e0e57f8cb,698773631,Maroantsetra,2026-09-03,2027,0.983,sideways-anchor,0.689,y2027ID
0242d5e4a0364fc784d5c006a78f9689,742895993,Maroantsetra,2026-09-03,,0.000,anchor,0.496,
e5e041bc6938433a872ece621fb4fcbd,742895498,Maroantsetra,2026-08-20,2025,0.974,anchor,0.788,2025ID:
79a1e0c56e864107902364da62dade1d,742895498,Maroantsetra,2026-08-20,2026,0.993,sideways-anchor,0.829,2026
c9d46ec91c1346809af8e2e3e44d88f7,699596671,Maroantsetra,2026-09-03,2024,0.999,sideways-anchor,0.776,2024
57094246417a4edf964bf5302b21ce5a,699596671,Maroantsetra,2026-09-03,2025,0.942,anchor,0.753,2025 ID:699
faa19f46571c40529abcf42b308fc008,742894466,Fort-Dauphin,2026-09-07,2025,0.998,anchor,0.777,2025
32c09ad3a3484b96b21cfe34cb8309c6,742894284,Fort-Dauphin,2026-09-07,2026,0.998,anchor,0.772,2026
41c9551576f14b88bdbfe5e9ea7a2923,742895034,Fort-Dauphin,2026-02-04,2026,0.912,anchor,0.560,2026 ID:
e4ab9ce634494c67813d55030ae691f4,742893946,Fort-Dauphin,2026-02-05,2026,0.896,anchor,0.669,2026ID:748
d8f400e3a3344691baa6726f1f262723,797885233,Maroantsetra,2026-09-03,2025,0.998,anchor,0.856,2025
b0aafc0ea0f94dafa889e37b9408b14b,797885233,Maroantsetra,2026-09-03,2026,0.927,sideways-anchor,0.628,2026ID:7918
5b6619d8584b4299bcd0079fdfe50242,699597548,Maroantsetra,2026-09-04,2026,0.909,sideways-anchor,0.598,py2026ID:69
3da557ac63584678b547139168161891,699597548,Maroantsetra,2026-09-04,2027,0.914,sideways-anchor,0.544,y2027 ID:699
9602441826724548a61892fc87ee648c,742895780,Maroantsetra,2026-01-07,2026,0.862,sideways-anchor,0.641,2026ID:7428
90156acf255c43f1a0bef510490ecc3e,742894923,Fort-Dauphin,2026-02-09,2026,0.998,sideways-anchor,0.771,2026
2ea2357ac3a3445dbae355de70be7cc8,742893867,Fort-Dauphin,2026-09-07,2026,0.998,anchor,0.777,2026
9ec6c20f5fb042a6908ee3908b0beb35,742895742,Fort-Dauphin,2026-09-08,2026,0.998,anchor,0.690,2026
7d740bf7381341ef992f5eff592a7383,742894985,Fort-Dauphin,2026-01-12,2026,0.983,anchor,0.799,2026
1975b93e33f9412795e74c49990c9eaa,742894497,Fort-Dauphin,2026-09-07,2026,0.999,anchor,0.722,2026
6c4d123a01bc4834abc614b4cc51cfa5,833032771,Maroantsetra,2025-12-06,2024,0.999,anchor,0.914,2024
89caa8a69e9a4b11a457b4f6d1a1738b,833032771,Maroantsetra,2025-12-06,2025,0.928,anchor,0.629,2025 ID:833.
d66d1264ddd34062a3d2c9d8ced458f5,742893977,Fort-Dauphin,2026-02-05,,0.000,anchor,0.639,
c43bf215eaeb4349aea6bb091b32dadf,742893991,Fort-Dauphin,2026-01-22,2026,0.997,anchor,0.745,2026
4a5141335d8a459487e595fa7cde41ae,699597490,Maroantsetra,2026-01-15,,0.000,anchor,0.565,
200136b2366f4bd989c5d1a2761e798a,742894851,Fort-Dauphin,2025-12-05,,0.000,anchor,0.439,
7708d3abd72b496fb1345bdb1f245ed2,742894851,Fort-Dauphin,2025-12-05,,0.000,anchor,0.464,
afecab8db15b4020930e5e5d40e27365,742897218,Maroantsetra,2026-01-15,,0.000,anchor,0.591,
2fe50f741b9a48b7a863129cf68d7af5,742894978,Fort-Dauphin,2026-01-12,2026,0.935,anchor,0.575,2026ID:
863e5e9bcc384a31aa2f4c2734e48869,742896884,Maroantsetra,2025-12-09,2024,0.832,sideways-band,0.517,2024
18c7ab81546942ba9ebe00c12fd6d084,742896884,Maroantsetra,2025-12-09,2025,0.998,band,0.498,2025
7eb969e79f7b4ce2b89c2e880ddfb14a,742895340,Maroantsetra,2025-12-10,,0.000,anchor,0.561,
43de83fcc6574ac4b531ac1783c1bb87,742895340,Maroantsetra,2025-12-10,,0.000,anchor,0.556,
d158090b56374eabac644a01b41b908a,742897878,Maroantsetra,2025-12-29,2025,0.998,band,0.588,2025
584fe51f1ec94866b24d2083578dd7a9,742897878,Maroantsetra,2025-12-29,2025,0.998,band,0.481,2025
8b72bafd63604c3c87ce576238a0655f,742897988,Maroantsetra,2025-12-30,2025,0.909,band,0.555,2025
eef617fcd61f46bab9450d81cb3e4b78,742894459,Fort-Dauphin,2025-12-20,2025,0.981,anchor,0.767,2025 ID:
f38f9f2e35b34527a1b0a82aba53ca85,742893850,Fort-Dauphin,2025-12-18,2025,0.811,band,0.526,2025ID:
f7b21b1a5ad340ea9c7619a44ae7db91,742894590,Fort-Dauphin,2025-12-16,2025,0.999,sideways-anchor,0.640,2025
55dc1efa9e744597b06a1ffb6c7a3dd4,742897995,Maroantsetra,2025-12-14,,0.000,anchor,0.533,
c3d23a18c6f845bd846e9e4adceae289,742897335,Maroantsetra,2026-01-09,2024,0.619,band,0.572,2024
bfb38754e1174e68a44d93f35477fe3a,742896547,Maroantsetra,2026-01-10,,0.000,anchor,0.565,
8e3e7e541c764d22880fbac0e6a43a16,742896547,Maroantsetra,2026-01-10,,0.000,anchor,0.562,
7002fe633d6c4202b2446fcaee698487,742895168,Fort-Dauphin,2026-09-10,2026,0.997,anchor,0.849,2026
69c3daa561f64adeaa1affc32f92b435,670401990,Fort-Dauphin,2026-09-10,2026,0.879,anchor,0.785,2026 ID:670h0
0a99e2e1aaef48aba60b158ea54dca92,742894033,Fort-Dauphin,2026-09-08,2026,0.998,anchor,0.614,2026
f94e152e8e88415e85f0e3c52029d0be,742895278,Fort-Dauphin,2026-02-10,2026,0.894,anchor,0.482,2026ID:74
c278bf5ce7a44eb38f638e81f24cf631,742894648,Fort-Dauphin,2026-05-15,2026,0.997,anchor,0.814,2026
a5aa82016c0c4221b57b7634d60c6e7b,742893953,Fort-Dauphin,2026-03-03,2026,0.998,anchor,0.824,2026
4a93f613f5104a818125e32c5c66adab,771799303,Maroantsetra,2026-01-15,2025,0.998,sideways-band,0.482,2025
2d726c89cd81466fa8ac14297e00eaa7,742893953,Fort-Dauphin,2026-02-19,2026,0.998,anchor,0.824,2026
2da7edc0de774c89916f18a7c90492dc,742897823,Maroantsetra,2026-02-21,2025,0.999,sideways-band,0.470,2025
7fc18afb4dee4d36ae2c586ea15600d6,742897823,Maroantsetra,2026-02-21,2025,0.999,sideways-band,0.477,2025
f5b8bc5f76934a77b9897eb279de1c43,698795345,Maroantsetra,2026-09-11,2027,0.911,anchor,0.606,y 2027 ID :68
fce3a8e3a8ef44e9ac008c3a15f43787,698795345,Maroantsetra,2026-09-11,2026,0.918,anchor,0.707,py 2026 ID :
c21dba7470184706bbce12a1f2b889e6,742895900,Maroantsetra,2026-09-11,,0.000,anchor,0.577,
ecfaa4f6c35541d6bd4a29b92ace1f9b,742895900,Maroantsetra,2026-09-11,,0.000,anchor,0.555,
739683ded4b8443ebd91c8cd13f79ab1,742897744,Maroantsetra,2026-09-10,,0.000,anchor,0.552,
ca6d190a793f417eaf5c9dc1d075afd4,698771859,Maroantsetra,2026-09-10,2026,0.868,anchor,0.577,py2026ID:
ce8474fd3a6f4228ab934b6878e47322,698771859,Maroantsetra,2026-09-10,2027,0.927,sideways-anchor,0.667,py2027ID
513fd806106549c6bb084eb258eac0ad,805544226,Maroantsetra,2026-02-23,2026,0.978,band,0.576,2026 ID:833033253
7a4d7cd9c23846589b5fb98612e709a5,742895151,Fort-Dauphin,2026-02-24,2026,0.998,sideways-anchor,0.752,2026
8682bfc565c0412fac7746e2ae63e6c6,742893960,Fort-Dauphin,2026-02-26,2026,0.939,anchor,0.802,2026 ID:
95d6f88bfeb941aca9731e6ef3d52b77,742894198,Fort-Dauphin,2026-02-27,2026,0.933,anchor,0.583,2026 ID:
65e89ebf4fe440f8b83fe4797ff0791d,742894655,Fort-Dauphin,2026-09-14,,0.000,anchor,0.613,
55bdcaab14c046dcbd4aafc000251a66,742894040,Fort-Dauphin,2026-03-05,2026,0.980,sideways-anchor,0.675,2026
0499c7d189af47d4aa2bf392e504c083,742893805,Fort-Dauphin,2026-04-30,2026,0.998,anchor,0.755,2026
3904cc74364a42e58b13d0cc1068cbea,774001555,Maroantsetra,2026-05-20,2026,0.902,anchor,0.656,y2026ID:
577192f5fe214009bf731f73bfc24b28,774001555,Maroantsetra,2026-05-20,2027,0.921,anchor,0.674,py2027ID
60f9ec8162c44c80816fbf7e48655318,792699587,Maroantsetra,2026-05-20,2026,0.986,anchor,0.725,y2026ID
276511c0ff004750a535e04f2a6f32b0,792699587,Maroantsetra,2026-05-20,2027,0.841,band,0.547,paompy2027 ID:7926 g95 87
491177a672354d6395fc59a82c654ff5,742894253,Fort-Dauphin,2026-06-06,,0.000,anchor,0.519,
af5dc4954588471cbd3a7ee9f65bb048,742894284,Fort-Dauphin,2026-05-20,2026,0.999,anchor,0.851,2026
e7936f064754423cb28c539d508f06b3,742896547,Maroantsetra,2026-07-21,2027,0.868,sideways-anchor,0.645,y 2027 ID : 7 4
39fa347563d84d3797b5ac2b31ead525,775759299,Maroantsetra,2026-07-29,2026,0.883,anchor,0.662,py2026ID:775
e47f7347132f4bc7a7eb4bcf72fca932,775759299,Maroantsetra,2026-07-29,2027,0.972,anchor,0.652,y2027ID
42be5cce183548549ea6394b6d6f68b8,771799248,Maroantsetra,2026-01-23,2025,0.926,sideways-band,0.486,2025
3e550a7aa0ef4f8ab28874c713d9f339,771799248,Maroantsetra,2026-01-23,2025,0.832,sideways-band,0.443,2025
cddab6c551504b8db8cc4ebdd310598b,699595869,Maroantsetra,2026-01-23,2025,0.000,sideways-band/redo,0.484,
8d17e40fe060492a88630a49a4c55f97,699595869,Maroantsetra,2026-01-23,2025,0.931,sideways-band,0.493,2025
b9877d4cd1ab4dcdb2b003b65a61a4b8,742895656,Maroantsetra,2026-01-24,2026,0.904,sideways-anchor,0.554,2026 ID:
f550b1ef80fe49cf8b58067c99b3f88b,765730811,unmapped,2026-01-26,,0.000,anchor,0.547,
c2b9751b2c4040d4b14a35f2077293e5,765730811,unmapped,2026-01-26,,0.000,anchor,0.481,
cca3848cfa204f59bd0c5fae830b6a90,742895869,Maroantsetra,2026-01-28,2026,0.998,sideways-anchor,0.813,2026
967ce81bd75249a8978992163d1eae13,742895869,Maroantsetra,2026-01-28,2026,0.998,sideways-anchor,0.816,2026
dc43106b39b54864a7188059103db9e1,699596107,Maroantsetra,2026-01-29,,0.000,anchor,0.615,
0af317b021c64f559189b46d84f5b884,699596107,Maroantsetra,2026-01-29,,0.000,anchor,0.555,
f99008050e694df8a46e5edebea216c9,794587460,Maroantsetra,2026-02-11,2026,0.916,anchor,0.752,2026ID:794
d573f012339346ffa676a44d730db1a2,699597593,Maroantsetra,2026-01-30,2024,0.998,anchor,0.857,2024
12504961c2f24a53a3f8b1e2efa292d8,699597593,Maroantsetra,2026-01-30,2025,0.999,anchor,0.611,2025
5214c3d95b1344e096231d2d4d4449a9,699597562,Maroantsetra,2026-01-30,2024,0.999,anchor,0.671,2024
fe2c66f4d6cd4603b2283a4197a9df93,699597562,Maroantsetra,2026-01-30,2025,0.937,anchor,0.510,2025 ID:699.5
58bdeba93cca4f9185ed997ddcea6823,742896688,Maroantsetra,2026-01-30,,0.000,anchor,0.513,
b9640bd949b8424a845b51a53a1a737f,742896688,Maroantsetra,2026-01-30,,0.000,anchor,0.554,
4060e7c87c7946e1b9f38cc519aa008b,786932780,Maroantsetra,2026-02-12,2026,0.909,sideways-anchor,0.631,2026 ID:780
774b5e21b8444d639794869d3fdf8ba7,698771873,Maroantsetra,2026-02-09,2025,0.999,anchor,0.760,2025
2997410c450845beb2917e6fe18c1bf8,742897854,Maroantsetra,2026-02-11,,0.000,anchor,0.634,
b715dd1ed62b43f6be9ef9997c598e16,771580727,Maroantsetra,2026-02-18,2025,0.947,band,0.558,2025
d6823d69dc294a99b750c82c3cc4a220,699597081,Maroantsetra,2026-07-14,2026,0.954,anchor,0.621,y2026ID
969a5b2aa10e4849b75589cf0faf6921,699597081,Maroantsetra,2026-07-14,2026,0.868,anchor,0.616,oy2026 ID :6g
297f57543c654014a64a82971c484c18,698771983,Maroantsetra,2026-02-24,2024,0.998,anchor,0.718,2024
d27bb1b8281c4aa6b5ad03edd2161f43,698771983,Maroantsetra,2026-02-24,2025,0.998,anchor,0.786,2025
4dcc4c5f8ef347409ec0d66f3bdcd295,698771268,Maroantsetra,2026-02-27,2024,0.999,anchor,0.608,2024
678a8c0c47134e979a831f72f3b59470,698771268,Maroantsetra,2026-02-27,2025,0.999,anchor,0.611,2025
27fd3261295548f88b7c9baa2d9841db,742897263,Maroantsetra,2026-03-02,2025,0.996,band,0.553,2025
27fd40596e304738976845dce6835070,742897263,Maroantsetra,2026-03-02,2025,0.997,band,0.553,2025
516f822f53eb492083c2c8e7414550d5,810943803,Maroantsetra,2026-02-28,2026,0.998,anchor,0.829,2026
177ac599af92473c98f66479832ff93e,810943803,Maroantsetra,2026-02-28,2025,0.998,anchor,0.854,2025
aa489bd4847d4af68ebfcb7110304ff4,833033064,Maroantsetra,2026-03-02,2025,0.999,band,0.605,2025
d96a1a9aa2f14635b60db6b3df843ccb,833033064,Maroantsetra,2026-03-02,2026,0.998,anchor,0.803,2026
7ab4f119c7d94494bdf94399eae55b70,742897249,Maroantsetra,2026-03-03,2024,0.942,band,0.559,2024
9f7e8453a85346728535e285ed116556,742897737,Maroantsetra,2026-03-03,,0.000,anchor,0.577,
900b2098647b433db4299753795dc187,742897737,Maroantsetra,2026-03-03,,0.000,anchor,0.583,
95f8d9f0b691431fa2140d1f25d3b78b,742895814,Fort-Dauphin,2026-05-13,2026,0.997,anchor,0.843,2026
d910ad216ffd439d8663afd49fb6472e,742894916,Fort-Dauphin,2026-05-15,2026,0.932,anchor,0.777,y 2026ID
01847c19ced24012a54b59ade63773b2,742893843,Fort-Dauphin,2026-05-16,2026,0.997,anchor,0.702,2026
c0fe44add594437aa1490da1e7b3137f,742894150,Fort-Dauphin,2026-05-16,2026,0.928,anchor,0.598,py2026ID
46f3bff5df034a34aa92fd56208edce4,742895986,Maroantsetra,2026-03-05,,0.000,anchor,0.577,
e6d6a89ba3b74740a03c2d37b9ab24a6,797195301,Maroantsetra,2026-05-23,2026,0.877,anchor,0.631,py 2026 ID
88f77d202b4b4d1fa19a666f351a6e06,797195301,Maroantsetra,2026-05-23,2027,0.954,anchor,0.760,y2027 ID
bfe60cad8fa14d6da1c79d957f948ad9,742893867,Fort-Dauphin,2026-05-21,2026,0.998,anchor,0.819,2026
0f672f89a3064b04a1a90300bf5b2ad9,699597469,Maroantsetra,2026-03-07,2027,0.892,anchor,0.581,py2027 ID:699
8cb40fa8ad3344cb8e123d4b2169f896,905251279,Maroantsetra,2026-03-10,2025,0.947,anchor,0.680,2025 ID:905
7ecf4f8a12094441949679c3ec1a4a35,905251279,Maroantsetra,2026-03-10,2026,0.998,anchor,0.846,2026
aa19eca52bc94a31a209dea4d31ab0d0,742897359,Maroantsetra,2026-03-11,2025,0.999,sideways-band,0.466,2025
59ff5ffdbaf24fd691e129f5488b4fc9,742897359,Maroantsetra,2026-03-11,2025,0.999,sideways-band,0.474,2025
d2c3f9e39e3a45a4893f36823e7153b1,771783434,Maroantsetra,2026-03-11,2025,0.999,band,0.583,2025
d08ba634c5804128aa4796e63cb93cb7,771783434,Maroantsetra,2026-03-11,2024,0.989,band,0.564,2024
8aecd6fe6a1e491eb62817396392a3ca,771799231,Maroantsetra,2026-03-13,,0.000,anchor,0.588,
594ac9edd8864725860d4c12b9f45cd4,771799231,Maroantsetra,2026-03-13,,0.000,anchor,0.609,
6e8fb6e254e14710ae1f1d50431e328a,805544226,Maroantsetra,2026-05-19,2026,0.934,anchor,0.740,py2026ID
034a8497cfa54c698b29809b27f4da55,805544226,Maroantsetra,2026-05-19,2027,0.875,anchor,0.705,py2027ID
42a4cf0e66ed4ebd846723da4a5668f8,779506385,Maroantsetra,2026-03-25,2026,0.995,anchor,0.525,2026
a1d82369f9d14e9bb9c60a181ff0dae9,779506385,Maroantsetra,2026-03-25,2025,0.945,sideways-anchor,0.750,2025ID:779
bcb9cd487285426282e32fa86c37966e,771799279,Maroantsetra,2026-05-20,2026,0.968,sideways-anchor,0.654,y2026ID
916683a87bb74de4a40f02f4898c2795,772365307,Maroantsetra,2026-03-28,2025,0.927,sideways-anchor,0.789,2025ID:772
8079c08592644539b189682f671a4cb1,742896413,Maroantsetra,2026-05-19,2027,0.916,band,0.614,pa0mpy2027ID:742896413
8495c03bcf5f449abf6beb3461caa35f,742896413,Maroantsetra,2026-05-19,,0.000,anchor,0.638,
3404a0b027d1407597760dbd60b02d5f,774009687,Maroantsetra,2026-05-19,2027,0.978,anchor,0.675,2027ID
cb9e4fc888f74b7b8784521b5b6037c5,774009687,Maroantsetra,2026-05-19,2026,0.905,anchor,0.691,py2026ID
55be5315b6be41779919df949e1ae9da,699595649,Maroantsetra,2026-05-19,2026,0.930,anchor,0.742,y 2026ID:69
a02be8d1797545abbde447587a819882,699595649,Maroantsetra,2026-05-19,,0.000,anchor,0.506,
7664432b3a9c4317a4e2a060fc21a00d,699596750,Maroantsetra,2026-05-19,2026,0.919,anchor,0.642,py2026ID:699
b9a28f6cf6bc47efad9140e10a124eb8,699596750,Maroantsetra,2026-05-19,2027,0.899,anchor,0.719,y2027 ID
e40a7632470f4f44872f7098c3c05f5d,820780971,Maroantsetra,2026-05-21,2026,0.997,anchor,0.625,2026
64d44dc9d7fa4ae0947988729406f857,820780971,Maroantsetra,2026-05-21,2025,0.998,anchor,0.789,2025
dd59e30737774d5fa8d9d9bd029fe68f,833033246,Maroantsetra,2026-05-22,2026,0.998,anchor,0.744,2026
325750d76efb43eb9e33e284a20af352,699597531,Maroantsetra,2026-06-16,2026,0.937,sideways-band,0.478,paompy2026ID:699597531
ccb6e021c7ba44cfa9657cdd34113a15,794587460,Maroantsetra,2026-07-21,2025,0.920,anchor,0.745,2025ID:794
4e29b7bd70934073a7c113b4ddda3698,794587460,Maroantsetra,2026-07-21,2026,0.998,sideways-anchor,0.689,2026
8ce3a0a92146464295d7c7bda2820e05,742895876,Maroantsetra,2026-02-21,2025,0.999,anchor,0.794,2025
a3141ee149d64f94b2de986fe68a0306,742895876,Maroantsetra,2026-02-21,2026,0.998,anchor,0.740,2026
28f8936425614af7bd05e941a2dcf74b,698795345,Maroantsetra,2026-07-29,2027,0.836,sideways-anchor,0.763,y2027 ID:698
ef838393590645baa475f8e54a894c9b,698795345,Maroantsetra,2026-07-29,,0.000,anchor,0.470,
9876a2e09cd444df9f1a91d40e276e6e,742897957,Maroantsetra,2025-09-25,2025,0.998,sideways-band,0.483,2025
8a6e3d3ae97d4d8982f6026586775809,742897957,Maroantsetra,2025-09-25,2024,0.977,sideways-band,0.496,2024
dba2cb99a86d4e8b99dd49674a511dfe,699597421,Maroantsetra,2026-07-14,2026,0.826,anchor,0.655,py2026 ID:6
da3e61d4c48443d4af5da43f5ce8cccb,779461073,Maroantsetra,2026-07-19,2025,0.998,anchor,0.808,2025
f9ef70a10e4b4b92954b26ac6fbe2364,779461073,Maroantsetra,2026-07-19,2026,0.998,sideways-anchor,0.817,2026
b8c991b065424f6e8a74ce6aafc43a76,810377501,Maroantsetra,2026-05-29,2026,0.871,anchor,0.592,2026 ID:8Λ0
704f27e852074cf0b69ebc72eeca51e7,810377501,Maroantsetra,2026-05-29,2025,0.870,anchor,0.601,2025ID:8ΛC
58db90d01ee14213a8459134cdd3199a,810943803,Maroantsetra,2026-05-29,2026,0.998,anchor,0.589,2026
9e4d573164de4806b195cb5a10ed692a,810943803,Maroantsetra,2026-05-29,2025,0.871,anchor,0.854,2025 ID:810
6b1738ac1e904ea483b8bdd828051995,799521955,Maroantsetra,2026-05-29,2025,0.998,anchor,0.655,2025
e21f7bfdadd54bebb2f91bcf797de4b3,742896444,Maroantsetra,2025-10-11,2025,0.997,band,0.621,2025
61dd0000096546f28ada4329b3b019b7,742896444,Maroantsetra,2025-10-11,,0.000,anchor,0.485,
da0fb40a7a794baf8a3cbefa71eb4449,778246888,Maroantsetra,2026-07-20,2026,0.982,anchor,0.729,2026ID:778
005b859349ea4819b535cfc42fe978e2,778246888,Maroantsetra,2026-07-20,2025,0.900,anchor,0.649,2025 ID:778.
6d867c6f727a480aa67a0595f64ac22a,794012210,Maroantsetra,2026-05-30,2026,0.998,anchor,0.741,2026
13b8a0a11e64497eafa69d729ac7a377,794012210,Maroantsetra,2026-05-30,2025,0.867,sideways-anchor,0.750,2025ID:79片
1aed9c4c7b4f4b1bbcc3e9c416c8dc09,792494830,Maroantsetra,2026-05-30,2025,0.904,anchor,0.583,2025 ID:792.49
36869a586de6492a988ecc1b13b616c1,792494830,Maroantsetra,2026-05-30,2026,0.906,anchor,0.791,2026 ID:792
dd317ca12c634b998377dbf64f2af564,791617832,Maroantsetra,2026-05-30,2026,0.998,anchor,0.898,2026
772221a16e6a4d29bad216055ba10c64,791617832,Maroantsetra,2026-05-30,2025,0.999,anchor,0.780,2025
ddb79ae8e31c4694ba23b00c1c72b024,794012203,Maroantsetra,2026-05-30,,0.000,anchor,0.496,
5a42d70748ab46c5891fe1a6e4c98f16,794012203,Maroantsetra,2026-05-30,,0.000,anchor,0.500,
57d2ad4adf284d588471f8537a01ecd5,792699587,Maroantsetra,2026-05-30,,0.000,anchor,0.453,
8c393e9e9e0541718bba527e783ea5ea,792022655,Maroantsetra,2026-05-30,2026,0.959,anchor,0.566,2026ID:792
179e259c94ba46cab2aba902f1921310,792022655,Maroantsetra,2026-05-30,2026,0.900,anchor,0.589,2026ID:7926
6eee21bd3b9f4bcd85816a99023f8932,792022655,Maroantsetra,2026-05-30,2026,0.959,anchor,0.566,2026ID:792
5c6b7329d7104592843343c0eb4e29e6,833032836,Maroantsetra,2026-07-19,2027,0.922,anchor,0.672,y2027 ID
c064bba734c44eec8b2ca3da39c23cee,833032836,Maroantsetra,2026-07-19,2026,0.872,sideways-anchor,0.658,py 2026 ID :83
d924e7db8a3c4c1683c72e209b04b241,742896420,Maroantsetra,2025-10-10,,0.000,anchor,0.558,
0c7a3ad2127d4610949e3b4a4a831ab5,742896420,Maroantsetra,2025-10-10,,0.000,anchor,0.568,
fba307be79b84a01ac48d56c20559697,742896255,Maroantsetra,2025-10-10,2024,0.960,band,0.596,2024
dd00ca13fe5f493681a9d49f37a7cfa5,742896255,Maroantsetra,2025-10-10,2025,0.998,band,0.560,2025
3cab73773bbb4d459119fb9a6bd9a6a5,742896224,Maroantsetra,2025-10-11,2024,0.941,sideways-band,0.466,2024
b895df1627ac4fda92e3f6d94b0b7f3b,742896712,Maroantsetra,2025-10-22,2024,0.992,band,0.587,2024
1c8299b530d04b2a82412c725cb8b636,742896712,Maroantsetra,2025-10-22,2025,0.992,band,0.571,2025
4f3f10190cd240aeaffbdee9a0d4bc96,742896688,Maroantsetra,2025-10-22,2024,0.964,sideways-band,0.480,2024
a6c4680270c94b6da9881888a5c51c4c,742896688,Maroantsetra,2025-10-22,2024,0.920,band,0.601,2024
66ff6f6a9abd4123b79487bb98246409,742894978,Fort-Dauphin,2026-06-01,,0.000,anchor,0.451,
3f6a66791e3b49a5bdda4f78bce9ceb0,742894978,Fort-Dauphin,2026-06-01,2026,0.792,anchor,0.605,oy2026ID:7H
09b2f2be9dd041a0987d91980d9cd07d,742894459,Fort-Dauphin,2026-03-10,2026,0.998,anchor,0.712,2026
072233b17c324302abfc23089b1dc066,742894411,Fort-Dauphin,2026-03-11,2026,0.998,anchor,0.726,2026
e82b0afe20ab4500b7324736ef800332,670401990,Fort-Dauphin,2026-03-11,2026,0.996,anchor,0.681,2026
76765c7953e0407cb3477c2760f51e43,742894428,Fort-Dauphin,2026-03-11,,0.000,anchor,0.489,
28a209b061c3452294102a8a183baab9,742894428,Fort-Dauphin,2026-03-11,2026,0.998,anchor,0.834,2026
ffa7f793e48346da842ba53edf718d33,742894435,Fort-Dauphin,2026-03-11,,0.000,anchor,0.508,
a3da9154f9694809bf45ceb7ead0767f,742894435,Fort-Dauphin,2026-03-11,2026,0.946,anchor,0.795,2026 ID:
722af7b64e774525b2fbe48ae07c71c3,742894497,Fort-Dauphin,2026-03-05,2026,0.998,sideways-anchor,0.788,2026
ebcb0083761e439c98882431e1f64220,742893915,Fort-Dauphin,2026-03-10,2026,0.998,anchor,0.712,2026
6d34de6506a8403e813a3b2050520078,742894538,Fort-Dauphin,2026-02-07,2026,0.876,anchor,0.641,2026ID:7h
a16937292a0c40a9b67dba83a6cc1619,742897971,Maroantsetra,2025-09-26,,0.000,anchor,0.463,
23e836e2915d4d53ba1d7c68948e52b2,742897971,Maroantsetra,2025-09-26,2025,0.785,band,0.555,2025
5913f41b688e45f8aa2ad2442265af0d,742897115,Maroantsetra,2025-10-02,2024,0.990,sideways-band,0.472,2024
8f2f23816a024194bb6dd70972ca161f,742897115,Maroantsetra,2025-10-02,2024,0.907,band,0.602,2024
32b872b0576f48798d3d4315166e6f8c,742895333,Fort-Dauphin,2026-01-21,2026,0.998,anchor,0.830,2026
f9a9ebaae8bb4f2984263ad8a7558933,742894208,Fort-Dauphin,2026-03-06,2026,0.998,anchor,0.767,2026
fb655c4a5d0640279ae3bf7f1e385f42,742894026,Fort-Dauphin,2026-01-14,2026,0.664,anchor,0.523,2026
8fbc266922c840fd933384587789fd47,742894026,Fort-Dauphin,2026-01-14,2026,0.998,anchor,0.822,2026
ed05544a78974c98bd8e23f739e2739d,742894909,Fort-Dauphin,2025-12-18,,0.000,anchor,0.477,
a79ad655827f4a5aabe7516413aa315d,742895292,Fort-Dauphin,2026-01-21,2025,0.998,anchor,0.723,2025
1f046ef31a6241bea6490e752d7d0ac2,742893805,Fort-Dauphin,2025-12-16,2025,0.999,anchor,0.466,2025
9b844b56d97d4e539fc28ff6765ee76d,670401615,Fort-Dauphin,2025-09-21,2026,0.998,anchor,0.787,2026
81bbd3ec94434891b88779bb78bed878,742897304,Maroantsetra,2025-10-12,2025,0.999,sideways-band,0.465,2025
ebe4a37a01fc401e8272d84b42c0a6dc,742897249,Maroantsetra,2025-10-06,,0.000,anchor,0.456,
d22907c56e674450a5bc8313372fc474,742897249,Maroantsetra,2025-10-06,2025,0.966,band,0.508,2025
6643151869834c55a21259a44bd16c5c,742896499,Maroantsetra,2025-10-14,2024,0.869,band,0.598,2024
77aac77d699a4d05805c9ac0e7b33d9a,742896664,Maroantsetra,2025-10-14,2025,0.977,band,0.636,2025
06df936cae4c4a0e99fe123aeb2cde59,742896664,Maroantsetra,2025-10-14,2024,0.974,band,0.605,2024
866c69f7472b4430abfda0c88934590b,742896633,Maroantsetra,2025-10-14,,0.000,anchor,0.559,
82cf1ad9a5a548ef94669c0fe4a01fb5,742896633,Maroantsetra,2025-10-14,,0.000,anchor,0.637,
82b218ca15274ed4b1e824b0276512fb,742896547,Maroantsetra,2025-10-17,2025,0.885,band,0.536,2025
fd43d967a44243c4a1dfff13fe0354ee,742896547,Maroantsetra,2025-10-17,,0.000,anchor,0.562,
24205ecee8bd4a9e8bfa888f9bbd60c1,742896561,Maroantsetra,2025-10-15,2024,0.994,band,0.605,2024
a6b6977687c1425eb025463086cb00b1,742896561,Maroantsetra,2025-10-15,2025,0.999,band,0.642,2025
4c1e5207e0ef4f8288f1a18afdbf852c,742896671,Maroantsetra,2025-10-17,2025,0.999,sideways-band,0.464,2025
5e34ad1644a2413596e1963b9e9df3ab,742897414,Maroantsetra,2025-12-06,2024,0.995,band,0.638,2024
801e6d5af22c460d8dd7491366e4b788,742897414,Maroantsetra,2025-12-06,2025,0.998,band,0.585,2025
5a4a2ffef38b43c28e08706dbc4cb2d3,742897414,Maroantsetra,2025-12-06,2024,0.996,band,0.649,2024
af0e4d71dfcc4cedac80666ff9303543,742897414,Maroantsetra,2025-12-06,,0.000,anchor,0.589,
851b4b86f294427c87962a97acd5c9cd,742897490,Maroantsetra,2025-09-28,2024,0.792,sideways-band,0.479,2024
25e63e695d87462ba0f26886c0a025e1,742897490,Maroantsetra,2025-09-28,2025,0.982,sideways-band,0.476,2025
06a7178b88db415b92c65e468259b6e9,742897490,Maroantsetra,2025-09-28,,0.000,anchor,0.489,
885c4f9221b14df2ae55bd563f185288,742897490,Maroantsetra,2025-09-28,2025,0.926,sideways-band,0.489,2025
6c8f3691d04b46bb8f7a04cb67e7d8f4,742897524,Maroantsetra,2025-09-28,,0.000,anchor,0.569,
14d3dee64dd3430a9d2477eff9a0b6e1,742897524,Maroantsetra,2025-09-28,2025,0.998,band,0.534,2025
4e3f3783a2b8424787a87cf111d58e4b,742897524,Maroantsetra,2025-09-28,,0.000,anchor,0.587,
3c8bdea2590b4aa08322e632f59fc077,742897524,Maroantsetra,2025-09-28,2025,0.997,band,0.573,2025
41ccd1d2f69a44afba6afadccdfc7e48,742897517,Maroantsetra,2025-09-19,,0.000,anchor,0.563,
fb06379a15484ee28ad05ab0b00b1cd9,742897517,Maroantsetra,2025-09-19,,0.000,anchor,0.474,
ffda8a0d7a9840c284485faf3c6d81f1,742897517,Maroantsetra,2025-09-19,,0.000,anchor,0.598,
0e3faf40d838494fbb3ab47e221efe40,742897517,Maroantsetra,2025-09-19,,0.000,anchor,0.506,
8fc4f3aee970416d840958d6fbb61288,742897452,Maroantsetra,2025-12-06,2024,0.819,band,0.565,2024
4ee8017c95d5443d9a8a449bdefa860c,742897452,Maroantsetra,2025-12-06,,0.000,anchor,0.469,
8575fd21d5394dcb9f8f504ab643a93e,742897452,Maroantsetra,2025-12-06,2024,0.730,band,0.583,2024
b8cc286b786a4372bf512dd47035b859,742897452,Maroantsetra,2025-12-06,,0.000,anchor,0.495,
e00156d4d0f74da3a26ad9b5dafe8d5d,767290212,Maroantsetra,2026-07-25,2026,0.962,anchor,0.671,y2026ID:76
5b82ad6458774bde916ba97dfe4d6f27,767290212,Maroantsetra,2026-07-25,2027,0.894,anchor,0.627,y2027 ID:767
01785e6718b74b7a87164775fb21282e,772365307,Maroantsetra,2026-07-24,2026,0.980,anchor,0.716,2026ID
a9904eb9c5b841a0b2b6e63352788c37,772365307,Maroantsetra,2026-07-24,2027,0.914,anchor,0.681,y 2027 ID
e49609cdaf894525848e726aa2e33755,742895429,Maroantsetra,2025-11-15,2025,0.973,band,0.545,2025
1f711dac63a14a0f98956f84a2f60c53,742895429,Maroantsetra,2025-11-15,2025,0.996,band,0.564,2025
5a32a38a0a734dcfb608e1722b74bb8e,742895443,Maroantsetra,2025-11-14,,0.000,anchor,0.475,
abb4610d963146fa983a1b4d622ea79b,742895474,Maroantsetra,2025-11-17,,0.000,anchor,0.516,
5d5bd172ffb24f0aa401f9ac6ea8bfc2,742895474,Maroantsetra,2025-11-17,,0.000,anchor,0.479,
ce529cedfef04f8c84b86d4a47695e31,742896657,Fort-Dauphin,2026-03-16,,0.000,anchor,0.437,
d7bceda6ab964ed3af9aad5f2390c6ca,742897964,Maroantsetra,2025-09-26,2024,0.917,sideways-band,0.477,2024
03e381fd8fe846959f53415ae92a68f0,742897160,Maroantsetra,2025-09-26,,0.000,anchor,0.488,
2d92a994f6924bab8318b284037de9af,698795345,Maroantsetra,2025-09-27,,0.000,anchor,0.552,
9b3fc762c97844d49854e170cdef381b,742893953,Fort-Dauphin,2026-03-16,2026,0.998,anchor,0.834,2026
f86eff11c47e445eacadc35c27a62526,742897184,Maroantsetra,2025-09-27,,0.000,anchor,0.469,
295859904cf649c9a2819b5d882e787c,742897184,Maroantsetra,2025-09-27,,0.000,anchor,0.557,
e06f52328a094bb3ab489c575bd76478,742893946,Fort-Dauphin,2026-03-16,2026,0.998,anchor,0.686,2026
98fc097672a34faa9754dcd39195efa9,742893805,Fort-Dauphin,2026-03-16,2025,0.922,band,0.571,2025ID:742393805
2ef219dd97e74bbaa01a5db242069172,742895728,Fort-Dauphin,2026-03-16,2026,0.998,anchor,0.810,2026
2daa0b2c32234560b48ea8449cacefd9,742897342,Maroantsetra,2025-09-27,2025,0.999,band,0.573,2025
1ee50855d9154d5bba992ca6cdb9aea0,742897287,Maroantsetra,2025-10-01,2025,0.930,band,0.564,2025
0128366fb9364cfb9f2e194ee488ef49,742897287,Maroantsetra,2025-10-01,,0.000,anchor,0.551,
48eced8dba3a465e8a0b06291f1e9790,771580727,Maroantsetra,2026-03-17,2027,0.977,anchor,0.613,y2027ID
e36831143f1f42cfb96333ef74a99376,771580727,Maroantsetra,2026-03-17,2026,0.893,sideways-anchor,0.662,py2026ID:7713
e2d3b8342f5a4183b8f52d9e055ce482,699597548,Maroantsetra,2026-08-07,2027,0.914,sideways-anchor,0.544,y2027 ID:699
edbe20ad5ffa41eead7a872e0ebf3984,699597548,Maroantsetra,2026-08-07,2026,0.909,sideways-anchor,0.598,py2026ID:69
24c30edf323c46f9a8d1a11dcd8d699f,771799262,Maroantsetra,2026-08-07,2027,0.806,anchor,0.611,py2027 ID:7717
843ab48a7c77423e8651173a2caf7faa,771799262,Maroantsetra,2026-08-07,2026,0.974,sideways-anchor,0.704,y2026ID
a5b602677362494cb326b14478fccb1b,699597500,Maroantsetra,2026-08-07,2026,0.951,sideways-band,0.465,paompy2026ID:699597500
770034f2753c4f899c9598a3d7a86e8b,699597531,Maroantsetra,2026-08-10,2026,0.902,anchor,0.482,1ompy2026ID
d4822bd093a442549ee0785d6dc35af8,699597531,Maroantsetra,2026-08-10,2026,0.910,sideways-anchor,0.547,y2026 ID :69
39750f3e662644febd9850e2178b63ca,699597531,Maroantsetra,2026-08-10,2027,0.947,band,0.518,paompy2027ID:699597531
e91b7fc1a6ab49c3afaabf03a9af5cd4,742896585,Maroantsetra,2025-10-17,,0.000,anchor,0.615,
084bff5710304552b58545a76ec02e1e,742896585,Maroantsetra,2025-10-17,,0.000,anchor,0.603,
ab27990fe5eb4bbbbbfea38d9240c39e,742896695,Maroantsetra,2025-10-16,2025,0.997,band,0.597,2025
c24138aefa74443a93b49ac62ce4e48a,742896695,Maroantsetra,2025-10-16,2024,0.988,sideways-band,0.483,2024
189256832ca54894b991e72e1afa361e,742896592,Maroantsetra,2025-10-17,2025,0.989,sideways-band,0.473,2025
0484ab86462c4f2fbecc9de3602347c7,742896592,Maroantsetra,2025-10-17,,0.000,anchor,0.496,
e658f13691e4459e972786d041cf1f5b,742896554,Maroantsetra,2025-10-23,,0.000,anchor,0.596,
f9ba95f9a2aa4ad4af1f8e397188ce3e,742896554,Maroantsetra,2025-10-23,,0.000,anchor,0.562,
6c146e859dc84f5a8ddf7fc22eaaf299,698771141,Maroantsetra,2025-12-15,,0.000,anchor,0.548,
8818be577a67414da55e2859b468c05c,698771141,Maroantsetra,2025-12-15,,0.000,anchor,0.604,
ac220f5a7b0f43618ee8f05641a63a86,698771220,Maroantsetra,2025-12-13,2024,0.994,sideways-band,0.475,2024
4b76a22c743a4915aa0f1b58470cf243,698771220,Maroantsetra,2025-12-13,2025,0.911,sideways-band,0.471,2025
fbce1efb34c9413b972ec0ece68dfad2,698771206,Maroantsetra,2025-12-15,,0.000,anchor,0.471,
296d2ab865f94ea1a8c35ede6f3f3fa5,698771206,Maroantsetra,2025-12-15,,0.000,anchor,0.627,
7efb92dd3bac408b9cd3e289dc8aa64c,698771196,Maroantsetra,2025-12-17,2024,0.890,band,0.621,2024
751811eac1664dfa8b3577f598aec617,698771196,Maroantsetra,2025-12-17,2025,0.998,band,0.541,2025
b800656e867649b1b67b80a832d4200d,698771172,Maroantsetra,2025-12-17,2024,0.986,band,0.578,2024
aa8eaa42c4a242b08081c72d853cdd55,698771213,Maroantsetra,2025-12-14,2024,0.953,sideways-band,0.474,2024
98e1d46b54814f48ba23a5b0f232acf4,699596073,Maroantsetra,2025-12-17,,0.000,anchor,0.565,
4b1cc1f76bfe43388cb06af125558e54,699596073,Maroantsetra,2025-12-17,,0.000,anchor,0.473,
89196f90d45a4424bcdf65e8ef4d48b5,699596059,Maroantsetra,2025-12-17,2024,0.979,band,0.571,2024
49348c6dfa184cafba723c342a54f758,699596059,Maroantsetra,2025-12-17,2025,0.999,sideways-band,0.478,2025
ba974dd8ffa84baeb2a0f633a848c393,698771237,Maroantsetra,2025-12-20,2024,0.995,band,0.557,2024
be13e79ff9ca43c6a526125e53610260,698771237,Maroantsetra,2025-12-20,2025,0.994,band,0.529,2025
b1a14c4552414d51a2161641e6dfbfb0,699596114,Maroantsetra,2025-12-20,,0.000,anchor,0.608,
e5ff0c1d1e134582b1f799909fe74385,699596114,Maroantsetra,2025-12-20,,0.000,anchor,0.616,
95cb2bf79cd24b158d006f616b39fa60,783186036,unmapped,2026-01-31,,0.000,anchor,0.541,
5647e75f4bdc4d8f8984641aae070080,783186036,unmapped,2026-01-31,2024,0.830,band,0.529,2024
f73684b9b937448ea31f296ad6b70f58,742895931,Maroantsetra,2025-11-28,,0.000,anchor,0.593,
49d8c6e141d74527bc8e11cd505a5308,742895931,Maroantsetra,2025-11-28,,0.000,anchor,0.611,
6422ac4d9d084c64bbb440c50569e7f9,699597081,Maroantsetra,2026-02-03,,0.000,anchor,0.442,
9f66b58ac77a461baa8ef92b69e21a59,699597081,Maroantsetra,2026-02-03,2025,0.000,band/redo,0.529,
bc97078d1f9d42f6a1298deaa6f40c76,699597081,Maroantsetra,2026-02-03,,0.000,anchor,0.531,
9233e758413c434aa72a5bb3094c5b84,699596671,Maroantsetra,2025-12-23,2024,0.999,anchor,0.712,2024
e8c4f83677ae4b738538f390523ae9f9,699596671,Maroantsetra,2025-12-23,2025,0.998,anchor,0.843,2025
2c679f64170b40ac9e48bf1ebb449aae,699596664,Maroantsetra,2025-12-23,,0.000,anchor,0.467,
122047e2f0474a43af58e568a01a72ae,699596664,Maroantsetra,2025-12-23,2024,0.999,anchor,0.767,2024
1c78b713057f4f58b6247d9a6f76c95e,699596664,Maroantsetra,2025-12-23,2025,0.921,anchor,0.784,2025 ID:638
e8f4d6a854854ce082cb02356aad47fa,699596695,Maroantsetra,2025-12-19,,0.000,anchor,0.519,
24da77589d714be0894e060b26da08e5,699596695,Maroantsetra,2025-12-19,2024,0.999,anchor,0.793,2024
6f2f6dbf683c4af58208778963f940ac,698772245,Maroantsetra,2026-02-05,,0.000,anchor,0.587,
c0a7345b65dd46498666ceffba39c790,699596688,Maroantsetra,2025-12-23,2024,0.999,anchor,0.761,2024
d9c262328f114cb2bf298fd35c11152b,699596688,Maroantsetra,2025-12-23,2025,0.998,sideways-anchor,0.708,2025
3be82ac2dbcf4b82a9bec5b230bb7452,698771275,Maroantsetra,2025-12-23,2024,0.999,anchor,0.637,2024
c03044842b574e1d88f621a5efb720c4,698771275,Maroantsetra,2025-12-23,2025,0.971,anchor,0.546,2025ID:698
622caabf5dea494287b813eb15e71811,698771880,Maroantsetra,2025-12-20,2024,0.999,anchor,0.762,2024
8ccc4c7421d0433c9689c3f110b2f0f6,698771880,Maroantsetra,2025-12-20,2025,0.915,anchor,0.718,2025 ID:698
522a6c9ce6fe497a835281cd1bb6b8f3,698772283,Maroantsetra,2026-02-03,,0.000,anchor,0.468,
a0e6f7cd40eb468e82832eb008b5d254,698772283,Maroantsetra,2026-02-03,2025,0.979,band,0.543,2025
c3bc954a03d144df8fb50f8222863019,699596705,Maroantsetra,2025-12-23,2024,0.999,anchor,0.740,2024
cfaf3b2865134628a4af62e72b762a1f,699596705,Maroantsetra,2025-12-23,2025,0.977,anchor,0.726,2025ID:699
97cdc41ad066402c845fe76f4266e78f,698771859,Maroantsetra,2025-12-20,2025,0.970,sideways-anchor,0.758,2025ID:
d4a8833d692c4370929b137702f6f0d9,699597005,Maroantsetra,2026-02-02,,0.000,anchor,0.575,
a922565e0b1041968799120bca09e50d,699596994,Maroantsetra,2026-02-02,2024,0.985,band,0.567,2024
df1b40e6dbd6469492faa1b4f96a3b4b,699596994,Maroantsetra,2026-02-02,,0.000,anchor,0.628,
23c3eec322014a1bbc75290f321106b0,698772142,Maroantsetra,2026-02-02,,0.000,anchor,0.551,
85854aa9d51c4a67a9785deef9fc6284,698772142,Maroantsetra,2026-02-02,2025,0.956,sideways-band,0.477,2025
fce0877c9e3847ff838f580517a68708,699596107,Maroantsetra,2025-12-20,,0.000,anchor,0.490,
00f4557ce5194206bc5346448d758352,699596107,Maroantsetra,2025-12-20,,0.000,anchor,0.556,
ec8349cf43a04a4dafa24173539f5951,698771251,Maroantsetra,2025-12-19,2025,0.998,sideways-anchor,0.828,2025
534cec6a816d4439a00450c4819d633c,698771251,Maroantsetra,2025-12-19,2024,0.997,sideways-anchor,0.784,2024
301bce72055246f7a0f3e62fabfec866,698772173,Maroantsetra,2026-02-06,2026,0.983,anchor,0.710,2026ID
97fa84498edc442395f8499451bff044,698772173,Maroantsetra,2026-02-06,2027,0.912,anchor,0.664,y2027 ID
e6d94b129ce34fb4bc9689c27eba07fa,698772221,Maroantsetra,2026-02-06,2027,0.799,anchor,0.668,oy 2027 ID : 6g 8
9eb22716afc444ef9772cff3ae86e371,698772221,Maroantsetra,2026-02-06,2026,0.822,anchor,0.633,py2026ID :6g8
21fec7353602485185af739d7eaf5cc4,698772214,Maroantsetra,2026-02-06,2027,0.981,anchor,0.656,y2027ID
cb90af4580e9413992869db453a937c0,698772214,Maroantsetra,2026-02-06,2026,0.751,sideways-anchor,0.666,py 2026 ID :6g
e64d04cad09e4f6c9122baec0f2bd1ca,699597043,Maroantsetra,2026-02-03,,0.000,anchor,0.489,
6b5bcd097c1a46bbb9c96e8b32636078,699597043,Maroantsetra,2026-02-03,2025,0.999,band,0.561,2025
253f5b4f33464efd84efc568bd970ef6,699597043,Maroantsetra,2026-02-03,2026,0.998,band,0.573,2026
8d67323a61a6451696459bf3700c2fd2,742895883,Maroantsetra,2026-02-09,2026,0.999,sideways-band,0.477,2026
8314afa7574b41fdb9a62e8b3f83dfa4,742895883,Maroantsetra,2026-02-09,2026,0.999,band,0.585,2026
5017cf457e994816aace6347611bb4ac,742895883,Maroantsetra,2026-02-09,2026,0.998,band,0.556,2026
4f5d8d5d1d744d8abf628a5f0b2cf3e9,698772180,Maroantsetra,2026-02-06,2026,0.928,anchor,0.649,py2026ID
1a6156878a5846e993a81e5604422330,698772180,Maroantsetra,2026-02-06,2027,0.809,sideways-anchor,0.631,py2027 ID:6g
90bee774a3424b6d9735354537e57384,698772252,Maroantsetra,2026-02-05,2026,0.810,anchor,0.646,py2026ID:698
3809162773594038864d84d4b65bc47e,698772252,Maroantsetra,2026-02-05,2027,0.832,sideways-anchor,0.661,oy2027ID:6#8
d70a5607d4b4492e915c6a59cb9751e9,742896891,Maroantsetra,2026-02-10,2025,0.809,band,0.585,2025
c2fb8e0e14024e5db820d0f545096355,699597067,Maroantsetra,2026-02-11,2027,0.829,anchor,0.654,py2027 ID :6gg
5078abb903b5472f8d570bc92139c6d6,699597067,Maroantsetra,2026-02-11,2026,0.886,anchor,0.662,py 2026 ID : 6 g
5d959fd8783c485284b6572546e96aa3,699597407,Maroantsetra,2026-02-10,,0.000,anchor,0.453,
946681b2f70b4b58a62bebeae0842c94,699597029,Maroantsetra,2026-02-10,2027,0.920,anchor,0.597,y2027 ID
2b6af13a1408409cbb455ec5ecb8918b,699597029,Maroantsetra,2026-02-10,2026,0.861,anchor,0.641,oy2026ID:6g
70add30ee53c4b84803e4156216fd754,699597036,Maroantsetra,2026-02-11,2027,0.909,sideways-anchor,0.702,py2027ID
6932acd5d29a48b5b2e1da9b4cb66e48,699597036,Maroantsetra,2026-02-11,2026,0.891,sideways-anchor,0.713,py2026ID
ea75391f09f94a3890b6aca54f562d3e,699597050,Maroantsetra,2026-02-12,2026,0.902,sideways-anchor,0.716,y2026 ID:76
279da4032226445680381876382ff44f,699597050,Maroantsetra,2026-02-12,2027,0.844,anchor,0.671,oy2027 ID:765
0f382b89649441c882767efc4dd84ee0,698772317,Maroantsetra,2026-02-12,2027,0.960,anchor,0.656,y2027ID
ac6605d5b5a54974805698953ea00519,698772317,Maroantsetra,2026-02-12,2026,0.935,anchor,0.685,py2026ID
7cbd9dcc4f994d7da342f1c5619ee1af,698772331,Maroantsetra,2026-02-12,2027,0.968,sideways-anchor,0.627,y2027ID
fd2c055ec0704034b635904a438d7d1b,698772331,Maroantsetra,2026-02-12,2026,0.858,anchor,0.641,py2026 ID :
52efd47b43a74531ad83faf557f908f4,698773631,Maroantsetra,2026-04-21,2027,0.951,sideways-anchor,0.625,y2027 ID:69
4eb4e526211a4b48992a30ef7ca4eca8,698773631,Maroantsetra,2026-04-21,2026,0.828,anchor,0.658,py 2026 ID :69
7a8fb8d420de414dbf054675f8171ac5,698772348,Maroantsetra,2026-02-13,2027,0.903,anchor,0.654,py 2027 ID :698
6a89bbb5f1d344509ea40550c6ce2f9b,698772348,Maroantsetra,2026-02-13,2026,0.895,anchor,0.645,py 2026 ID :69
b33a3090b6664c7a91443ef733ac218a,698773617,Maroantsetra,2026-02-13,2027,0.904,anchor,0.629,oy2027ID:69
df02e11766c642d281983aa19b667a46,698773617,Maroantsetra,2026-02-13,2026,0.856,anchor,0.586,py 2026 ID:69
fa1216e6b577438da6f225324b2f602e,699597108,Maroantsetra,2026-02-13,,0.000,anchor,0.474,
3bef2dd3dd7844efbf7ca5db753cd111,699597108,Maroantsetra,2026-02-13,2027,0.972,anchor,0.655,y2027ID
249e2e174e2145589216ab5da12e9f38,699597108,Maroantsetra,2026-02-13,2026,0.951,sideways-anchor,0.662,py 2026 ID :69
e662af5f9de446428038e073522d629d,699597115,Maroantsetra,2026-02-13,2026,0.935,anchor,0.625,y2026ID:69
5e5def6063c44372bc2db7fc0aa4e395,699597115,Maroantsetra,2026-02-13,2027,0.857,anchor,0.655,py 2027 ID:69
a114533ea142405bb8a4e8bb91b1505c,698773648,Maroantsetra,2026-02-17,2027,0.901,anchor,0.694,py2027ID
d8bd71098ad84154bd60a2b3a9e4514c,698773648,Maroantsetra,2026-02-17,2026,0.845,sideways-anchor,0.650,oy2026 ID :69
7b9806e3b8bd4d08bc039e7b8fc46c1c,783186074,unmapped,2026-02-17,2027,0.925,anchor,0.645,y2027 ID:783
8196ec9d43cd4757a69e89a85a9a63f4,783186074,unmapped,2026-02-17,2026,0.922,sideways-anchor,0.666,py 2026 ID :783
111358c4e8d74fb2817ba18e1afbbd20,699597122,Maroantsetra,2026-02-18,2026,0.899,sideways-anchor,0.634,oy2026ID:69
efe3587252d34cbe9468eb8aee42058a,699597122,Maroantsetra,2026-02-18,2027,0.907,anchor,0.610,py2027ID:69
6072584a241f4769afe6ead11734cb8f,771799279,Maroantsetra,2026-03-19,2026,0.923,anchor,0.702,py2026ID
c34c211e04e745cb84cc6024dae16f38,771799279,Maroantsetra,2026-03-19,,0.000,anchor,0.593,
ee7d0bb7ff7744dba5dac0a9de33d2cc,771580703,Maroantsetra,2026-03-19,2027,0.998,anchor,0.575,2027
e71d9e59ec584fe3bb1e89f28420bdc9,771580703,Maroantsetra,2026-03-19,2026,0.923,anchor,0.688,py2026ID
7bdd5c4297e14c7fa779171843f5c8a3,698771206,Maroantsetra,2026-03-20,,0.000,anchor,0.495,
b28c04e03a014809b785faa5fa234178,742894253,Fort-Dauphin,2026-03-23,,0.000,anchor,0.504,
7b1edcb3d05b463abc5250583f077ecf,742894253,Fort-Dauphin,2026-03-23,,0.000,anchor,0.508,
2f250ea26ef9434fbe50a0bf60122efd,699597397,Maroantsetra,2026-02-20,,0.000,anchor,0.588,
fd5ff913e5c74fa19579a7527738ce58,699597397,Maroantsetra,2026-02-20,,0.000,anchor,0.493,
49dd72beb07e43e8b96dca92bed34ede,699597373,Maroantsetra,2026-02-20,,0.000,anchor,0.596,
6d8437df102d4ae18206741adf4ee193,699597373,Maroantsetra,2026-02-20,,0.000,anchor,0.626,
e88c0d5c4f7f41dc9905d2907399a72e,699597335,Maroantsetra,2026-02-20,2024,0.000,sideways-band/redo,0.473,
a7626aed9e2041c89712f44857173e7d,699597335,Maroantsetra,2026-02-20,2025,0.997,band,0.549,2025
3df416338ded4c3eb01284672d84f078,699597366,Maroantsetra,2026-02-24,2027,0.867,anchor,0.670,oy2027 ID:69
8b32705d0d5b4dfb950dcc0221aa1c0b,699597366,Maroantsetra,2026-02-24,2026,0.872,sideways-anchor,0.683,py2026ID:699
798514c8906746c9b402732f7022f590,699597342,Maroantsetra,2026-02-20,,0.000,anchor,0.571,
db0c5b56be7a43049db951fabdb23de2,699597342,Maroantsetra,2026-02-20,,0.000,anchor,0.475,
20553d5ab8f54791ab5c516a2ff779e1,699597359,Maroantsetra,2026-02-20,,0.000,anchor,0.547,
2e15867e3b814a99a5e3843726cd4337,699597359,Maroantsetra,2026-02-20,,0.000,anchor,0.594,
f411cd9cd03e42adbd84af3c26979b0d,699597469,Maroantsetra,2026-02-26,,0.000,anchor,0.516,
b7c5d446bbff497f95e4e2acd1bb2646,699597469,Maroantsetra,2026-02-26,2027,0.908,anchor,0.629,py2027 ID:699
d44bdfecac094f3089ed6bf9c59c07d2,699597469,Maroantsetra,2026-02-26,2026,0.903,sideways-anchor,0.657,py2026ID:699
e327053eef4e46e8a02ced2b7f03b17e,699597476,Maroantsetra,2026-02-26,2027,0.927,anchor,0.550,2027ID
2f5138bfc7144e8fa0bc3b8b366cc720,699597476,Maroantsetra,2026-02-26,2027,0.909,anchor,0.598,y2027 ID:69
67e1037eed19478392eedfad1be7a5be,699597483,Maroantsetra,2026-02-27,2026,0.871,sideways-anchor,0.655,py 2026ID:69
1583caaecdf447cf8455f3df8f711d53,699597483,Maroantsetra,2026-02-27,2027,0.894,sideways-anchor,0.611,py2027ID
1e17bb4dee8a43b4a0c70b4deda61397,699597555,Maroantsetra,2026-02-27,2027,0.915,anchor,0.439,py2027ID
08f702a15e384a21acff701cdfae64dc,699597555,Maroantsetra,2026-02-27,2026,0.959,sideways-anchor,0.642,y2026ID
d7a0e65bb0774ae79a4701ebd5c78864,699597421,Maroantsetra,2026-02-25,2027,0.839,anchor,0.652,py2027 ID:6g
775e4ede0792475b97ac4d18aa916122,699597421,Maroantsetra,2026-02-25,2026,0.845,anchor,0.658,py2026ID:6
4e2f8bfb2b104f3cb892e2fa7b617563,699597438,Maroantsetra,2026-02-25,2026,0.846,anchor,0.663,py 2026 ID:699
f88224025aa14adf990c3d88baa710ab,699597414,Maroantsetra,2026-02-26,2027,0.941,sideways-anchor,0.721,y2027 ID:69
1120df3a207249149d37f93522bfff09,742897988,Maroantsetra,2026-03-24,2027,0.972,anchor,0.670,y2027ID
1fa5aff60e164412beeb02c657789548,742897988,Maroantsetra,2026-03-24,2026,0.851,sideways-anchor,0.655,oy2026ID:748
f0afc280fc0d4041a55ddabe31ccff33,742897995,Maroantsetra,2026-03-24,2026,0.854,anchor,0.767,py2026ID:74
760477ea9a794bdd8847d0707224ceb2,742897995,Maroantsetra,2026-03-24,2027,0.966,anchor,0.680,y 2027 ID
95f268ca93ba426eba61dd3e3caaba82,742895034,Fort-Dauphin,2026-03-24,2026,0.909,anchor,0.732,y2026 ID:
9b44da7c11a14698a9cad250ba7a00bc,742894459,Fort-Dauphin,2026-06-04,2026,0.998,anchor,0.793,2026
f31796bb1cf44d1d892c5bada58bfb7c,742893960,Fort-Dauphin,2026-06-06,2026,0.856,anchor,0.794,2026ID:7/
d204005ec4884f1f80a5a074cf505b52,742894985,Fort-Dauphin,2026-06-01,2026,0.862,anchor,0.686,py2026 ID
68f48ea9293e4686993895f0fa7ae5f0,742894442,Fort-Dauphin,2026-06-04,,0.000,anchor,0.610,
3e0eb0e502b74a21b3ef60798d6090af,742893922,Fort-Dauphin,2026-05-21,2026,0.000,band/prev,0.470,
d422c4fd6044415f91eebe8b53f59ad4,742893922,Fort-Dauphin,2026-05-21,2026,0.899,anchor,0.637,2026ID:7h2
9a2dfdb40eb94128ac199993b5451c4f,765855507,Maroantsetra,2026-07-28,2026,0.946,sideways-anchor,0.636,y 2026 ID :76
268266c55e7b49a480888d23e6eb1371,765855507,Maroantsetra,2026-07-28,2027,0.859,anchor,0.657,oy 2027 ID :765
be316d0c85be4e358c07f2ed584b043b,773044940,Maroantsetra,2026-06-09,,0.000,anchor,0.478,
502f8f2596884d179f791cd3ee3c402f,773044940,Maroantsetra,2026-06-09,2026,0.884,anchor,0.603,oy2026ID:773
cd711bf078cc4242b4a6492b651834b0,773044940,Maroantsetra,2026-06-09,2027,0.976,sideways-anchor,0.674,y2027ID
cfbc0b7c7239418a8fd434c285a18e86,742897971,Maroantsetra,2026-06-09,2026,0.972,sideways-anchor,0.755,y2026ID
e8658b109c654adaa1447cfb8928c6a8,742897971,Maroantsetra,2026-06-09,,0.000,anchor,0.523,
f54483d641d34a218f1dada7e01186b1,773614497,Maroantsetra,2026-06-09,2027,0.842,anchor,0.636,py2027 ID:773
97fd49ee402b4a84befb6e75c13fa54a,773614497,Maroantsetra,2026-06-09,2026,0.943,anchor,0.646,py2026ID
bbe55fe2c5a6449ba0fa7dfab60b8227,833032953,Maroantsetra,2026-06-10,,0.000,anchor,0.436,
61baa96ce1cd4d6c9b6e443c74e3148d,833032953,Maroantsetra,2026-06-10,,0.000,anchor,0.626,
91e72389a015494ba4ceb677340f67d6,833032953,Maroantsetra,2026-06-10,2026,0.935,band,0.617,paompy2026ID:833032953
fcd8b6255a844b658325412dfda0ad68,743091752,Maroantsetra,2025-10-29,,0.000,anchor,0.469,
778a82ba67c043358e4a77ea59989227,743091752,Maroantsetra,2025-10-29,,0.000,anchor,0.464,
8266c8b28fc549d1b5d6ed9d3c603459,742897043,Maroantsetra,2025-10-29,,0.000,anchor,0.487,
8cb1c5429b8b490cacbb3f2d8dda03b2,742897050,Maroantsetra,2025-10-29,2024,0.933,sideways-band,0.476,2024
8b1fb423343a47f1b079690fe6939439,777126165,Maroantsetra,2026-06-10,2026,0.783,anchor,0.752,2026ID:44#
d7b58deee4d44b38bc80d2d4201e7802,777126165,Maroantsetra,2026-06-10,2025,0.927,anchor,0.733,2025I
35fdeca635644b01ba2e28b207c159d5,742896891,Maroantsetra,2025-10-30,,0.000,anchor,0.472,
a556b21874f94b2a82fc820089bb2aa4,742896891,Maroantsetra,2025-10-30,,0.000,anchor,0.583,
245cf106009a4f0c9157a63087f42ca1,742896956,Maroantsetra,2025-10-31,2025,0.995,sideways-band,0.473,2025
4659d8fbb0df4f5aa3919fd8eb75f3a3,742895780,Maroantsetra,2025-11-03,,0.000,anchor,0.549,
31810dd277f84f34a3b69b48ff83a17c,699597548,Maroantsetra,2026-03-04,2026,0.936,sideways-anchor,0.650,py2026ID
b018b305b3024516b3b293bfea7099ad,699597548,Maroantsetra,2026-03-04,2027,0.969,anchor,0.670,2027ID
44838e6c5d454a4eb130195aee57b4c7,698774003,Maroantsetra,2026-03-03,2026,0.906,sideways-anchor,0.620,py2026 ID:69
33d1acf9c4fc44aea240ca4edb9b480d,698774003,Maroantsetra,2026-03-03,2027,0.840,anchor,0.659,py2027 ID:698
0723581551d949edab9d7b42b624ad57,699597490,Maroantsetra,2026-03-03,2026,0.829,anchor,0.667,py2026 ID:699
f1556ba3ad2f445f9e4a7fe6f8b4ec13,699597490,Maroantsetra,2026-03-03,2027,0.963,anchor,0.614,y2027ID:69
986a25c97ec240d89b6b40e65a9de591,699597500,Maroantsetra,2026-03-04,,0.000,anchor,0.513,
58d84175290a405a95667d32713afafe,699597500,Maroantsetra,2026-03-04,2026,0.874,anchor,0.638,py 2026 ID :699
e1a297d3daed456cb730826250b596e4,699597500,Maroantsetra,2026-03-04,2027,0.887,anchor,0.656,py 2027 ID :699
e8a30d1de52b448bbd59ac0aafc1651e,742895766,Maroantsetra,2025-11-07,,0.000,anchor,0.544,
ce301c63fe694b858befe891661eb29b,742895766,Maroantsetra,2025-11-07,,0.000,anchor,0.485,
e1fcb0a423714ef2b90fc3d49c2e180a,699597531,Maroantsetra,2026-03-04,2027,0.868,anchor,0.612,oy2027 ID:69
320c62d494c846608d8ce98e9a5a7730,699597531,Maroantsetra,2026-03-04,2026,0.828,anchor,0.615,py 2026 ID:699
62ddf0dc81bf4965a3a9ffd2bacda428,742895876,Maroantsetra,2025-11-07,,0.000,anchor,0.568,
dadfe2cc6fea4e49b96b3f69ef003966,699597593,Maroantsetra,2026-03-05,2026,0.855,anchor,0.621,oy2026ID:765
875c74c009744142864bce5a7f075af6,699597593,Maroantsetra,2026-03-05,2027,0.901,sideways-anchor,0.643,y2027 ID:765
6e5da2c272054084ad6daec03bb7c58f,699597579,Maroantsetra,2026-03-05,2027,0.968,anchor,0.689,y2027ID
e3d6205426674db4997c5febea576dd7,742896523,Maroantsetra,2026-02-13,,0.000,anchor,0.559,
539f997668d04272819549739bc2a954,742896523,Maroantsetra,2026-02-13,,0.000,anchor,0.575,
7081acb4515e4bbaba5bb2bf67d08388,742896640,Maroantsetra,2026-02-14,,0.000,anchor,0.472,
72abf81d348748399cb27c1e07f790bf,742896640,Maroantsetra,2026-02-14,,0.000,anchor,0.478,
9b12f8b5efe2487988551b35c3d47c91,742896640,Maroantsetra,2026-02-14,,0.000,anchor,0.516,
82e10e5e74024099aa98de7a06c1477f,742896640,Maroantsetra,2026-02-14,,0.000,anchor,0.515,
bae1ba4ed2a34f1993896fb3134fa960,742896592,Maroantsetra,2026-08-18,,0.000,anchor,0.472,
1fb9e5728d3e4d21b2a8b3dbb45518d7,742896592,Maroantsetra,2026-08-18,,0.000,anchor,0.544,
2424c3126e834f759f802bfc1169dac1,742896633,Maroantsetra,2026-08-18,,0.000,anchor,0.548,
21625754b6124276b7cb81b63080858b,773028603,Maroantsetra,2026-06-10,2026,0.871,sideways-anchor,0.646,oy2026 ID:773
7cfaab1720154ef89d7290ca23c161c0,773028603,Maroantsetra,2026-06-10,2027,0.882,anchor,0.638,oy2027 ID:773
2c12db6d1e84426d8130a0a43a021f90,742894796,Fort-Dauphin,2026-05-22,2026,0.895,anchor,0.677,py2026ID
651654d79c3f4be0b0753303bba68736,786872060,Maroantsetra,2026-05-22,2026,0.982,anchor,0.630,y2026ID
9d34efa928f248c48ba2c8b4d0828ecd,786872060,Maroantsetra,2026-05-22,2027,0.950,anchor,0.641,y2027 ID
0ba1e624feb14d6999d43111e40e34ad,742894521,Fort-Dauphin,2026-01-16,2026,0.998,sideways-anchor,0.857,2026
1bc73444904449c994132e66cce5c51a,742894590,Fort-Dauphin,2026-01-15,2025,0.999,sideways-anchor,0.640,2025
7067a5afc0eb444c94184fcc3280ff05,742894514,Fort-Dauphin,2026-01-14,2026,0.965,sideways-anchor,0.736,2026ID:2
67d907b60809409fb8a0f52a25aa0c83,742894648,Fort-Dauphin,2026-01-15,2026,0.998,anchor,0.731,2026
9f86484cac2c43bb9dfc6efb5075eace,742894662,Fort-Dauphin,2026-01-14,2026,0.899,sideways-band,0.437,2026ID: 742294662
dcfb9332d9244e4a83bd7174fe1a0120,742895278,Fort-Dauphin,2026-01-21,2025,0.999,anchor,0.802,2025
129df62bb42944e4b8f011fd294fcdf1,742895278,Fort-Dauphin,2026-01-21,2025,0.998,anchor,0.708,2025
fe1d1f57c65d44f383221a4a12814cf8,742897854,Maroantsetra,2025-09-21,,0.000,anchor,0.481,
5bec8442cfab49bba916a81e40a406df,742897854,Maroantsetra,2025-09-21,,0.000,anchor,0.478,
f881ef13fb384747afa9c91898503340,742895814,Fort-Dauphin,2025-09-21,2026,0.889,anchor,0.682,2026 ID:
33610891bf1f411e8411f00ae733aacf,670401684,Fort-Dauphin,2025-12-12,2025,0.999,band,0.595,2025
51b553c4d0c6405fbd48dfb38c8f0f2a,698772087,Maroantsetra,2026-01-26,2024,0.998,anchor,0.693,2024
ed814abbeb50451da3e44619c0f4f712,698772087,Maroantsetra,2026-01-26,2025,0.923,sideways-anchor,0.693,2025ID:698.
0c282eb9f80143a2b3fb65110c2390d4,699595728,Maroantsetra,2026-03-12,2026,0.978,sideways-anchor,0.643,y2026ID
c25d93d862a04c50b64dc8017108c40f,699595728,Maroantsetra,2026-03-12,2027,0.926,sideways-anchor,0.658,py2027ID
b32ba7178f2e4b1b987ac87887b71cd3,699595845,Maroantsetra,2026-03-11,,0.000,anchor,0.468,
a3fa125acaea4f3bac207e301f9e54e5,699595845,Maroantsetra,2026-03-11,2027,0.851,anchor,0.609,py2027 ID:699
220020af167242cb9b7be34376177df0,699595845,Maroantsetra,2026-03-11,2026,0.892,sideways-anchor,0.632,py2026ID
bf010f3a49854addad821269d65ecfc6,742972377,Maroantsetra,2026-03-11,2027,0.923,anchor,0.624,y2027ID:74
378574f01f1c4461bbac134a2363baef,742972377,Maroantsetra,2026-03-11,2026,0.898,sideways-anchor,0.635,y2026ID:74
895cec0339e14d97b55215c62ed1a9cf,699595948,Maroantsetra,2026-03-12,2027,0.869,anchor,0.669,oy2027 ID :699
37c268a99f8b43ceb172a69dde5b8320,699595948,Maroantsetra,2026-03-12,2026,0.940,sideways-anchor,0.646,y2026ID:
a391f8103000443dba90d61e14cf264c,742898044,Maroantsetra,2026-03-12,,0.000,anchor,0.510,
0e7e1f784b0442349adb036208d1d22a,742898044,Maroantsetra,2026-03-12,,0.000,anchor,0.510,
ed3d0478057d4c6aa04a5b7e9892a252,699595711,Maroantsetra,2026-03-12,2027,0.896,anchor,0.647,y 2027 ID :69
da7c527db0d24d788aaad652c99e53c4,699595711,Maroantsetra,2026-03-12,2026,0.879,anchor,0.671,py2026 ID:699
97273e07cdcc444aad9ebd400c579d2d,782134533,Maroantsetra,2026-03-12,2027,0.925,anchor,0.642,y2027 ID:78
f7c7f2410c6147d7baca4b3a63495d8d,782134533,Maroantsetra,2026-03-12,2026,0.888,anchor,0.566,py2026ID :782
0c3743c24a734653991fa8edba1efb5c,699595759,Maroantsetra,2026-03-12,2027,0.864,anchor,0.634,py 2027 ID :699
8c117b961eaf49a596604bd71e0e63aa,699595759,Maroantsetra,2026-03-12,2026,0.934,anchor,0.645,y2026ID:
dda6f09b4a114d52a4d4ed6e62538e80,699595649,Maroantsetra,2026-03-13,2027,0.971,anchor,0.628,2027ID
f38c45c6ccdd4393a69ee2a2d7c3ab3f,699595649,Maroantsetra,2026-03-13,2026,0.856,sideways-anchor,0.685,oy2026 ID :699
1734542d7fab4ceda5f777a55ee60629,771580686,Maroantsetra,2026-03-13,2027,0.894,sideways-anchor,0.591,y2027ID:
1ae27d4211c24b63b35cee0c74e3206e,771580686,Maroantsetra,2026-03-13,2026,0.950,sideways-band,0.474,paompy2026ID:771580686
f62a1b09178042f78b4550b7f34e0284,699595632,Maroantsetra,2026-03-12,2027,0.864,anchor,0.691,py2027ID:
816f4a47be714200aa060d9d559aee66,764113653,Maroantsetra,2026-03-13,2024,0.999,band,0.602,2024
5035bf40490743209f6c9f7c3b0baaad,764113653,Maroantsetra,2026-03-13,2025,0.910,anchor,0.732,2025 ID:764
5d032c4398ae45629d394a602e604a36,771580710,Maroantsetra,2026-03-13,2026,0.905,anchor,0.530,y2026 ID:77
527438b43c624b81b58a48d38304ad88,771580710,Maroantsetra,2026-03-13,2027,0.978,band,0.454,y2027ID
dfd64a6484134b279b36ea74417fd46a,699595876,Maroantsetra,2026-04-21,2027,0.878,anchor,0.585,oy2027ID
f361c440c5064dc7a8a04d1b58dec28a,699595876,Maroantsetra,2026-04-21,2026,0.939,anchor,0.645,py2026ID
846920798fc24064806b8080b3ee4192,771580734,Maroantsetra,2026-03-13,,0.000,anchor,0.482,
4066f37b8690454c92decdf7b2148b24,771580734,Maroantsetra,2026-03-13,2026,0.865,anchor,0.646,py 2026 ID : 77/5
19d7ef14a0ac4d718cbd7110b37db155,771580734,Maroantsetra,2026-03-13,2027,0.939,band,0.671,paompy2027ID:771580734
b1a50652703f4b07b176ff55a49c0266,771580741,Maroantsetra,2026-03-17,2027,0.957,anchor,0.589,y2027ID
6278c7183e8247e3b989c0631a23d000,771580741,Maroantsetra,2026-03-17,2026,0.911,anchor,0.648,oy2026ID:771
00c3439705a74217a2b256b21d426fab,771580741,Maroantsetra,2026-03-17,2027,0.884,anchor,0.629,oy2027 ID:771
5bbcf35c98a1405aaf41c8455cb5f3a1,699595917,Maroantsetra,2026-03-17,2026,0.917,sideways-anchor,0.654,py2026ID:699
9baa8b57765d4920a3354dd2c310951f,699595917,Maroantsetra,2026-03-17,2027,0.876,sideways-anchor,0.627,oy2027ID:699
d86f3931421b459aa00b308b8442f87e,699595883,Maroantsetra,2026-03-17,2027,0.893,anchor,0.626,py2027 ID:699
898337830d54474a81518bd681726dff,699595883,Maroantsetra,2026-03-17,2026,0.908,sideways-anchor,0.670,py2026ID:699
41e872349fac4f9c9973d357b4a053d3,771799262,Maroantsetra,2026-03-18,2027,0.925,anchor,0.571,y2027 ID :771
0383ce991e5f4e94b2ec13d0ccdcbe35,771799262,Maroantsetra,2026-03-18,2026,0.885,anchor,0.611,oy 2026 ID : 771
6afefb72272f4e06a68dd1ff1eeff1b3,771799231,Maroantsetra,2026-03-18,2026,0.903,sideways-anchor,0.720,oy2026ID:771
d7f630582a554248903f59a7224a9b3b,771799231,Maroantsetra,2026-03-18,2027,0.917,sideways-anchor,0.656,y2027 ID:771
252095b2dabb4ae09ce3a666582094be,771799255,Maroantsetra,2026-03-18,2027,0.942,anchor,0.579,y2027 ID:765
9d073dc37f324b8188c2cf19934dc53d,771799255,Maroantsetra,2026-03-18,2026,0.921,sideways-anchor,0.622,y2026ID:765
da549726d9fa44449f97588e5d59e502,771799293,Maroantsetra,2026-08-19,,0.000,anchor,0.505,
56c6182e96724ac59667a1d9171d4711,771799293,Maroantsetra,2026-08-19,2026,0.937,band,0.544,paompy 2026ID :771799293
68d73ad4446c45b490f318cd7ae0585e,771799293,Maroantsetra,2026-08-19,2027,0.892,anchor,0.648,oy2027ID:771
a002abb84997473e9ce0df54c8765e8e,699595900,Maroantsetra,2026-03-19,2026,0.870,anchor,0.672,oy2026 ID:69
e0c8b6d5055949c08a9559d9b5fa9f31,699595900,Maroantsetra,2026-03-19,2027,0.879,sideways-anchor,0.628,py 2027 ID:699
656cc0d4b9664bb99980a208a7d65963,820780971,Maroantsetra,2026-06-16,2025,0.998,anchor,0.851,2025
cb80d1ab82114b2d93689db7f076a3d6,820780971,Maroantsetra,2026-06-16,2026,0.998,anchor,0.651,2026
15a311adb3374d6a9ed9d0c8d1223430,817548803,Maroantsetra,2026-06-16,2026,0.998,anchor,0.786,2026
f580f314a2074deabf691f3699bc5b62,817548803,Maroantsetra,2026-06-16,2025,0.884,anchor,0.752,2025ID:8/1
2aac0fa7d5324aa69b10d610c1de940d,905251279,Maroantsetra,2026-06-16,2026,0.924,sideways-anchor,0.740,2026 ID:
5e03f1f631254c3bbd4ecca981addbcd,905251279,Maroantsetra,2026-06-16,2025,0.998,anchor,0.779,2025
c71481abe93e46a6a39476ae9db8ffb8,771799303,Maroantsetra,2026-03-19,2026,0.984,anchor,0.710,y2026ID
4cf00a04deb742ed848d2e24eaee9eb1,771799303,Maroantsetra,2026-03-19,2027,0.798,anchor,0.643,py 2027 ID :71
958231636c324ea5b0fa982b74c9c0c2,771799286,Maroantsetra,2026-03-19,2027,0.928,anchor,0.636,py2027ID
0bf6937278714e7a8d6f3261168ac12c,771783434,Maroantsetra,2026-03-19,2027,0.828,anchor,0.636,py2027 ID:771
1e082fcaf8f547be90d6f4223ac46b7a,771783434,Maroantsetra,2026-03-19,2026,0.841,sideways-anchor,0.679,oy2026 ID :771
1f1bd1a7e7c14dc78394af15bf7ae0c1,773614497,Maroantsetra,2026-03-20,2025,0.999,band,0.560,2025
55d619d553aa445e92e5a977f9c11777,699595869,Maroantsetra,2026-03-19,2027,0.853,anchor,0.644,py 2027 ID :699
6f4cc8c0133c449ca77a7d6574dd8a2b,699595869,Maroantsetra,2026-03-19,2026,0.888,anchor,0.652,py 2026 ID :69
6f5394a46ccb4a10a0bd30d6855423cf,771799248,Maroantsetra,2026-03-20,2027,0.870,anchor,0.673,py 2027 ID :771
3e3d463d108443d9981e1d6df87186b9,771799248,Maroantsetra,2026-03-20,2026,0.869,sideways-anchor,0.680,oy 2026 ID :771
40b4dd316b05448bbe879b4322c1a28a,742897108,Maroantsetra,2025-10-02,,0.000,anchor,0.454,
955362fe39074484a5f3e6238cad6fc9,742897108,Maroantsetra,2025-10-02,,0.000,anchor,0.567,
54ce43c7532044eb92cd8f21a551829c,771799255,Maroantsetra,2026-08-12,2026,0.904,anchor,0.506,py2026ID
f775201577714392904f8133247c055a,771799255,Maroantsetra,2026-08-12,,0.000,anchor,0.544,
cd0888abe3464564adfe04fd101e2443,771799255,Maroantsetra,2026-08-12,2027,0.917,band,0.549,pa0mpy2027ID:765730220
21269b8ce6db4167ab8b154bc72ca92a,742897328,Maroantsetra,2025-10-02,,0.000,anchor,0.480,
448890d639444848b8c47cf9dd383e4d,905251255,Maroantsetra,2026-06-16,2026,0.899,sideways-anchor,0.661,2026 ID:9052
16a1f6db289842ff8f7a46d392258a47,905251255,Maroantsetra,2026-06-16,2025,0.941,anchor,0.878,2025 ID:905
14adf3a6ef884a32aa91797ef6a401e3,742897232,Maroantsetra,2025-10-02,,0.000,anchor,0.477,
0ad0241fb47a45878c941e9f9ca12cbb,905251293,Maroantsetra,2026-06-17,2026,0.890,band,0.612,2026ID:905251293
a168b78473be43e39e503491cdba75b3,905251293,Maroantsetra,2026-06-17,2026,0.998,anchor,0.682,2026
a577699587884bacb75972f95523aedf,905251293,Maroantsetra,2026-06-17,2025,0.941,anchor,0.883,2025 ID:905
91a5e3af0851486dbd4d081f6fd6641d,742897335,Maroantsetra,2025-10-02,2024,0.582,sideways-band,0.480,2024
8ee5ccac186a453182819e791d67725e,742897335,Maroantsetra,2025-10-02,2025,0.968,band,0.559,2025
767469f0ce7646a28d8cb69749fb0665,820198370,Maroantsetra,2026-06-16,2026,0.862,anchor,0.720,2026ID: 620
a0c24d7ee0ae427e8a579ebe9f3dc291,820198370,Maroantsetra,2026-06-16,2025,0.938,anchor,0.801,2025 ID:820
151e727dbb3e438296c7938a9fa80faf,742897074,Maroantsetra,2025-10-03,,0.000,anchor,0.520,
3909848e0bb24cd7943ec89ebb2a97d8,742897074,Maroantsetra,2025-10-03,,0.000,anchor,0.559,
d37f559fc936478299ca207947bb6d7d,742897397,Maroantsetra,2025-10-03,,0.000,anchor,0.471,
c54acd9e6c8f47679bcf3b07e15d673b,905251262,Maroantsetra,2026-06-16,2026,0.998,anchor,0.544,2026
07c7fe76818045eaa1585209362c6bc5,905251262,Maroantsetra,2026-06-16,2026,0.954,sideways-anchor,0.865,2026 ID:905
0b78321c9e1345fdb78dae6c22322a58,905251262,Maroantsetra,2026-06-16,2025,0.950,sideways-anchor,0.817,2025 ID:905
b804c466729b4977b3c9a957f4bd93dd,819378051,Maroantsetra,2026-06-17,2026,0.997,anchor,0.959,2026
bcb55d5dd9864ea09077cf57106b1884,819378051,Maroantsetra,2026-06-17,2025,0.918,anchor,0.787,2025ID:89
ab0d155c88174d0fb8af72e3cf700dd1,897922519,Maroantsetra,2026-06-19,2026,0.906,anchor,0.639,2026 ID:89
07eff65e931a4f4f94e05d98a6b95537,742897098,Maroantsetra,2025-10-03,2025,0.947,band,0.570,2025
a73a9a12da8245a4aed0bdbb20ed8fd9,742897098,Maroantsetra,2025-10-03,2024,0.975,band,0.572,2024
a70e3708f72d471fa54503d751b8d9a2,905251248,Maroantsetra,2026-06-18,2026,0.947,anchor,0.711,2026 ID:905
aaa677f2daa140d2a974e8b6f1b0dc2c,905251248,Maroantsetra,2026-06-18,2025,0.998,anchor,0.787,2025
c4e3617ffef94b518ba5d8abf1ad232a,813642325,Maroantsetra,2026-06-18,2026,0.998,anchor,0.722,2026
7c29c57d8a58439da226ccd489d8c91d,813642325,Maroantsetra,2026-06-18,2025,0.935,anchor,0.855,2025 ID:813
219ffc1020a24077a8a546383020089b,813642325,Maroantsetra,2026-06-18,2026,0.949,anchor,0.840,2026 ID:813
601b32e7fd664d4baad6245d6f81728c,742897218,Maroantsetra,2025-10-04,,0.000,anchor,0.574,
975ef23d898e4fc7978ea9912379f61d,742897218,Maroantsetra,2025-10-04,,0.000,anchor,0.509,
01373e0c065441ce9f3b91447adcb173,742897153,Maroantsetra,2025-10-04,2025,0.997,band,0.544,2025
95ce4bb8f39a4f98b33fb738281861d9,742897153,Maroantsetra,2025-10-04,2024,0.949,band,0.568,2024
eec056ae32cf4fb0b23b480f0509a9a1,742898013,Maroantsetra,2026-03-25,2026,0.903,anchor,0.637,py2026ID:74
6abb28993dd6459da7bd4066694a36a7,742897658,Maroantsetra,2026-03-25,2027,0.868,anchor,0.623,py2027ID
48ea8d5a495944e1bacd8bfece2392a9,742897658,Maroantsetra,2026-03-25,2026,0.952,band,0.632,paompy2026ID:
c8b4530fc8cf4c4d87351ed2697c7d7a,742896334,Maroantsetra,2025-10-09,,0.000,anchor,0.458,
fc05a4b53a4e4355ae701644972facf3,742896334,Maroantsetra,2025-10-09,,0.000,anchor,0.588,
ec6e1dd1ae6f40eb80091cb923b054d3,742896334,Maroantsetra,2025-10-09,2024,0.855,sideways-band,0.493,2024
e240216764de4fffbda1bb159a659724,786871997,Maroantsetra,2026-06-03,,0.000,anchor,0.130,
ae91f7b8bb4d4a60bde0f22392fca2ad,742895649,Maroantsetra,2025-11-12,,0.000,anchor,0.477,
da6dc344f5914a77b2407831b0d26309,742895649,Maroantsetra,2025-11-12,,0.000,anchor,0.572,
49553f53381b4a8bb6e72528c8f79fe1,742895649,Maroantsetra,2025-11-12,,0.000,anchor,0.594,
bfa29fcede5a401a81bd47a2019970b5,825513589,Maroantsetra,2026-06-03,,0.000,anchor,0.428,
153fa25eb70640e88c6de732fc29e02e,825513589,Maroantsetra,2026-06-03,,0.000,anchor,0.492,
9616721afd2144cba635df8b18f22c42,825513589,Maroantsetra,2026-06-03,,0.000,anchor,0.492,
6c3259567e624774aff06f38ea929f9d,699596925,Maroantsetra,2026-05-19,,0.000,anchor,0.492,
c07cf639410b447b937515a8277d6b81,699596925,Maroantsetra,2026-05-19,2026,0.881,sideways-anchor,0.698,py 2026ID:69
e980d4a2d8d748078b5ef7ec2ed6326e,905251327,Maroantsetra,2026-06-04,2025,0.999,anchor,0.818,2025
4ca84c1ebff847459a8ed9022487dd95,905251327,Maroantsetra,2026-06-04,2026,0.935,band,0.672,2026 ID:905
ac0004f523b347e1997c991af27ad964,742897407,Maroantsetra,2025-09-20,2024,0.000,band/redo,0.574,
4b542c42fc324006acc4a2b00877df44,742897407,Maroantsetra,2025-09-20,2025,0.999,sideways-band,0.487,2025
69e00cf340b24f28b2fd063d055d4efd,742897407,Maroantsetra,2025-09-20,,0.000,anchor,0.600,
0d0e8440e1ce42c8ba1145f416337fdc,742897407,Maroantsetra,2025-09-20,2025,0.998,sideways-band,0.501,2025
9945dd2088c944c09d67f8e3ca0b997c,742897627,Maroantsetra,2025-10-05,2025,0.982,band,0.545,2025
4cd8139645c5415d8a947a771cfe53c5,742897627,Maroantsetra,2025-10-05,2024,0.000,band/redo,0.563,
832445a032a24f51879d01ad83204185,742897627,Maroantsetra,2025-10-05,,0.000,anchor,0.577,
e48b02cdc79b494987d273445171ad80,742897627,Maroantsetra,2025-10-05,,0.000,anchor,0.610,
71b742103c4647af944e2dd315aa1b4e,742897548,Maroantsetra,2025-09-25,2024,0.822,band,0.468,2024
091774033d5b4bdc899cd46e1db875b2,742897548,Maroantsetra,2025-09-25,2025,0.999,band,0.590,2025
6a28b99ef50642eb958dd8d67588cb16,742895539,Maroantsetra,2025-11-13,,0.000,anchor,0.572,
1e5e819198ca4081a61b32f5b50fe01f,742895539,Maroantsetra,2025-11-13,,0.000,anchor,0.478,
0a84af55daf04639a5561a818d1f1f73,742895326,Maroantsetra,2025-11-14,2024,0.970,sideways-band,0.481,2024
65932d79698847ea8430a8c4a383bdd8,742895515,Maroantsetra,2025-11-14,,0.000,anchor,0.480,
972722f20c5c4878ae34409d6f715c0b,742895515,Maroantsetra,2025-11-14,2025,0.980,sideways-band,0.466,2025
9232c39d80b449df90a74baf1f352758,742895515,Maroantsetra,2025-11-14,,0.000,anchor,0.468,
8fba92281c98423184b07c75e3d1f711,742895584,Maroantsetra,2025-11-14,,0.000,anchor,0.615,
2062ce5c508b4c1cb84eaf13fbe271ba,742895948,Maroantsetra,2025-11-24,2025,0.761,band,0.601,2025
aed2bfab599a475983f462fe352f69bc,742895948,Maroantsetra,2025-11-24,,0.000,anchor,0.574,
e2e70f7dc14941ba91bb63bbf536126b,742896183,Maroantsetra,2025-11-26,,0.000,anchor,0.450,
ad7ece85be51444fbfce94177fe7dbb4,742896183,Maroantsetra,2025-11-26,,0.000,anchor,0.589,
5278a60bc7c940bd9dd4868147cf78cb,742896011,Maroantsetra,2025-11-27,,0.000,anchor,0.484,
e5838cd0455348539983e09190987be5,742896011,Maroantsetra,2025-11-27,,0.000,anchor,0.563,
6f76c42e74a4499fb2e4227a47283990,742896011,Maroantsetra,2025-11-27,,0.000,anchor,0.586,
74b8d50af0e944edb5a282a94ad65728,742895986,Maroantsetra,2025-11-28,,0.000,anchor,0.472,
4d08e8929e45433b9fa05080ef090ac3,742895986,Maroantsetra,2025-11-28,,0.000,anchor,0.561,
d81551da641146aba1faa33d558ddf2f,742896035,Maroantsetra,2025-11-28,,0.000,anchor,0.505,
a512df80698c4cf3b09e70a991ed45fa,742896035,Maroantsetra,2025-11-28,2025,0.968,band,0.563,2025
bd0938cffd8046998515f87ffa863d65,742896035,Maroantsetra,2025-11-28,2025,0.968,band,0.563,2025
af4159b5536a43c88ffb022e6989074f,742896042,Maroantsetra,2025-11-28,,0.000,anchor,0.558,
c208a5f17ff54d5caf2bb4abe27a5923,742896042,Maroantsetra,2025-11-28,,0.000,anchor,0.502,
c2852f73fcf7437782b34502574c3a56,742896059,Maroantsetra,2025-11-28,2025,0.988,sideways-band,0.481,2025
4895441e77e74c138741e314ff0d463d,742896059,Maroantsetra,2025-11-28,2024,0.867,sideways-band,0.468,2024
f74c8350c18e48a09afd58a444ca96b3,742896080,Maroantsetra,2025-12-01,,0.000,anchor,0.569,
63265ae7d75f434a8156c0aedb8f96cd,742897641,Maroantsetra,2025-09-20,2025,0.965,sideways-band,0.473,2025
4261d41fb3b149318a97663b8bdf213f,742897641,Maroantsetra,2025-09-20,2024,0.838,band,0.633,2024
052f8f8006fb48b9b5a06345444202f9,742897696,Maroantsetra,2025-09-19,,0.000,anchor,0.480,
7c051b4c5cbc4eb285a83626477a35ac,742897696,Maroantsetra,2025-09-19,,0.000,anchor,0.567,
6e62525846574f319460eaaecf84aea5,742897665,Maroantsetra,2025-10-05,2025,0.999,band,0.579,2025
85059ba1b9064610867d512124ba26ff,742897665,Maroantsetra,2025-10-05,2024,0.000,band/prev,0.537,
4780697bc1ef4a3f9d038d6d39a11c68,699596736,Maroantsetra,2026-01-11,2025,0.863,anchor,0.579,2025 ID:6g9
c0651e88db664c698de97ea8f36a58a6,699596736,Maroantsetra,2026-01-11,2024,0.998,anchor,0.755,2024
9f87627325af4fae9926d4240194e906,698771907,Maroantsetra,2026-01-11,2025,0.940,anchor,0.678,2025ID:698
1e9279e39ac24c2ea9114b93b304b987,698771907,Maroantsetra,2026-01-11,2024,0.999,sideways-anchor,0.722,2024
d257bcf1342d4e05869608ee9d257147,698771897,Maroantsetra,2026-01-11,2025,0.999,anchor,0.761,2025
6020f1c1d78c4eada1ca85d8bf556f10,698771897,Maroantsetra,2026-01-11,2024,0.999,anchor,0.726,2024
652b201ee4a14fef995f521d1d4a74b6,699596743,Maroantsetra,2026-01-11,2025,0.928,anchor,0.733,2025 ID:698
dbfcb96b14144693981464edd3034c16,699596743,Maroantsetra,2026-01-11,2024,0.999,anchor,0.739,2024
c73237db55e9454bb00c3dbc3550fb76,699596750,Maroantsetra,2026-01-12,2025,0.925,anchor,0.688,2025 ID:699
13e546f20ec3470bb453bfc6b9ae606e,699596750,Maroantsetra,2026-01-12,2024,0.999,anchor,0.678,2024
743ada57741443189105079adfdceb8d,742897438,Maroantsetra,2025-09-21,2025,0.943,sideways-band,0.461,2025
f6562d14e3e54b30a83ce68c32f226cb,742897438,Maroantsetra,2025-09-21,2024,0.986,sideways-band,0.464,2024
6c56f5c845064812bf3800803281df05,742897438,Maroantsetra,2025-09-21,,0.000,anchor,0.487,
b796027bc6ad49bb9ada4813de4a69ec,742897672,Maroantsetra,2025-09-20,2024,0.991,sideways-band,0.504,2024
28d19e84802a44caa66847ea87113551,742897672,Maroantsetra,2025-09-20,2025,0.999,sideways-band,0.466,2025
d9ced5b001674eef860e2318e8e04dbf,742897816,Maroantsetra,2025-09-20,,0.000,anchor,0.555,
db4ddf895cbf4dd7986453eca17b094b,742897720,Maroantsetra,2025-09-20,,0.000,anchor,0.527,
ceded384a4044307b728e57b9651fb14,742897720,Maroantsetra,2025-09-20,,0.000,anchor,0.591,
30b2c41a260e40fd9c07ff354bdb2880,742897720,Maroantsetra,2025-09-20,,0.000,anchor,0.606,
a60998b4d7054e4995603f22e9b737b4,742897720,Maroantsetra,2025-09-21,2024,0.965,band,0.572,2024
26a60d47e9ca44a5a55303d814180e26,742897720,Maroantsetra,2025-09-21,2026,0.985,band,0.572,2026
8d74cb71ae12404c9afe1c7fdaafc5e2,742897775,Maroantsetra,2025-10-12,2025,0.999,sideways-band,0.480,2025
5e520c2867e74511928f6adcfdb5c5db,897923486,Maroantsetra,2025-09-25,,0.000,anchor,0.420,
f259deb045ef4f209fb6ac3fe221761a,742897885,Maroantsetra,2025-09-24,2024,0.835,band,0.557,2024
ac1d69ac9ee8473683df7c1c7aacf06a,742897885,Maroantsetra,2025-09-24,2025,0.990,band,0.546,2025
d50f88fbfaf0402dbbc726cf62d6df17,742897830,Maroantsetra,2025-09-24,,0.000,anchor,0.509,
6ac83d7a32fd4c62b5bfda0a5c17b3e1,742897830,Maroantsetra,2025-09-24,2025,0.998,sideways-band,0.498,2025
71dca4f3cca04a31a65db7900886e478,786865303,Maroantsetra,2026-07-09,2025,0.921,anchor,0.805,2025 ID:186.8
66acd4d4c69d48bfbc302e4a3e4b55a6,786865303,Maroantsetra,2026-07-09,2026,0.998,sideways-anchor,0.778,2026
f0775542a7a24d0693b59e5875d233ea,784302954,Maroantsetra,2026-07-09,,0.000,anchor,0.452,
c44e54d6dcf0415aa837c2d998890845,784302954,Maroantsetra,2026-07-09,2025,0.917,anchor,0.748,2025 ID:18L
6638f1765eeb4f0bbe41fa1112446583,784302954,Maroantsetra,2026-07-09,2026,0.998,sideways-anchor,0.776,2026
7484c6f136df4096b313427af08fd400,781940247,Maroantsetra,2026-07-10,2026,0.999,anchor,0.655,2026
ecbb911675cb4119b47219aea0cd6584,781940247,Maroantsetra,2026-07-10,2026,0.860,anchor,0.774,2026 ID:781
bc3510a6dc7440f6940c5792f57af25f,781940247,Maroantsetra,2026-07-10,2025,0.998,sideways-anchor,0.746,2025
85d3ae971b58406a9f05f1da67a64263,833033064,Maroantsetra,2026-07-10,2026,0.943,anchor,0.760,2026 ID:833
7de8c90c813645d7864ff45f33b8f704,833033064,Maroantsetra,2026-07-10,2025,0.957,anchor,0.784,2025 ID:833
629505a90cda4829ad09cbe517465db4,698771938,Maroantsetra,2026-01-12,2024,0.859,band,0.481,2024ID:
84c11ef987eb41159a4422fedcf05c4d,698771938,Maroantsetra,2026-01-12,2024,0.999,anchor,0.711,2024
07bf1bc96b8c49ca977de4f8f943741c,698771938,Maroantsetra,2026-01-12,2025,0.974,anchor,0.707,2025ID:698
778e8173f8d84fc294132548800272d2,699596808,Maroantsetra,2026-01-12,2024,0.999,anchor,0.711,2024
8c60a53984e2473c80a5284c1648b02c,699596808,Maroantsetra,2026-01-12,2025,0.943,anchor,0.746,2025 ID:699
df92ecce7b534bb38a7abcf308761cba,699596767,Maroantsetra,2026-01-12,,0.000,anchor,0.489,
d5da1978b9e44da0b9240faec3d08dff,699596767,Maroantsetra,2026-01-12,,0.000,anchor,0.489,
55afe3a9bb854e95ae5c26831b3e26fd,833032630,Maroantsetra,2026-07-30,2027,0.904,anchor,0.644,y2027 ID:833
307c5201b8874de19d6d07dcebba93b2,833032630,Maroantsetra,2026-07-30,2026,0.862,anchor,0.651,oy2026ID :833
cccd62b977b94894a36c2c00dec17bcb,742895333,Fort-Dauphin,2026-05-15,2026,0.998,anchor,0.800,2026
c066931da1424f5eb58344e6ed6fa6f9,742894844,Fort-Dauphin,2026-05-15,2026,0.998,anchor,0.935,2026
e9c26d924f8d46ea928ffd78fc437ebd,698772001,Maroantsetra,2026-01-15,2024,0.999,anchor,0.660,2024
28813cc9baeb4ca19a4958ff1f420eaa,698772001,Maroantsetra,2026-01-15,2025,0.930,anchor,0.734,2025 ID:698
412edb1266d0470090bfd32e7a083609,698771976,Maroantsetra,2026-01-19,2024,0.999,anchor,0.735,2024
d04f1b7d2e5e4ffb88f6f68259916163,698771976,Maroantsetra,2026-01-19,2025,0.863,anchor,0.649,2025 ID:6984
e64071b3dae7432e81ea578380771a4f,698771952,Maroantsetra,2026-01-14,2025,0.973,sideways-anchor,0.743,2025ID:
39d4f7b1cde94f8aa995204c9234a99f,698771952,Maroantsetra,2026-01-14,2024,0.998,sideways-anchor,0.807,2024
ebd830a23f3f4f759a91a49e0132b1fd,699596853,Maroantsetra,2026-01-15,2025,0.911,anchor,0.799,2025 ID:699
f5754cf1a09d4f39bb2bd94e541b7831,699596853,Maroantsetra,2026-01-15,2024,0.999,sideways-anchor,0.717,2024
4e4b584d7ec74fce8c14c97daaaa75f7,699596932,Maroantsetra,2026-01-27,2025,0.925,sideways-anchor,0.724,2025ID:699
29c4970b4c434aa0b36055cbf11d7ee8,699596932,Maroantsetra,2026-01-27,2024,0.999,anchor,0.620,2024
1faf66d08bd44a409013f39a6e59630d,742895742,Fort-Dauphin,2026-05-15,2026,0.998,anchor,0.693,2026
176f3f435f414514849dd6b17d27a04d,698772032,Maroantsetra,2026-01-27,2024,0.999,sideways-anchor,0.686,2024
b414ad8caeb842d48fc4adcc7fabf69d,698772032,Maroantsetra,2026-01-27,2025,0.999,anchor,0.719,2025
df18b7bd582b4cce98ac15f03e63248a,698772056,Maroantsetra,2026-01-31,,0.000,anchor,0.466,
520cecad1a5a4eda8871b3725197c782,698772056,Maroantsetra,2026-01-31,2024,0.999,anchor,0.722,2024
1ec8acec4d7748bfb1967a4c584575ef,698772056,Maroantsetra,2026-01-31,2025,0.936,sideways-anchor,0.721,2025 ID:698.
5e9c539af6524ce786ebe716778428bf,699596956,Maroantsetra,2026-01-31,2025,0.952,anchor,0.726,2025 ID:699
2e482cf1ef254d4c8870d0f50f55b3d8,699596956,Maroantsetra,2026-01-31,2024,0.999,anchor,0.725,2024
99b5d3e825a947fbaf73dde13f4a3026,742894662,Fort-Dauphin,2026-05-22,2026,0.997,anchor,0.822,2026
3c2a421a648442c7a7c8f72606ba9f36,742893836,Fort-Dauphin,2026-05-21,2026,0.921,anchor,0.625,py2026ID
4a87861d604f47e3a8a9263ac5fc5cff,742897902,Maroantsetra,2025-09-25,,0.000,anchor,0.493,
4bea20a5c1334019b8cf5e33083e24d9,742897902,Maroantsetra,2025-09-25,2025,0.997,band,0.542,2025
d6557343015144e2ae045620a82d25e0,742897177,Maroantsetra,2025-09-25,,0.000,anchor,0.436,
ef627f0843ca472ea3b6663d6c6f3687,742897177,Maroantsetra,2025-09-25,,0.000,anchor,0.515,
044042b78544420596f97c71391f94d1,742897270,Maroantsetra,2025-09-27,2024,0.997,band,0.546,2024
3a3e868cd78840528a2c493f0cdc877c,742897294,Maroantsetra,2025-10-02,2025,0.825,band,0.529,2025
df4d4629ea8a464a88d6ec650ab3e12c,742897294,Maroantsetra,2025-10-02,,0.000,anchor,0.481,
02dce8b6aee348539d4b0cc4bed34f61,742896406,Maroantsetra,2025-10-08,,0.000,anchor,0.635,
c40241b5ab794853bad0e5ef6118109e,742896406,Maroantsetra,2025-10-08,,0.000,anchor,0.514,
dadfb5d6f27a458081f4178099adb88b,742896372,Maroantsetra,2025-10-08,,0.000,anchor,0.588,
df713f93bdfc439cbdd062ffe7481e4d,742896372,Maroantsetra,2025-10-08,,0.000,anchor,0.577,
842ce4c37d50494190d89f79501a7ac6,742896293,Maroantsetra,2025-11-24,,0.000,anchor,0.506,
996c77881ff14e4d985534f4597070b1,742896293,Maroantsetra,2025-11-24,,0.000,anchor,0.501,
e3d67ce9d7314d859f4bd4724df4c561,742896293,Maroantsetra,2025-11-24,,0.000,anchor,0.497,
ea22ef2316cb4e20bfb75724fe1425ef,742896413,Maroantsetra,2025-10-10,2024,0.941,band,0.585,2024
7b86dca7c5094750bd0646c83cf749b2,742896413,Maroantsetra,2025-10-10,2025,0.999,band,0.583,2025
64982d00c7f347ddbf268b6565736b2b,742896482,Maroantsetra,2025-10-10,2025,0.979,band,0.547,2025
3ceff64ce7794448b7de2d4fa56895fc,742896482,Maroantsetra,2025-10-10,,0.000,anchor,0.571,
6ec404d7f22345c993768cc4b0a45452,742896303,Maroantsetra,2025-10-11,,0.000,anchor,0.469,
16d50fd4fb92490189c35bb6ebb68e8b,742896509,Maroantsetra,2025-11-24,,0.000,anchor,0.650,
d6a937e782424ef7bf8aeaea7897027a,742896509,Maroantsetra,2025-11-24,,0.000,anchor,0.539,
bc65de50c66744638a5c1937149bfac5,742896530,Maroantsetra,2025-10-18,,0.000,anchor,0.562,
fa2b9bbc3b874c3f8117fdfa64ec9329,742896516,Maroantsetra,2025-10-23,,0.000,anchor,0.450,
96615c1817784ec3b113ed7af7f6d8bd,742896516,Maroantsetra,2025-10-23,2025,0.696,band,0.595,2025
ec5c60187d554c538b023dde2122eef1,742896516,Maroantsetra,2025-10-23,2024,0.892,band,0.579,2024
186dc36a0b8740ae841c1bc97468c9b4,742896578,Maroantsetra,2025-10-23,,0.000,anchor,0.446,
73bf643af47b486d8f448b96d5edac57,779461066,Maroantsetra,2026-07-20,2026,0.997,anchor,0.824,2026
13b1d8fda61a4020941cb302e5834320,779461066,Maroantsetra,2026-07-20,2025,0.998,anchor,0.833,2025
8abbc2887b2a48298be7ca15f48ca1ec,779461066,Maroantsetra,2026-07-20,2026,0.886,anchor,0.649,2026 ID:833
5d8d58f68cd744dbbea733f9d719c83e,778747750,Maroantsetra,2026-07-20,2026,0.998,anchor,0.634,2026
db6b1ef2900246f999e3762a37d5395c,778747750,Maroantsetra,2026-07-20,2026,0.000,band/redo,0.635,
17cf292311d74a71a41444973fbbc873,778747750,Maroantsetra,2026-07-20,2025,0.999,sideways-band,0.485,2025
9862613c7435431a837e532cdaf7bb7f,775756210,Maroantsetra,2026-07-20,2026,0.997,anchor,0.802,2026
8aafe6ac155e48fc9f3d8d01a4774ba3,775756210,Maroantsetra,2026-07-20,2025,0.846,anchor,0.573,2025 ID:15
e646dc1b13a848c585d8218996525c99,742896781,Maroantsetra,2025-10-25,,0.000,anchor,0.612,
576dccfcdd0c43d1942a04d1ca32f482,742897067,Maroantsetra,2025-10-29,,0.000,anchor,0.457,
51367759195d4a05ab8b87847de97383,742897067,Maroantsetra,2025-10-29,,0.000,anchor,0.578,
37d17272fe354a509798aadc4ed21d53,742897067,Maroantsetra,2025-10-29,,0.000,anchor,0.564,
a84a379f30cc4ea48971fc5f5c8d8976,742896925,Maroantsetra,2025-10-30,2025,0.947,band,0.562,2025
ceeca14760e0473b946fc0250fde1950,814646306,Maroantsetra,2025-10-30,,0.000,anchor,0.483,
438bf30a3dc64977b9f061d5755a74ca,814646306,Maroantsetra,2025-10-30,,0.000,anchor,0.463,
a0d2dcc620814039b8b3bf9a26e482b0,814646306,Maroantsetra,2025-10-30,2024,0.810,sideways-band,0.478,2024
e1827f18054b41df8475c14c91a7308c,742896963,Maroantsetra,2025-10-31,,0.000,anchor,0.590,
a39c969e1a874757878a1d5f1d44dd8e,742896963,Maroantsetra,2025-10-31,2025,0.968,band,0.578,2025
edef0acf19054330a3e507de2ecb3979,742895845,Maroantsetra,2025-11-03,,0.000,anchor,0.484,
aa0ecf8940c0436d9fa46f6e047762dd,742895845,Maroantsetra,2025-11-03,,0.000,anchor,0.566,
13deb732e45449668d637e3bede29a15,742895845,Maroantsetra,2025-11-03,,0.000,anchor,0.566,
76cb7614d6eb4d7b8592b7f9b3525a27,815285539,Maroantsetra,2025-11-05,,0.000,anchor,0.502,
79b8b02f4a084cad939e3a8e6d040237,815285539,Maroantsetra,2025-11-05,,0.000,anchor,0.489,
10d9cce997e745db8f3a80c318f7b755,742895869,Maroantsetra,2025-11-05,,0.000,anchor,0.568,
1e2173260f154b958d5a471cc161aa61,742895663,Maroantsetra,2025-11-07,,0.000,anchor,0.502,
a1853f5701164936b0ba9491790d5726,742895663,Maroantsetra,2025-11-07,,0.000,anchor,0.567,
f6e6063e6bd84da098332266fc2d3e69,742895508,Maroantsetra,2025-11-07,,0.000,anchor,0.574,
11c8b50200784ddc918ce8e5c02d6f92,742895508,Maroantsetra,2025-11-07,,0.000,anchor,0.578,
cbd07d9153d14ca39f85aea1e8a0b6df,742895546,Maroantsetra,2025-11-08,,0.000,anchor,0.548,
07141b5471124e03a78192ec7267e47b,742895546,Maroantsetra,2025-11-08,,0.000,anchor,0.545,
83045dca858044318b3317bdb141ce95,742895601,Maroantsetra,2025-11-13,,0.000,anchor,0.576,
261abd7e082242e89186fa36a24a2ada,742895601,Maroantsetra,2025-11-13,,0.000,anchor,0.586,
c1037242c72f47fa961f0fd1cfb0307b,742895553,Maroantsetra,2025-11-13,,0.000,anchor,0.463,
baa6cdf5b0f24ef2a7818535872652d2,742895553,Maroantsetra,2025-11-13,2025,0.995,sideways-band,0.477,2025
09213d89027c4e0ab7e7932aa12f4fea,742895436,Maroantsetra,2025-11-15,2024,0.893,band,0.558,2024
9de4b4a764da4a3fadaf7fbb4346cd7d,742895436,Maroantsetra,2025-11-15,2025,0.910,sideways-band,0.480,2025
5bbc0b7570c140ce86a571c1c81dd9b6,833032678,Maroantsetra,2026-07-24,2026,0.916,sideways-anchor,0.677,y2026 ID:83
84f351ea78d04ee5aec75b040e0f56a3,833032678,Maroantsetra,2026-07-24,2027,0.877,anchor,0.652,py2027 ID:83
2903f4ff32f046d99772824b7432151a,772383873,Maroantsetra,2026-07-23,,0.000,anchor,0.480,
6408d6a90b71470dbfebbc0055724db8,772383873,Maroantsetra,2026-07-23,2027,0.916,anchor,0.633,y2027 ID
edf636964a1f4af1b39389a8611256e1,771021680,Maroantsetra,2026-07-22,2025,0.998,sideways-anchor,0.785,2025
189471f64fe44d30a3583fa259534fea,742895371,Maroantsetra,2025-11-15,,0.000,anchor,0.481,
5ac89f68aee44bcc858f6bcc7478658d,742895371,Maroantsetra,2025-11-15,,0.000,anchor,0.464,
6abbfb26cf814f54ad7d7144da48c1dd,742896176,Maroantsetra,2025-11-25,,0.000,anchor,0.450,
08e5fc45d34744a3b54fdd0600c4de84,742896176,Maroantsetra,2025-11-25,,0.000,anchor,0.472,
b20e72267ba34ebcba4aedb5515013db,742896121,Maroantsetra,2025-11-20,,0.000,anchor,0.568,
1d1938d872ef4ff395cb177544dcbaf9,742896121,Maroantsetra,2025-11-20,,0.000,anchor,0.580,
4ed780b3aec34ac0b4e2664ae0cd7f2a,742895962,Maroantsetra,2025-11-25,,0.000,anchor,0.458,
e749e41338c84d4dae1f7c3e3a261dd9,742895962,Maroantsetra,2025-11-25,2025,0.998,sideways-band,0.472,2025
ef908d90ea314d14b0f6dbe958e2c936,742895962,Maroantsetra,2025-11-25,,0.000,anchor,0.471,
41e315bdc0454d70a5b4aba7945f6113,742895917,Maroantsetra,2025-11-20,,0.000,anchor,0.496,
1977f86110e142f5b440a06fe82662f7,742896073,Maroantsetra,2025-12-01,,0.000,anchor,0.534,
7eeb03576afa4a00bb878677a2e75dda,742896073,Maroantsetra,2025-12-01,,0.000,anchor,0.548,
d6256325eee94d1c8886876fe778ee92,699596877,Maroantsetra,2026-01-19,2024,0.999,anchor,0.821,2024
35b3bb11e8864b368a14d9c4e8ef1288,698772018,Maroantsetra,2026-01-21,2024,0.999,sideways-anchor,0.645,2024
f531b8e8d47a483e8aa1ff161ee5079a,698772018,Maroantsetra,2026-01-21,2025,0.971,anchor,0.566,2025ID:65
9d3f2fab07c8490a858f36cc0dae86fd,699596925,Maroantsetra,2026-01-27,2025,0.954,band,0.561,2025
a7ef06f78d4a4c8a8be41e0adbd9518e,699596925,Maroantsetra,2026-01-27,2024,0.935,sideways-band,0.476,2024
2673a5018cfa4d10bc9550b8221eb621,699596963,Maroantsetra,2026-01-31,2025,0.950,sideways-anchor,0.879,2025 ID:699
662bee74ed83477ea1cce36495858fa9,699596963,Maroantsetra,2026-01-31,2024,0.999,band,0.545,2024
1330d683ae684442a82a2a7eca882783,768991507,Maroantsetra,2026-07-29,2027,0.932,anchor,0.689,y2027 ID:76
230f1ace4b9f4942a6c24eba1aa7004f,768991507,Maroantsetra,2026-07-29,2026,0.898,anchor,0.654,py2026ID
c11c36c4fc31448dbdc33a8c0587c7b3,769020855,Maroantsetra,2026-07-30,2026,0.935,anchor,0.700,py2026ID
3f490b11470c4d8c9a7bdb71c8e0a3e0,769020855,Maroantsetra,2026-07-30,2027,0.899,anchor,0.648,oy2027ID:76
f422027da20945fbbb5b18bf1f29c523,769020855,Maroantsetra,2026-07-30,2026,0.867,anchor,0.630,oy 2026 ID :76
54713ccceaef4f16a91e34994943244a,699597603,Maroantsetra,2026-07-31,2026,0.957,band,0.633,paompy2026ID:69959760
1b732a593e21472e8a7258e5a27ddd07,699597603,Maroantsetra,2026-07-31,2026,0.948,band,0.682,paompy2026ID:69959760
23f2d1a9d5ad4a20abe893190f2c04d4,771825925,Maroantsetra,2025-12-10,,0.000,anchor,0.574,
b60fc0ce9ddf4930914d1567c1961c1f,771825925,Maroantsetra,2025-12-10,2025,0.676,band,0.577,2025
32a045052f6d45389464636447e8c5da,699595962,Maroantsetra,2025-12-10,,0.000,anchor,0.467,
bf83d1a2a1874f25ab5be0b746e13c54,699595962,Maroantsetra,2025-12-10,2025,0.998,sideways-band,0.466,2025
d147b0658973402c9a6b363f0572b285,699595962,Maroantsetra,2025-12-10,2024,0.988,sideways-band,0.467,2024
30a89a9da8bc413ab4506ca07f4983a6,699595993,Maroantsetra,2025-12-11,,0.000,anchor,0.570,
fcd5e3f6964e427f94f74cedd8ff7229,699595979,Maroantsetra,2025-12-11,,0.000,anchor,0.499,
ca7dcb407b564578b8190e02090ae96a,699595979,Maroantsetra,2025-12-11,,0.000,anchor,0.559,
057a24376d764ce688fd388977f7b8d2,699595979,Maroantsetra,2025-12-11,,0.000,anchor,0.468,
cf4a71b53d794934b7b291f5651e2d9d,698770982,Maroantsetra,2025-12-14,,0.000,anchor,0.535,
3d9cbf8cca1845f6b744ac026350c886,698770982,Maroantsetra,2025-12-14,,0.000,anchor,0.576,
6221d33ba52b4251b11e910e4f8fdc26,699596035,Maroantsetra,2025-12-11,2025,0.859,band,0.472,2025
e6e60b14e01444f980e29392c25f559d,699596035,Maroantsetra,2025-12-11,2025,0.991,band,0.594,2025
ceb6f758e96c47c8942d914cc5d31854,698771110,Maroantsetra,2025-12-12,,0.000,anchor,0.490,
93ac2b6b37fe4cef97517aefcbb246bd,698771110,Maroantsetra,2025-12-12,2025,0.975,band,0.559,2025
ff3b6c3fba144937ad1263461333ec81,783761183,Maroantsetra,2026-07-10,2026,0.999,anchor,0.837,2026
a168edc67dbe4a1db57d391ccd0457c3,783761183,Maroantsetra,2026-07-10,2025,0.958,sideways-anchor,0.677,2025 ID:783
8172ccbaaaa34f069867ce18d838cf19,783761183,Maroantsetra,2026-07-10,2026,0.998,anchor,0.733,2026
b0c6f6b0b4f54e50be320cc9c7a46ebb,742895278,Fort-Dauphin,2026-05-15,2025,0.999,anchor,0.621,2025
eed5ca5127994b1f86ff36ec63c43467,742895821,Fort-Dauphin,2026-05-15,2027,0.913,anchor,0.657,py2027ID
dc5cdd4042af47c8ad68196098d721cb,742894923,Fort-Dauphin,2026-05-15,2026,0.996,anchor,0.485,2026
e74dc8628ce54c5e8848e306395d8ce3,698772063,Maroantsetra,2026-01-27,2025,0.959,anchor,0.715,2025 ID:698
3629f6c16a354e5da232c94d67a86f41,698772063,Maroantsetra,2026-01-27,2024,0.999,anchor,0.630,2024
2dcc0502d702466e948d00520de65b4b,742896619,Maroantsetra,2026-05-19,2026,0.890,anchor,0.551,py2026ID:742
ebf3fe45f08545c28da143c2eb2d0834,742896619,Maroantsetra,2026-05-19,,0.000,anchor,0.518,
40186983c6f241bd86596a007e05a2f3,742897263,Maroantsetra,2025-10-03,2024,0.997,band,0.547,2024
cbec2d7727774affa340364e2cb2daa6,742897263,Maroantsetra,2025-10-03,2025,0.997,band,0.566,2025
f3a57fa9e38143cc8a35bcbe5a423499,742896327,Maroantsetra,2025-10-10,2024,0.989,band,0.520,2024
03eb5798d1a546509ee9082d76752e8d,742896327,Maroantsetra,2025-10-10,2025,0.997,sideways-band,0.494,2025
6776deba62054396a515b65dec724b19,742896468,Maroantsetra,2025-10-10,,0.000,anchor,0.468,
88f138a4e9c048328f0a53015c74f8d7,742896468,Maroantsetra,2025-10-10,,0.000,anchor,0.562,
f1779ef86c314f69a495f9eadb811f72,742896468,Maroantsetra,2025-10-10,2024,0.976,band,0.577,2024
b46d88b3629545ffa5b4eae3dfdad886,742896523,Maroantsetra,2025-10-18,,0.000,anchor,0.479,
76e98873a19f4b299a93922605a0c109,742896523,Maroantsetra,2025-10-18,,0.000,anchor,0.545,
53f2e89fbe7947bfb46d819d3ff56e9f,833033002,Maroantsetra,2026-07-19,2026,0.997,anchor,0.820,2026
121f16b567d44c0a80014e8ea217bb42,833033002,Maroantsetra,2026-07-19,2025,0.998,sideways-anchor,0.822,2025
df4510c2de764bdc911df2b90464e0c1,833032984,Maroantsetra,2026-07-19,2025,0.954,anchor,0.723,2025 ID:833
0e651f4c73bb424298aa5035fa297e92,833032984,Maroantsetra,2026-07-19,2026,0.998,sideways-anchor,0.748,2026
6bbd509c2684485ab7106959987584a8,742895852,Maroantsetra,2025-11-01,,0.000,anchor,0.535,
49e15eea6492413796f58bb44a303a53,742895852,Maroantsetra,2025-11-01,,0.000,anchor,0.571,
694c4b8078504af9b5cc19acac33a20e,742895852,Maroantsetra,2025-11-01,,0.000,anchor,0.464,
28fe578e85d84188b79b1175980331e7,742897029,Maroantsetra,2025-10-29,,0.000,anchor,0.491,
40c1ace4085542f5a597685a7cdecf1c,742897029,Maroantsetra,2025-10-29,2024,0.949,sideways-band,0.460,2024
aff4de9fc86a4ed1993d72345d000e37,742895735,Maroantsetra,2025-11-07,2025,0.560,band,0.549,2025
ab77ec6bf4cf4b228ce8bc985f23d24e,742895735,Maroantsetra,2025-11-07,,0.000,anchor,0.477,
0ef117690af0487b9667bae6358e79f2,742895838,Maroantsetra,2025-11-05,,0.000,anchor,0.523,
031b5f1a68c040929cb5e6a1ee618b19,742895797,Maroantsetra,2025-11-07,,0.000,anchor,0.482,
89cccf2076504afe8ed9160ec0a36bf5,742895797,Maroantsetra,2025-11-07,,0.000,anchor,0.555,
7d7761d33ba74918953009862d8509cc,742895797,Maroantsetra,2025-11-07,,0.000,anchor,0.456,
6d31086ba8764d02b631400dccfa5057,742895498,Maroantsetra,2025-11-12,,0.000,anchor,0.579,
703b02d6d8824e27ad5f3452177ca7e1,742895498,Maroantsetra,2025-11-12,,0.000,anchor,0.473,
37beb253960e495183db3a396300ed3f,742895254,Maroantsetra,2025-11-14,,0.000,anchor,0.540,
1761c7821b094575b08311fe0e7a61b3,742895254,Maroantsetra,2025-11-14,2025,0.781,sideways-band,0.469,2025
5e719d155a2d47ea950138578ff5f802,833032685,unmapped,2026-07-23,2026,0.869,anchor,0.679,py 2026 ID
9687010675f648b2a4287e8992753916,833032685,unmapped,2026-07-23,2027,0.872,anchor,0.586,py 2027 ID:833
ebd422e2c0d842528dd1902ffd59dc32,833032685,unmapped,2026-07-23,2026,0.883,anchor,0.672,y 2026 ID:83
cb45ee9e485c407ca0d1ebe41329c95e,833033105,Maroantsetra,2026-07-10,2026,0.998,anchor,0.556,2026
9283423cd2644f93b80c37699dfae83b,833033105,Maroantsetra,2026-07-10,2026,0.997,anchor,0.741,2026
1f273075980d4b8285f33e6c23122ad0,833033105,Maroantsetra,2026-07-10,2025,0.963,anchor,0.710,2025 ID:833
603b1da2ceeb4ce09b4974848a378a7b,833032692,Maroantsetra,2026-07-23,2027,0.940,sideways-anchor,0.624,y2027 ID:83
b77ab80eeb574584a4c352078372019a,833032692,Maroantsetra,2026-07-23,2026,0.957,anchor,0.684,y2026ID:83
6ab44bf59acf4bc6884249978cb346df,833032654,Maroantsetra,2026-07-22,2027,0.828,anchor,0.601,oy2027 ID:
545ab0e595ae437cb90f3b67aca2688e,833032654,Maroantsetra,2026-07-22,2026,0.867,anchor,0.657,oy2026 ID:83
a68568d2310f41bf914fc4f2b95326d0,783484655,Maroantsetra,2026-07-09,2025,0.958,anchor,0.727,2025 ID:783
ed2a89afcd1541ff934c0b835da9150a,783484655,Maroantsetra,2026-07-09,2026,0.927,sideways-anchor,0.664,2026 ID:783
df5d16af81c9439598cd702956c30451,742895340,Maroantsetra,2025-11-18,,0.000,anchor,0.544,
c268070e02d6418ea4c88d91ffdad435,742895340,Maroantsetra,2025-11-18,,0.000,anchor,0.454,
d8d179e63d1d44329655e950dd1f5dc2,742896217,Maroantsetra,2025-11-28,,0.000,anchor,0.535,
4b21b6eba5ed4be98674ff7a4c7d5001,742896217,Maroantsetra,2025-11-28,,0.000,anchor,0.561,
39a4696fec2f45cfbcbf9733246e4490,742896200,Maroantsetra,2025-11-20,,0.000,anchor,0.477,
03ca541015aa487d819ee1ea31b6c7f8,742896200,Maroantsetra,2025-11-20,,0.000,anchor,0.464,
614c68af5bde47fbbf3fc7ffb521c6ba,742895890,Maroantsetra,2025-11-20,,0.000,anchor,0.576,
7820f618c03d4cd0969fdd06e02e7371,742895890,Maroantsetra,2025-11-20,,0.000,anchor,0.573,
8a23d6fccf7a4f0aaf97e1bfd14708d7,742896097,Maroantsetra,2025-11-29,,0.000,anchor,0.469,
c33ef138144044799eed8b92e3ef2f05,698771914,Maroantsetra,2026-01-11,2025,0.919,anchor,0.572,2025 ID:698
49339b28f98e4a52ab53037d462b49d8,698771914,Maroantsetra,2026-01-11,2024,0.999,sideways-anchor,0.699,2024
68db1f78cd1c48249b730d048fba9e3d,699596815,Maroantsetra,2026-01-15,,0.000,anchor,0.455,
f468f74698d6492098f8a8af94f23763,699596815,Maroantsetra,2026-01-15,2024,0.999,anchor,0.584,2024
4e6ffb20466b41f787dabb283701d41d,699596815,Maroantsetra,2026-01-15,2025,0.948,anchor,0.832,2025 ID:699
182297b3fcf24690994ad9258c0b501f,698771983,Maroantsetra,2026-01-19,2024,0.999,sideways-anchor,0.738,2024
ee45b2305f3a4d4e94df7f239459ff53,698771983,Maroantsetra,2026-01-19,2025,0.910,anchor,0.669,2025 ID:698
0c15ae5e715244ba9c83392a4bd28913,698771969,Maroantsetra,2026-01-19,,0.000,anchor,0.497,
441934313d3647d7ae0b5cf26aace1a7,699596891,Maroantsetra,2026-01-26,2024,0.999,anchor,0.763,2024
1536c0151231477091eda5f23403c3e1,699596891,Maroantsetra,2026-01-26,2025,0.945,anchor,0.766,2025 ID:699
4abc2014804b45d895bec2857e7b7a7b,699595955,Maroantsetra,2025-12-09,,0.000,anchor,0.416,
3b33d8e881874a21a49270da8da9b611,699595955,Maroantsetra,2025-12-09,2025,0.999,band,0.582,2025
94a4610e5b5748319cb1d2ba0fb3a7b9,698770999,Maroantsetra,2025-12-10,2024,0.816,band,0.561,2024
af24d459b148425d9512efb130bbc16b,698770999,Maroantsetra,2025-12-10,2025,0.998,band,0.561,2025
3a68ee3fdc57445595a492d14f97b667,698771000,Maroantsetra,2025-12-14,2025,0.982,band,0.534,2025
1f710e52181546ee9fd7f9ad64730a61,698771000,Maroantsetra,2025-12-14,2024,0.991,band,0.576,2024
9946637b82d5453d9bcff8331e4a9295,698771048,Maroantsetra,2025-12-14,,0.000,anchor,0.593,
9ae58005a9f74e579165098491e3675e,698771048,Maroantsetra,2025-12-14,,0.000,anchor,0.537,
eeddf02b4e4045e1a88ddf4f8aa30b6b,742897933,Maroantsetra,2026-03-25,2027,0.925,anchor,0.600,y2027ID:74
40e9e72712de4eb0b925df0f1e04c3a3,742897933,Maroantsetra,2026-03-25,2026,0.844,anchor,0.519,oy2026ID:74
64decb72ad114fc1b2448adc6f20494d,742897823,Maroantsetra,2026-03-25,2026,0.838,anchor,0.594,py 2026ID:7428
d39c493cf8d84e73a33a584d59007d95,742897823,Maroantsetra,2026-03-25,2027,0.802,anchor,0.582,py 2027 ID:748
14979c3778724d91b915d4cc98b271bb,774001555,Maroantsetra,2026-07-20,2026,0.871,sideways-anchor,0.603,py2026ID :7740
44c20e24a21f45d4bbf7544bbc75e6b3,774001555,Maroantsetra,2026-07-20,2027,0.898,sideways-anchor,0.684,py 2027 ID :774
debad3eb1d634f4f985f46129e4ad37a,742897926,Maroantsetra,2026-08-26,2026,0.909,anchor,0.585,y2026 ID
ade114d98f4a425ab9629c7bbc15bf2d,742897926,Maroantsetra,2026-08-26,2026,0.931,band,0.611,paompy2026ID:742897926
876e5166fc094df6a84538a7783d71e7,742897713,Maroantsetra,2026-03-25,2027,0.920,sideways-anchor,0.682,y2027 ID
c25ed40c5bb84bf4958eb8a37bf7c281,742897713,Maroantsetra,2026-03-25,2026,0.930,anchor,0.695,py2026ID
e81e2ca7a4964741a657c44c63c494e7,742897782,Maroantsetra,2026-03-26,,0.000,anchor,0.582,
260bd1179c034c4ebbad3ed88b8a9a00,742897476,Maroantsetra,2025-09-10,,0.000,anchor,0.483,
3ff697447bcd4429be7c484aaa03d8c7,742897476,Maroantsetra,2025-09-10,,0.000,anchor,0.467,
53b19b31ae684848a3a4b50fc6806e2b,742897476,Maroantsetra,2025-09-10,,0.000,anchor,0.492,
36c20ea99fe04e06bc7636b3f2eb8051,742897373,Maroantsetra,2026-03-26,,0.000,anchor,0.583,
a8f5a5d1d6af473591f4736b3fb3cc3d,742897373,Maroantsetra,2026-03-26,,0.000,anchor,0.473,
bf782b5473bf4a8bb5acde4a47b4eea5,742897919,Maroantsetra,2026-04-21,,0.000,anchor,0.480,
e5d280fb04ef4362aa09013e563840ca,742897809,Maroantsetra,2026-04-23,2025,0.999,band,0.539,2025
b5902de4db6243ddb558e8d68e9e3dff,742897809,Maroantsetra,2026-04-23,2024,0.922,sideways-band,0.467,2024
10438363508b4179821571b8137ebbe5,742895230,Fort-Dauphin,2026-05-15,2026,0.998,anchor,0.804,2026
2c230f1818dc49efb9e129c428357190,742895625,Maroantsetra,2026-03-27,,0.000,anchor,0.504,
2e2d36f4dd744288bc5dfbe19d66e349,742895625,Maroantsetra,2026-03-27,,0.000,anchor,0.467,
ff2c58594b6845daae73f80a50eb34dc,742895625,Maroantsetra,2026-03-27,,0.000,anchor,0.560,
39c8e28a8bf84859a883eacb2520c93a,742895625,Maroantsetra,2026-03-27,2026,0.980,band,0.655,2026ID:
85705391883046b4b947aa29afd19fb0,742895797,Maroantsetra,2026-03-27,,0.000,anchor,0.504,
a4be841d9f2444fbb5b8ea0387c4819e,742898082,Maroantsetra,2026-03-27,,0.000,anchor,0.470,
661c13115fe945cfa05478604bede384,742898082,Maroantsetra,2026-03-27,2026,0.850,anchor,0.656,oy2026ID :74
e018464d4b2e4cfa8b1f0e9c8f7dbc2c,742898082,Maroantsetra,2026-03-27,2027,0.943,anchor,0.630,py2027ID
dfd7c342f0664d4f8f0a755046605523,742898037,Maroantsetra,2026-04-21,2026,0.868,sideways-anchor,0.656,oy2026ID :74
c7e2e4d5638a4c758582fef6b8cb0363,742898037,Maroantsetra,2026-04-21,2027,0.869,anchor,0.684,oy2027 ID:74
d1066a5abf4f4d9cbe2fc62cf50b29d0,698771976,Maroantsetra,2026-05-19,2027,0.899,anchor,0.637,py 2027 ID:698
b620cb47af264293b2bbf35d3eb9b837,698771976,Maroantsetra,2026-05-19,2026,0.861,anchor,0.702,py2026 ID:698
221ef24aadc94848a03bbd969a4678b9,742895591,Maroantsetra,2026-05-20,,0.000,anchor,0.489,
5318ef187c7b41409a4983bd5871850c,742895591,Maroantsetra,2026-05-20,2026,0.997,anchor,0.769,2026
563411f5b8594e24a7df0cd053fafcce,742895591,Maroantsetra,2026-05-20,2025,0.904,anchor,0.714,2025ID:74久
9c5366685fe344298145a932b80cdeac,742895577,Maroantsetra,2026-05-20,2025,0.943,anchor,0.726,2025 ID:742
23ec7bd27bf440a9820f62e4808a6ca6,742895577,Maroantsetra,2026-05-20,2026,0.977,anchor,0.723,2026ID:742
345b9ad1643b41c99d55e17692df61c3,742896004,Maroantsetra,2026-05-21,,0.000,anchor,0.493,
98e2379b53cd40789e71de038612a1e5,742896004,Maroantsetra,2026-05-21,2027,0.840,sideways-anchor,0.641,py2027 ID:74
2cd8017924db4067b432d77e05031629,742896004,Maroantsetra,2026-05-21,2026,0.832,anchor,0.611,oy2026ID:742
9b38e3bc02ea4f2ba622e6f3ac70b921,698795345,Maroantsetra,2026-05-21,,0.000,anchor,0.495,
47441dc466f64852a84535b758fcf404,742896011,Maroantsetra,2026-05-21,2027,0.974,anchor,0.539,y2027ID
f3730fb8cdf94bb7913230179ff181c3,742896011,Maroantsetra,2026-05-21,2026,0.971,anchor,0.565,y2026ID
4e470786017c4775999cf84c956eda12,699597971,Maroantsetra,2026-05-22,2027,0.862,anchor,0.668,py 2027 ID :69
88fb21fa71784268ad35c9d86f841982,699597971,Maroantsetra,2026-05-22,2026,0.887,anchor,0.652,py2026 ID:69
18ba32fccd464e60b4b452e460b92657,742895838,Maroantsetra,2026-05-22,2026,0.998,anchor,0.644,2026
3f1119221ba74500a5ea0c6213e0ae58,742895838,Maroantsetra,2026-05-22,2025,0.998,anchor,0.847,2025
42f78a7f61304fa892210967e7ef795e,742895838,Maroantsetra,2026-05-22,2026,0.934,anchor,0.613,2026 ID:
7ce2cddda83f4969ae49fcc60bb09724,905251217,Maroantsetra,2026-06-24,2025,0.947,anchor,0.787,2025 ID:905
6d6cafb8603c40b6856dca300179daa2,905251217,Maroantsetra,2026-06-24,2026,0.998,anchor,0.695,2026
043acc9557b4429e827ef42d064de9ed,813933184,Maroantsetra,2026-06-24,2025,0.905,anchor,0.698,2025 ID:8/3
5457d8c70d3645a1bcda2606e2ae381c,813933184,Maroantsetra,2026-06-24,2026,0.998,anchor,0.804,2026
ab0df0516a6e42f38e629c9faaf98e92,699596918,Maroantsetra,2026-01-27,2024,0.999,anchor,0.707,2024
56fc111782a04401a752e69c1fffc046,699596918,Maroantsetra,2026-01-27,2025,0.948,sideways-anchor,0.729,2025 ID:699
1ab5b6a294ed4d50abbd1bffb92138cc,742895759,Fort-Dauphin,2025-12-10,,0.000,anchor,0.530,
5d99b5fc34b3425f88da9d9bd180c383,742895728,Fort-Dauphin,2025-12-12,2026,0.998,anchor,0.810,2026
6722dcf5f90e4f4ab09fe24688fe4729,905251200,Maroantsetra,2026-06-24,2026,0.998,anchor,0.786,2026
97c1f0816279476fbf589f2b42550bac,905251200,Maroantsetra,2026-06-24,2026,0.998,anchor,0.686,2026
9a5c3511db674ee6905f5ea3843bb673,905251200,Maroantsetra,2026-06-24,2025,0.974,sideways-anchor,0.667,2025ID:905
523434f714714d77902e978dd0f74017,742894239,Fort-Dauphin,2026-03-23,2026,0.998,anchor,0.752,2026
78c875ff33254bd5bfe2f5c1756f71b1,742894095,Fort-Dauphin,2026-03-19,2026,0.998,anchor,0.759,2026
6b35f0bfe48a47c794d4310c1d643dd8,742894105,Fort-Dauphin,2026-03-19,2026,0.998,anchor,0.741,2026
545e87f2798444c7a62dedb72c039a97,742894260,Fort-Dauphin,2026-03-20,2026,0.998,anchor,0.752,2026
1d5994c66ceb4be7856fd859e38bf19a,742894291,Fort-Dauphin,2026-03-20,2026,0.998,anchor,0.752,2026
8b875e7b2ff0462191799a5a875eb12e,742894284,Fort-Dauphin,2026-03-20,2026,0.998,anchor,0.752,2026
99bc4a9ca8e847e28bd1ae8b6b0d841d,742894466,Fort-Dauphin,2026-03-23,2026,0.998,anchor,0.723,2026
be88ab32eec2467d96928aeb242d6e68,742895137,Fort-Dauphin,2026-03-25,2026,0.998,anchor,0.701,2026
cb58b813ee094f249655742ad24a487f,742894978,Fort-Dauphin,2026-03-24,2026,0.991,anchor,0.654,y2026ID
c80394d16045448e964256aab3c56e4b,742894978,Fort-Dauphin,2026-03-24,2026,0.935,anchor,0.678,py 2026 ID :
c0dc28a23d754f739a6eef971cab9e77,742894916,Fort-Dauphin,2026-03-25,2026,0.928,anchor,0.676,y2026ID:
15736dfb58c64c9c93bfde03d73549b5,698771031,Maroantsetra,2025-12-14,,0.000,anchor,0.542,
8e4c30f111f94d32955686c5c1e7b23d,698771031,Maroantsetra,2025-12-14,,0.000,anchor,0.551,
19c426363c02447fa848a1d449008e87,897922492,Maroantsetra,2026-06-25,2026,0.995,anchor,0.746,2026
1141d7a06dbb485bb3c5f6dc7e50a1f6,897922492,Maroantsetra,2026-06-25,2025,0.998,anchor,0.721,2025
ed6aa4c3937946b4b68169791594bce7,905251224,Maroantsetra,2026-06-25,2026,0.998,anchor,0.705,2026
931520362cae464a9711b1cdb0307ae0,905251224,Maroantsetra,2026-06-25,2026,0.949,sideways-anchor,0.676,2026 ID:905
97ad67afc77042fea492db11dc9a012f,905251224,Maroantsetra,2026-06-25,2025,0.998,anchor,0.612,2025
c190a29880044467925a63e3b455af96,897922595,Maroantsetra,2026-06-25,,0.000,anchor,0.468,
3f0bc9905b5941cea5910cfc96f365a2,897922595,Maroantsetra,2026-06-25,2026,0.921,anchor,0.751,2026 ID:897
a9a2ef4e99b24e7d8e83f53d09f1b035,897922595,Maroantsetra,2026-06-25,2025,0.998,sideways-anchor,0.747,2025
0da21b3bdd044404a2c8e9bf0d47c934,742894868,Fort-Dauphin,2026-03-26,2027,0.891,anchor,0.584,py2027ID
30109d90381a4657b94730c581fb11b6,825367379,Maroantsetra,2026-06-25,2026,0.998,anchor,0.808,2026
77af4fc69a694ad2a427d8bb8df54cac,825367379,Maroantsetra,2026-06-25,2025,0.998,anchor,0.655,2025
d91a37b566624c3b8d7ff22e7970f898,905251190,Maroantsetra,2026-06-25,2025,0.962,anchor,0.633,2025ID:905
b3e9499b8b804ff58574c5a0e89d9878,905251190,Maroantsetra,2026-06-25,2026,0.998,anchor,0.672,2026
b9ecd66381bf4f7a97b3b89d87d85be9,742897122,Maroantsetra,2025-10-03,,0.000,anchor,0.540,
87bab61414c34126832050d4418dcd34,795836457,Maroantsetra,2026-05-28,,0.000,anchor,0.412,
6078ab5ef85342c0821611972eec184e,795836457,Maroantsetra,2026-05-28,2025,0.999,anchor,0.584,2025
b446b0376cbd487dabd5477ad10c9c01,795836457,Maroantsetra,2026-05-28,2026,0.998,anchor,0.678,2026
3d848fd89c9d49a3b8365c9a6c70bf46,794587460,Maroantsetra,2026-05-29,2026,0.998,anchor,0.670,2026
0e67f30c7a5b4c539e71c0230a397c58,794587460,Maroantsetra,2026-05-29,2025,0.896,anchor,0.751,2025ID:794
b165e18c91bd42a18ee7dabf9ee2582c,833032812,Maroantsetra,2026-07-19,2027,0.891,sideways-anchor,0.726,py 2027 ID:833
b5232ed352c045b7acbc7510e56b3298,833032812,Maroantsetra,2026-07-19,2026,0.871,anchor,0.634,py2026ID:
b8a83386b0504c169bf9aa5216251f75,742894844,Fort-Dauphin,2025-12-18,2026,0.998,anchor,0.632,2026
6ca4b969a9264119af547d31f186e9c4,698771244,Maroantsetra,2025-12-19,2025,0.998,anchor,0.795,2025
0a963b7f154d4fd3bf2fa29726ec18a2,698771244,Maroantsetra,2025-12-19,2024,0.998,sideways-anchor,0.842,2024
2bac8cccf7e44fe78f4c7029a572a002,742896341,Maroantsetra,2025-10-08,,0.000,anchor,0.496,
aa6a7df8ae9442cfa35ab1655eb79f7d,742896341,Maroantsetra,2025-10-08,2024,0.995,sideways-band,0.482,2024
e20c33a518374b789f6001cb28001d81,742896169,Maroantsetra,2025-11-19,,0.000,anchor,0.468,
2ebc873cbd6c4c58b11de8485b567924,742896169,Maroantsetra,2025-11-19,,0.000,anchor,0.555,
152078bcdab14eb39dc695bb36288c18,742896169,Maroantsetra,2025-11-19,,0.000,anchor,0.609,
1ae21395a74c43c6bc783497b0bf6950,742896310,Maroantsetra,2025-10-08,2025,0.941,band,0.520,2025
813d61093f034a399516cb5997dbac1e,742896310,Maroantsetra,2025-10-08,2024,0.924,band,0.571,2024
0e2e29a08180475e97133880690de312,742896138,Maroantsetra,2025-11-20,,0.000,anchor,0.575,
ab32239d0b5f4f13b37f55004b0d8fae,698771873,Maroantsetra,2025-12-20,2025,0.998,anchor,0.710,2025
8fb6d9b55181488f80695536b9248fb8,698771873,Maroantsetra,2025-12-20,2024,0.999,sideways-anchor,0.598,2024
610d2541d1ce4a2d84e870375ca066e0,742896365,Maroantsetra,2025-10-10,,0.000,anchor,0.459,
836d9d0989ef4492b9c837a03426bf82,742896365,Maroantsetra,2025-10-10,2024,0.944,band,0.492,2024
278a3401666e4820b468935c7bea5e59,742896365,Maroantsetra,2025-10-10,2025,0.989,sideways-band,0.474,2025
86e238d7151f4dd38037b12b33d0f239,742898109,Maroantsetra,2026-03-27,2026,0.983,anchor,0.572,ompy 2026 ID
61119dd62e0649e9846c022a71c82f9e,742898109,Maroantsetra,2026-03-27,2027,0.890,sideways-anchor,0.624,py2027ID:748
9c419abd332646f78279be85f944dd4a,742898109,Maroantsetra,2026-03-27,2026,0.884,sideways-anchor,0.645,oy2026ID:74
5618beb86796469fadc0081f144dc959,742898051,Maroantsetra,2026-03-27,,0.000,anchor,0.642,
bfb0a7078a3f492a8fc6cd9ccc2a9110,742898044,Maroantsetra,2026-03-27,2026,0.984,anchor,0.722,y2026ID
ddbc35ae0a65401988fbebcaf87c05c7,742898044,Maroantsetra,2026-03-27,2027,0.896,anchor,0.783,py2027ID
e285e350209847f4a2de4c853d650a91,742895979,Maroantsetra,2025-11-20,,0.000,anchor,0.549,
6ed568a12b294ba9a80a509e233953c9,742895979,Maroantsetra,2025-11-20,,0.000,anchor,0.476,
f8f94cadef2d4cf393cc8b41b1cdabfd,698771062,Maroantsetra,2025-12-11,,0.000,anchor,0.536,
b00817fea6934cdaa36bdf4bd7f22def,698771062,Maroantsetra,2025-12-11,,0.000,anchor,0.514,
9fb5d96e584b44cd9514896cea0176a9,699595986,Maroantsetra,2025-12-12,2024,0.935,sideways-band,0.468,2024
f83a75cff5224c92a4863f49355110ac,699595986,Maroantsetra,2025-12-12,2025,0.998,band,0.568,2025
fef641e82ef64f6185e4126dda06789f,699596028,Maroantsetra,2025-12-11,2024,0.969,band,0.594,2024
09c5faa8321046f8a7c2fc131ab543f3,742896437,Maroantsetra,2025-10-08,,0.000,anchor,0.446,
2fc2854ec6f74bdab211ddbd6c629e89,767290205,Maroantsetra,2026-07-25,2027,0.858,anchor,0.620,py2027ID:767
528d8de677ae47338bd2f67ba4cf8678,767290205,Maroantsetra,2026-07-25,2026,0.972,sideways-anchor,0.653,y2026ID
99c7c563cfc748b0a98caf51577df6b1,742896286,Maroantsetra,2025-10-10,2025,0.985,band,0.576,2025
92e35c4bd70c4e32afeb36b754cc988d,742896286,Maroantsetra,2025-10-10,,0.000,anchor,0.468,
3c97ef0767ac416dbff722ddf3de4ebb,742895900,Maroantsetra,2025-11-20,,0.000,anchor,0.553,
509e79739cbe4b4e95ea9053a83cccf7,742895900,Maroantsetra,2025-11-20,,0.000,anchor,0.494,
14f8a27588a54296901d109e0a7bae37,742898068,Maroantsetra,2026-03-27,2026,0.897,sideways-band,0.474,2026ID:742898
97ef59e63b264a71befee0986532765f,742898068,Maroantsetra,2026-03-27,2026,0.979,anchor,0.705,y2026ID
298ced64b82c4a9ca4ddfb33175dc9c2,742898068,Maroantsetra,2026-03-27,2027,0.961,sideways-band,0.483,paompy2027ID:742898068
f2634ac4609a4e4fab6f1d46478db351,742894758,Fort-Dauphin,2026-03-27,2027,0.908,anchor,0.600,py2027ID
e417bf0ffc1b4e4bb1fcbcbe370fe3d1,742898020,Maroantsetra,2026-03-27,,0.000,anchor,0.483,
1efadf12503042ab9110e172a8e72e85,742898020,Maroantsetra,2026-03-27,2026,0.896,anchor,0.713,py2026ID:74
5d7533863e8147359e850769f1bd09ed,742898020,Maroantsetra,2026-03-27,2027,0.894,anchor,0.751,y2027 ID :74
576daab95a4243769b563b7d483b9b8c,742897469,Maroantsetra,2025-09-10,,0.000,anchor,0.463,
b1ffb887581f4992ac5285085d02037b,742897634,Maroantsetra,2025-09-12,,0.000,anchor,0.526,
03cd20c0ba0d4525aa5114267f99fa35,698772238,Maroantsetra,2026-02-05,2026,0.978,anchor,0.692,y2026ID
bcc0532f9204465bba3ac3f803de1ded,698772238,Maroantsetra,2026-02-05,2027,0.801,anchor,0.664,py2027 ID:698
a5393e5fd85f40538b1ffc31d83848e5,742896358,unmapped,2026-01-31,,0.000,anchor,0.551,
b83febdeddbe4b7bbb6ec7320a5bf20d,742896358,unmapped,2026-01-31,,0.000,anchor,0.625,
fa4950f658a44e8b89fed7920b960994,742895687,Fort-Dauphin,2025-09-21,,0.000,anchor,0.420,
ef92e036548b407dbecc57c4712e7bf2,742895704,Fort-Dauphin,2025-09-21,2026,0.998,anchor,0.788,2026
c1cabe58e6a040f691bf44999ea4fc36,742894442,Fort-Dauphin,2026-04-21,,0.000,anchor,0.457,
98567dc667b04de489288681fc764638,771580693,Maroantsetra,2026-04-21,2026,0.992,anchor,0.631,2026ID
b4d6d6b06eab441c8aa0d475f1c7cf1a,771580693,Maroantsetra,2026-04-21,2027,0.988,anchor,0.650,2027ID
e3b4720a663545ec9b475d8c340f95e9,698772166,Maroantsetra,2026-02-06,2027,0.859,anchor,0.611,py 2027 ID:698
44f4e78a0bc149e2af140269b138333e,698772166,Maroantsetra,2026-02-06,2026,0.838,anchor,0.639,py 2026 ID : 6g 8
095f15ef6e954a70b51364fb600c6cb5,742897892,Maroantsetra,2025-09-24,,0.000,anchor,0.527,
aabef1dcb2b742e3b9a9fc59940c48c6,742897878,Maroantsetra,2025-09-20,,0.000,anchor,0.451,
3a9fffdb06884db7b54548931d20c456,742897878,Maroantsetra,2025-09-20,2024,0.918,sideways-band,0.478,2024
90e5b517bd6b4ae5be998730d3eb7f86,742897878,Maroantsetra,2025-09-20,2025,0.998,band,0.564,2025
0e537200ad3d4425815c518560cf7487,742897689,Maroantsetra,2025-09-19,2024,0.990,band,0.576,2024
57dba11b9c2e4075895987d2e6667117,742897689,Maroantsetra,2025-09-19,,0.000,anchor,0.493,
b69462b1c25548b4853564729425bed7,742897847,Maroantsetra,2025-09-25,2025,0.898,band,0.627,2025
be3775fb97474542abc3b3247e602793,742897847,Maroantsetra,2025-09-25,2024,0.000,band/prev,0.549,
5f1bf9c15e014c09ac5afbc340ab73af,742897586,Maroantsetra,2025-09-29,2024,0.989,band,0.534,2024
21a8fca244d1450093e70f49eb97f465,742897586,Maroantsetra,2025-09-29,2025,0.999,band,0.526,2025
24a2e90fcfe045b68549cd5bc148da05,742897201,Maroantsetra,2025-10-02,,0.000,anchor,0.609,
29f23890985c41c5ba9e7e229cf5eb05,742897191,Maroantsetra,2025-10-02,2025,0.997,sideways-band,0.467,2025
a50905d4ccda41f1a10332061962f2e7,742895405,Fort-Dauphin,2026-04-21,2025,0.999,band,0.487,2025
9735b440fe2946ecb8cb9b832ded5cf0,698772111,Maroantsetra,2026-02-05,2026,0.977,anchor,0.630,y2026ID
1e33013cdab243bdacfdf916eabc8163,698772111,Maroantsetra,2026-02-05,2027,0.874,anchor,0.637,py 2027 ID:765
cfc6846577b349548a93011d8f635882,742893829,Fort-Dauphin,2026-02-05,2026,0.998,sideways-band,0.448,2026
8d4acd40ac26410c8dc4c7c350bb31b4,742896231,Maroantsetra,2025-10-09,2025,0.873,band,0.573,2025
8d71c6dd31c1488f9d62f157925f8fcd,742896231,Maroantsetra,2025-10-09,2024,0.936,sideways-band,0.464,2024
5ec9d9babafa4b6a885ec685e092e881,905251262,Maroantsetra,2026-09-03,2026,0.998,sideways-anchor,0.880,2026
29c6260b811d45388454fc20fb213370,905251262,Maroantsetra,2026-09-03,2025,0.977,anchor,0.583,2025ID:905
7fe767bf77b2445bb3201dff87e4702d,742895742,Fort-Dauphin,2025-09-20,2025,0.998,anchor,0.714,2025
521ddbd9aea7467181f35b98c67fbab0,742896262,Maroantsetra,2025-10-09,2025,0.972,band,0.612,2025
7b52bd3b78fc4da1a52eabb6a0ac6448,742896262,Maroantsetra,2025-10-09,,0.000,anchor,0.604,
e77e9a7e7c204853bb8e972f845846c4,742897366,Maroantsetra,2026-02-08,,0.000,anchor,0.476,
8d3f9d84aa374c1bb4fbb47587b8b693,742897366,Maroantsetra,2026-02-08,,0.000,anchor,0.479,
df039336e65b483ebaf83fd68b6efeab,742897366,Maroantsetra,2026-02-08,,0.000,anchor,0.503,
c3c08f8bbfe7458990431a9be2ce3070,742897366,Maroantsetra,2026-02-08,,0.000,anchor,0.502,
8bc9b52940964a17b148e4d0b9569f21,742893867,Fort-Dauphin,2026-01-16,2026,0.000,band/prev,0.499,
0244bedc38e64b7b93a1871c6f15f1b8,742893867,Fort-Dauphin,2026-01-16,2026,0.998,anchor,0.741,2026
140150309d7f4e1b9599641d9c6dabae,742893953,Fort-Dauphin,2026-01-16,2026,0.853,anchor,0.645,2026ID:7山
07d1904ef6264a6095b2c747204251c6,742896619,Maroantsetra,2025-10-17,,0.000,anchor,0.540,
bbe22bb0b8364539a410a64e9f27d9b0,742896619,Maroantsetra,2025-10-17,2025,0.997,band,0.635,2025
d41c5ccd38fe422ba1d78ed03dfd06da,742895247,Fort-Dauphin,2026-02-20,2026,0.998,sideways-anchor,0.790,2026
b9d26ed9803b4e2d87138da272c62681,742897036,Maroantsetra,2025-10-29,,0.000,anchor,0.596,
1471f648e2704eb28a720002a102451c,742896918,Maroantsetra,2025-10-30,,0.000,anchor,0.532,
a2b4809e509540dea0c5831bbaa5ed22,742894363,Fort-Dauphin,2026-02-13,,0.000,anchor,0.466,
dd2022ccd855471a85b5d772a57869a7,742894363,Fort-Dauphin,2026-02-13,,0.000,anchor,0.608,
1d6fc58789c24fe6a126666a8d8ef092,742894356,Fort-Dauphin,2026-02-13,2026,0.999,anchor,0.673,2026
758365911f4a4fa2a871efeae445e420,742894356,Fort-Dauphin,2026-02-13,2026,0.904,anchor,0.590,2026ID:742
d79040c098d34626af92ad2a170c7ca8,742894820,Fort-Dauphin,2026-03-26,2026,0.867,anchor,0.610,oy 2026 ID : 7)
b10c9312cf154a1aa6cf2933423b5a6b,742894851,Fort-Dauphin,2026-03-26,,0.000,anchor,0.464,
42b17186d63b40ea81fc957e82162faf,742894851,Fort-Dauphin,2026-03-26,2025,0.967,anchor,0.672,2025 ID:
0f6b07d8352841668a6ac009cf925dac,742894772,Fort-Dauphin,2026-03-27,2026,0.822,anchor,0.671,py 2026 ID:
2f23664584c1428bbcdc0c773b634f16,742894813,Fort-Dauphin,2026-03-27,2026,0.998,anchor,0.735,2026
f773f3ed46a34bd5a98314760966b4a6,742896389,Maroantsetra,2025-10-10,,0.000,anchor,0.502,
118291c892ae4011abb9492e71aa4a9d,742896389,Maroantsetra,2025-10-10,,0.000,anchor,0.553,
bed18798e7c44fa5b38cd10af462d97a,742896389,Maroantsetra,2025-10-10,2025,0.947,band,0.567,2025
9e8b8c650e2144b79f547447f8786cb0,699596774,Maroantsetra,2026-01-15,2024,0.999,sideways-band,0.486,2024
d7a26bd6d51d4c408c6924cd13cac906,699596774,Maroantsetra,2026-01-15,2025,0.938,sideways-anchor,0.722,2025 ID:699
a682b30408ec4ee0a3fcb05f9ccdcaea,833033246,Maroantsetra,2026-05-29,2026,0.999,anchor,0.683,2026
7b6fff9dde244b569a37d95f215b2f4b,833033208,Maroantsetra,2026-05-29,2025,0.945,anchor,0.836,2025 ID:833
4dd27924281048288ae9e5284d9f50ad,833033208,Maroantsetra,2026-05-29,2026,0.915,anchor,0.705,2026 ID:8330
9667ebd8c3574f149b7d7baab088ca62,803229680,Maroantsetra,2026-05-29,2026,0.999,anchor,0.736,2026
32fad49ce8ef496d9dcae6dc4abd474d,803229680,Maroantsetra,2026-05-29,2026,0.946,anchor,0.702,2026 ID:803
ecb87890ccd8445d8f0f2727270f1133,797885233,Maroantsetra,2026-05-29,2026,0.999,anchor,0.744,2026
1a0fc22b7b3446d7a540bf01e4376b3e,805544226,Maroantsetra,2026-05-29,,0.000,anchor,0.452,
ea72877fb80646698d80e3ce7e57d6ca,805544226,Maroantsetra,2026-05-29,2027,0.878,sideways-anchor,0.633,oy2027ID
31efb58f368a471da6305b6ed05b0320,805544226,Maroantsetra,2026-05-29,2026,0.868,anchor,0.656,oy2026 ID :805
ef0a684fdc7e478cae6871db558775a8,742895216,Fort-Dauphin,2026-02-18,2026,0.998,anchor,0.882,2026
247dc00ba4de42169e42f6253648eb0a,742895216,Fort-Dauphin,2026-02-18,2026,0.998,anchor,0.792,2026
afb6ad2bd71f4ed4aa24fde1150bcbc1,742895230,Fort-Dauphin,2026-02-18,2026,0.997,anchor,0.850,2026
667aff04f8664883b9a866986fbc8194,742895182,Fort-Dauphin,2026-02-18,2026,0.941,anchor,0.707,2026ID:74
b1bc21759621472aab1d1673ffa1b9be,742894026,Fort-Dauphin,2026-02-19,2026,0.664,anchor,0.523,2026
bbe972ca0ba84a588e81e9326513aedb,742894026,Fort-Dauphin,2026-02-19,2026,0.998,anchor,0.822,2026
e8b58ecce7914a88a5f4252a35eae495,742895948,Maroantsetra,2026-09-11,,0.000,anchor,0.490,
a8714bfe824946f1b5b539c09dd521ef,742895948,Maroantsetra,2026-09-11,,0.000,anchor,0.481,
5c901f7faca8407a9279388f269949b9,742897672,Maroantsetra,2026-09-10,,0.000,anchor,0.479,
5e6e70baf0954357885b7e62bc23d8a8,699597328,Maroantsetra,2026-02-24,2027,0.930,sideways-anchor,0.633,y2027 ID:69
53e3d270c9e6476b9a7ed41cebd4fbf1,699597452,Maroantsetra,2026-02-26,2026,0.898,anchor,0.527,y2026 ID:69
c32997f8bb0a457ea74b6a3fbc103c5a,699597452,Maroantsetra,2026-02-26,2027,0.889,sideways-anchor,0.622,py2027 ID:69
02298e7035474624a678a9e93ea1a463,742894071,Fort-Dauphin,2026-02-26,2026,0.998,sideways-anchor,0.557,2026
505fbc1d768a465ab455e07e3b6f1a10,742894064,Fort-Dauphin,2026-02-27,2026,0.998,anchor,0.837,2026
1f02774e423246b3b469c7a521eb5033,814009107,Maroantsetra,2026-06-24,,0.000,anchor,0.502,
3f4d6acc82de4813851f96898836df87,814009107,Maroantsetra,2026-06-24,,0.000,anchor,0.502,
832917725bec49a6b56a31b1cf252383,905251286,Maroantsetra,2026-06-18,2025,0.948,sideways-anchor,0.780,2025 ID:905
7263dacefe3b4d4b990fdc9fe8fc989c,905251286,Maroantsetra,2026-06-18,2026,0.957,sideways-anchor,0.687,2026 ID:905
a573de18f08245aabe3ffee164a9dc14,742897270,Maroantsetra,2026-06-20,,0.000,anchor,0.572,
b12452e0e63b40a69c4af22a07d83ccf,742897270,Maroantsetra,2026-06-20,2024,0.911,sideways-band,0.481,2024
50d54494d5b24f0997e3b4748ca7b892,815132789,Maroantsetra,2026-06-24,2025,0.998,anchor,0.796,2025
f2a803704e66473592efd4e765b3897d,815132789,Maroantsetra,2026-06-24,2026,0.887,anchor,0.772,2026 ID:815
70e79300883b43e188b181b9abdc570e,816234895,Maroantsetra,2026-06-18,2026,0.997,anchor,0.858,2026
749c3a00151e4f0ea4a73cecffb8f576,816234895,Maroantsetra,2026-06-18,2025,0.964,anchor,0.628,2025 ID:816
350d8681c0f54b729d16d2739dc2138e,791122592,Maroantsetra,2026-07-03,2026,0.998,anchor,0.724,2026
7a6174ca4c814541ae5bb9326a620568,791122592,Maroantsetra,2026-07-03,2026,0.997,sideways-anchor,0.602,2026
978ade7d2f2b40fa983cd16d21db7f44,791122592,Maroantsetra,2026-07-03,2025,0.901,anchor,0.563,2025 ID:791
842a0b0afac1433898d2ac139f79903b,780230042,Maroantsetra,2026-07-04,2025,0.998,anchor,0.675,2025
44569570c10a4cc08fca756935c61703,780230042,Maroantsetra,2026-07-04,2026,0.998,anchor,0.766,2026
064aca03c85c4d70bffd83b7de7c22f4,781126427,Maroantsetra,2026-07-03,2026,0.999,anchor,0.821,2026
2fd42f72f22b488e9b25c07122aec216,833033040,Maroantsetra,2026-07-03,2025,0.999,anchor,0.740,2025
a6a7135bc96143a696402db90411d7c5,833033040,Maroantsetra,2026-07-03,2026,0.999,sideways-anchor,0.688,2026
f1061b8ca1e64a058022a8d3b0399d79,781059150,Maroantsetra,2026-07-04,2026,0.999,band,0.525,2026
f696f2b168a24cd68ea466d99c60b476,781059150,Maroantsetra,2026-07-04,2025,0.927,anchor,0.785,2025 ID:7810
0798ccf60bc04679a15c973c4880690c,772300771,Maroantsetra,2026-06-11,2026,0.904,anchor,0.565,py2026ID:
7ea8853903e043618671aee56a57f4c1,772300771,Maroantsetra,2026-06-11,2027,0.974,anchor,0.638,y2027ID
88be5707e50c474cb026ed71aa2979ca,833032661,Maroantsetra,2026-06-11,2026,0.902,anchor,0.607,py2026ID:833
d887d27b16534df5b758a59bc0628e42,773597170,Maroantsetra,2026-06-11,2026,0.899,anchor,0.649,oy2026ID:773
14aadcc5b1cb40a0a6bda8faf0d29dbb,773597170,Maroantsetra,2026-06-11,2027,0.884,anchor,0.636,oy2027 ID:773
ffc9a51ad0624b128bc36350093ad300,763895314,Maroantsetra,2026-06-12,2026,0.898,sideways-anchor,0.584,py2026 ID :763
76b3623ecf534eac8a78434db72a9405,763895314,Maroantsetra,2026-06-12,2027,0.929,anchor,0.629,y 2027 ID
29096102a6ae4ec78cc0f55a8cb68d82,763895321,Maroantsetra,2026-06-12,2026,0.877,anchor,0.648,py2026 ID:763
e17f2869b843416fb15d5c3cbb251bda,763895321,Maroantsetra,2026-06-12,2027,0.875,anchor,0.649,oy2027 ID:763
63ecd0a005e042fdb0f2aa156346809e,764166242,Maroantsetra,2026-06-12,2026,0.880,anchor,0.638,py2026ID
65208ff575fa4c0881cf885fdb59d4cd,764166242,Maroantsetra,2026-06-12,2026,0.904,anchor,0.607,y2026ID:
8eea34cb35884fef88ed01356b5e3708,764166242,Maroantsetra,2026-06-12,2027,0.881,anchor,0.658,py2027 ID:76
f05abcfe330147cbafea0ef5efb04a13,772741428,Maroantsetra,2026-06-11,2027,0.935,sideways-band,0.462,paompy2027ID:7727414.28
6bb91b69073947e7ac23f4f70000f380,772741428,Maroantsetra,2026-06-11,2026,0.957,anchor,0.608,y2026ID:77
140c3b3a6cb7497888fee909b38d7d1c,833032647,Maroantsetra,2026-06-11,2026,0.978,anchor,0.650,y2026ID
d6c0b409a5e345eb8912454bd305f741,833032647,Maroantsetra,2026-06-11,2027,0.903,anchor,0.665,2027 ID
93b34f4a65c1425c97e2f036d802ddd5,770197467,Maroantsetra,2026-06-11,2027,0.967,sideways-anchor,0.742,y2027ID
9901d5e14dea49fdaab13000b8b11669,770197467,Maroantsetra,2026-06-11,2026,0.885,sideways-anchor,0.658,oy2026ID:77
af8a42bc7fee4122899c260129ac3b1d,773024427,Maroantsetra,2026-06-11,2026,0.881,sideways-anchor,0.650,py2026ID:773
d0c880d4c5e346a390e7112a85f30999,773024427,Maroantsetra,2026-06-11,2027,0.878,anchor,0.668,py 2027ID:773
85ecc11c6fd147828c95292bbd1f41ea,742894033,Fort-Dauphin,2026-02-25,2026,0.930,band,0.601,2026ID:
cf2d00935cdc44f583788f79f391a2fa,742894057,unmapped,2026-02-26,,0.000,anchor,0.463,
915c742ba7d9420e8df0174057318455,742893836,Fort-Dauphin,2026-02-25,2026,0.871,anchor,0.589,2026ID:7A
a88ca2f8e1f84cbaa2dc6b3cc8fa1d16,699597562,Maroantsetra,2026-03-05,2027,0.926,anchor,0.646,py2027ID
9ee6c77de2594f3cb6bbe6b4c911d7ca,699597562,Maroantsetra,2026-03-05,2026,0.842,sideways-anchor,0.675,py2026 ID :69
775305afd691489c8e41d7f607d73537,742894473,Fort-Dauphin,2026-03-10,2026,0.886,sideways-anchor,0.622,2026ID:742
7f163ebe0fb344e0806fe57f6e7d6fdc,742896750,Maroantsetra,2025-10-23,2025,0.944,band,0.557,2025
e319378f27874ec7a0070f086754addf,742896750,Maroantsetra,2025-10-23,,0.000,anchor,0.546,
190fed67673942688dabde23e7b400ad,742895838,Maroantsetra,2026-07-07,2026,0.998,anchor,0.644,2026
f72b1248bde0454db2c2b7b4d91c1b75,742895838,Maroantsetra,2026-07-07,2025,0.998,anchor,0.847,2025
580f593b0cb748669be9e437487c6ceb,742895838,Maroantsetra,2026-07-07,2026,0.934,anchor,0.613,2026 ID:
860230afe77a4934ae99676e08193093,742896743,Maroantsetra,2025-10-23,,0.000,anchor,0.492,
b621d2fc140940aa9cafd20d4a2628df,742896743,Maroantsetra,2025-10-23,,0.000,anchor,0.451,
e7226691f2db4e4f8865ccac40778908,742896736,Maroantsetra,2025-10-24,2025,0.883,sideways-band,0.485,2025
2e9ae9ba45f246308155eaa61f79dcf8,742895704,Fort-Dauphin,2025-12-12,2026,0.998,anchor,0.810,2026
225957feea2645b083baaa8c97059f6e,742895577,Maroantsetra,2025-11-13,2025,0.983,sideways-band,0.480,2025
243e27c26214476d8f9e9f0aeb6ed2a5,699597407,Maroantsetra,2026-02-25,2027,0.854,anchor,0.683,py2027 ID:699
81d00d5ed02e42458d5d96682fbeca04,699597407,Maroantsetra,2026-02-25,2026,0.853,sideways-anchor,0.663,py2026 ID:699
257891dda7ec49d6b2340ddcd29b4641,699596970,Maroantsetra,2026-02-01,2025,0.998,anchor,0.777,2025
950eb47d4eec40dabd49914f509f5267,699596970,Maroantsetra,2026-02-01,2024,0.999,anchor,0.677,2024
8a70b346e12c41b28207872029c7dfba,698772025,Maroantsetra,2026-01-26,,0.000,anchor,0.464,
fd6a0f27f66d4176a9b96a515b6957d7,742896028,Maroantsetra,2025-11-28,,0.000,anchor,0.561,
197ec35ee11b491d9bfacb5842ae740f,742896028,Maroantsetra,2025-11-28,,0.000,anchor,0.449,
4bdbd5b0630d4ec3b26da20723ef299b,742896152,Maroantsetra,2025-11-19,,0.000,anchor,0.555,
8f80722f624b4b53b8bca273d6a8e8fb,742896152,Maroantsetra,2025-11-19,,0.000,anchor,0.585,
441715080ac5487888ef6426cc9a0853,698772104,Maroantsetra,2026-02-03,2026,0.999,anchor,0.715,2026
0b8e261e8b334c16a6043f1841ebab11,698772104,Maroantsetra,2026-02-03,2025,0.993,sideways-anchor,0.743,2025
11d2e88ee4a64cceae8befc3b54ed2a9,699597012,Maroantsetra,2026-02-12,,0.000,anchor,0.474,
421841bb13344f72940ad48326397463,699597012,Maroantsetra,2026-02-12,2026,0.872,anchor,0.615,py 2026 ID :6gg
9146494db0eb4a95acc1097e7b806bd3,699597012,Maroantsetra,2026-02-12,2027,0.930,anchor,0.642,y2027ID
058e5bc6e4a54929b6100dd6c0e7c00c,742896602,Maroantsetra,2025-10-18,2024,0.994,band,0.547,2024
11ea285f049a46ed86225e35265d28f1,742895656,Maroantsetra,2025-11-12,,0.000,anchor,0.470,
53dcf854f1f346268de746a3ebcf9b1f,742895656,Maroantsetra,2025-11-12,,0.000,anchor,0.548,
332abe761dfe4adcb9eb1a1865b4c58b,771799310,Maroantsetra,2025-09-27,2024,0.813,sideways-band,0.472,2024
609fe7baf13b4a68875e6f9a2998ab3d,771799310,Maroantsetra,2025-09-27,,0.000,anchor,0.693,
b79a4379bd084d0b8283dcc3a4107b6b,699596004,Maroantsetra,2025-12-12,2024,0.953,band,0.566,2024
46a40fe5b2f14f92ae2b51c7f43f1636,699596004,Maroantsetra,2025-12-12,2025,0.981,band,0.551,2025
ba764345478c45d2b347e83d11604d57,742895405,Fort-Dauphin,2026-02-20,,0.000,anchor,0.523,
4eddfb929331476eae34145b9970cf1f,742893898,Fort-Dauphin,2026-02-25,2026,0.871,anchor,0.589,2026ID:7A
f36c3b4174ee404db821027fcb0b7db3,742893843,Fort-Dauphin,2026-01-23,2026,0.998,anchor,0.805,2026
bbb9f57a73bf4394bffca0e8911a05e0,670401615,Fort-Dauphin,2026-02-17,2026,0.998,sideways-anchor,0.763,2026
6833eee5c59145848ef788138285a23e,742894930,Fort-Dauphin,2026-01-30,,0.000,anchor,0.489,
c97cc860035a4897be174854a3636780,742894387,Fort-Dauphin,2026-01-29,2026,0.997,anchor,0.794,2026
79e7ed64b8dc43a6b89f3b6bb71b554b,742894181,Fort-Dauphin,2026-02-26,2026,0.999,anchor,0.666,2026
9dde237c81dc4f02b8840cd26fc93873,670401691,Fort-Dauphin,2025-09-21,2025,0.945,anchor,0.724,2025 ID:
a7f36698ba1f40d780629ef1f1cba916,742894552,Fort-Dauphin,2026-02-07,2026,0.998,sideways-anchor,0.815,2026
2a9dbe9e54ec4bad844f0be358751170,742894569,Fort-Dauphin,2026-01-23,2026,0.998,anchor,0.833,2026
413917a8c9234b3183a5162dfc9ceaa7,742895728,Fort-Dauphin,2025-09-21,2026,0.998,anchor,0.788,2026
c7f08b75b24f4263a3fd11e012df2ea1,742894844,Fort-Dauphin,2026-01-30,2026,0.998,anchor,0.807,2026
8d349f859eb141c5b45aa38db23102a1,742894693,Fort-Dauphin,2026-01-23,2026,0.998,anchor,0.656,2026
fd9233e316a4479ea06afe83de12b959,742894318,Fort-Dauphin,2026-02-12,,0.000,anchor,0.447,
be1101d7cd604f0591377da5912d9858,742894318,Fort-Dauphin,2026-02-12,2026,0.999,band,0.578,2026
f21fd8b1dd934e15a303fd739bd2cb94,670401684,Fort-Dauphin,2025-09-21,2026,0.998,anchor,0.787,2026
c24b5df2910946b996c1bb825509043f,742894301,Fort-Dauphin,2026-02-12,2026,0.998,sideways-anchor,0.618,2026
01afee564d124bbe94e66608161e5e8e,742895395,Fort-Dauphin,2026-02-20,2026,0.998,anchor,0.813,2026
fb22e090739e40438546bb22e7de4a84,742895395,Fort-Dauphin,2026-02-20,2026,0.998,anchor,0.667,2026
e9960e430b53449a9453b82426579f3c,742893850,Fort-Dauphin,2026-01-23,2026,0.924,anchor,0.711,2026 ID:
d7f792d3a9ba47768152c17e2734ca85,742895199,Fort-Dauphin,2026-02-18,2026,0.000,band/prev,0.606,
a0168e0ce33f42838926e8bac01fec3a,742895199,Fort-Dauphin,2026-02-18,2026,0.944,anchor,0.754,2026ID:2
843b02b99fd14ea9a70cc340f83db2da,670402094,Fort-Dauphin,2026-01-28,,0.000,anchor,0.458,
6805825f2434473f84a4536a9005246f,670402094,Fort-Dauphin,2026-01-28,2026,0.998,anchor,0.679,2026
925c14c3cf604d1e93300f49630708de,742895759,Fort-Dauphin,2025-09-20,,0.000,anchor,0.506,
db3745663b124e11bd66aa671f7dc4be,670401763,Fort-Dauphin,2026-02-20,2026,0.852,anchor,0.774,2026 ID:670
f11c67c52c154945beaffbdada150ed3,742895670,Fort-Dauphin,2025-09-21,2026,0.998,anchor,0.696,2026
76930024d8f5424cb0507acc13067d8a,742894150,Fort-Dauphin,2026-02-11,2026,0.886,sideways-band,0.454,2026ID:
1811236a92184fd68f0dfc5aedd59b44,742897555,Maroantsetra,2025-09-18,,0.000,anchor,0.531,
9f8c18d3631742dba70de0eccad2560a,742897555,Maroantsetra,2025-09-18,,0.000,anchor,0.470,
1f87d58f6ea84d2584d91dba1123e126,742897610,Maroantsetra,2025-09-11,,0.000,anchor,0.659,
6726801a70b7461d82fab1f9e4889c74,742897579,Maroantsetra,2025-09-18,2024,0.993,band,0.590,2024
4652f0d12aba4c639a00723fab7e7165,742897579,Maroantsetra,2025-09-18,2025,0.998,band,0.615,2025
18c9f10667b446b3a2ea0bbe96c7fbbd,742897421,Maroantsetra,2025-09-21,,0.000,anchor,0.625,
da31ee3a18a747898301202f39a1f39c,742897421,Maroantsetra,2025-09-21,,0.000,anchor,0.438,
0fbf585ba1724a9d8a309e84d1cc2412,742897380,Maroantsetra,2025-09-09,,0.000,anchor,0.494,
4a6fabbf11414993a2d531d356baf56b,742897751,Maroantsetra,2025-09-20,,0.000,anchor,0.538,
da6ec522083148ebafb170f4fd965759,742897744,Maroantsetra,2025-09-20,,0.000,anchor,0.597,
8ab810b419b648b39ab64e07c9441c8d,742897744,Maroantsetra,2025-09-20,2025,0.732,band,0.570,2025
3f5b8a8d1f6041d7ac77c014dda7a8db,670401691,Fort-Dauphin,2025-12-12,2025,0.999,band,0.824,2025
b612c08cd63c4812b27db81d4ad3de04,742895821,Fort-Dauphin,2025-12-12,,0.000,anchor,0.455,
187ee06715874fcfbc06f4ee4c10cbe2,742895814,Fort-Dauphin,2025-12-15,2026,0.998,anchor,0.723,2026
24c36d644dac4dc1b4734c0683de47b0,742895687,Fort-Dauphin,2025-12-15,2025,0.975,band,0.625,2025ID:
071dcdb502504805968e5baa5dfff195,742896774,Maroantsetra,2025-10-25,,0.000,anchor,0.477,
caf0267d7f0b49c48dd8b71d057f7b58,742896774,Maroantsetra,2025-10-25,,0.000,anchor,0.490,
70b8b3bdd9e4451d8a5cde1c94d515c0,742896798,Maroantsetra,2025-10-25,,0.000,anchor,0.428,
6d63e4ffcd974645b9fa0b8920816200,742896767,Maroantsetra,2025-10-24,2025,0.807,sideways-band,0.477,2025
3aeb27aee4474fe682c0de3b7c128031,742896767,Maroantsetra,2025-10-24,,0.000,anchor,0.483,
594ee99e14b44373a642574b443b8d2b,742897641,Maroantsetra,2026-07-07,2026,0.799,anchor,0.608,py2026ID:74名
073b963fc58a4b5db4d1a5e77c303d17,742897641,Maroantsetra,2026-07-07,2027,0.873,anchor,0.620,y2027 ID:4
3da783122ca84cefa71678ab0dc9ba3b,823946480,Maroantsetra,2026-06-04,2025,0.998,anchor,0.782,2025
609af25b288f4678a7e08b7b59403318,823946480,Maroantsetra,2026-06-04,2026,0.998,sideways-anchor,0.774,2026
db838c74491445118ea1b378421ee88b,905251358,Maroantsetra,2026-06-04,,0.000,anchor,0.425,
6fdbe90d3b80459686b1b43905c72a78,905251372,Maroantsetra,2026-06-04,2026,0.998,band,0.532,2026
6bd19192c9424612a4dec5f3aa0c9dd1,833032867,Maroantsetra,2026-06-05,2025,0.998,anchor,0.838,2025
4c3fb1e89a5e42e6930c49b261768c01,833032867,Maroantsetra,2026-06-05,2024,0.999,anchor,0.491,2024
4324c3e0249d4ca0883ce832e3e31b5c,742897885,Maroantsetra,2026-06-06,2025,0.997,band,0.640,2025
84f59bba1d4f48b09db42628c0582381,742896839,unmapped,2025-10-25,,0.000,anchor,0.493,
70ccc6c1a4994a00b84a40edf39c03af,742896839,unmapped,2025-10-25,2025,0.984,band,0.536,2025
4f9e4190cc194378bdbefaca0297c12d,774009687,Maroantsetra,2026-06-05,2026,0.883,anchor,0.658,oy2026ID:77
c183a9c844174c8994e2721f5b4eaae7,774009687,Maroantsetra,2026-06-05,2027,0.973,anchor,0.662,2027ID
fe4cc4aeb222496687dcc3a36700d459,833032771,Maroantsetra,2026-06-06,2024,0.999,anchor,0.645,2024
521bf7f29fb346be9764dd5c67aa00db,742895522,Maroantsetra,2025-11-07,,0.000,anchor,0.486,
68a70e32625141f593f36e211fabbcf7,824580917,Maroantsetra,2026-06-04,2026,0.997,anchor,0.774,2026
25d12a0fc06842259f17c185c86053c2,824580917,Maroantsetra,2026-06-04,2025,0.999,sideways-anchor,0.896,2025
b03d66a46a164b55bf9f3fd9a5f2dbca,779506385,Maroantsetra,2026-06-05,2025,0.999,sideways-anchor,0.692,2025
da2ac072b6604c3ea4bf22aa77099d9b,905251341,Maroantsetra,2026-06-04,,0.000,anchor,0.515,
9894c054226a42909b7b153e14c4e0a2,833033019,Maroantsetra,2026-06-05,2025,0.944,anchor,0.723,2025 ID:833
36a5d9848ebe44a49b44f915a570d6ea,742896846,Maroantsetra,2025-10-25,2025,0.999,sideways-band,0.480,2025
2d4ea9d24817456982b2ae9291026a2e,742896846,Maroantsetra,2025-10-25,,0.000,anchor,0.489,
1d92e7a90e064dff8315f2a7accec98d,742895591,Maroantsetra,2025-11-13,,0.000,anchor,0.562,
a2b970404344473598ea215c46cc29ec,742895591,Maroantsetra,2025-11-13,,0.000,anchor,0.558,
bdd90dd752094dbb96e7137260c1fdcb,742896815,Maroantsetra,2025-10-28,,0.000,anchor,0.494,
5b790b8c177a49bb9f54f9dc1991fc03,742896815,Maroantsetra,2025-10-28,2025,0.960,sideways-band,0.499,2025
9ce5727f1b7e4984b74e21d97c53ed0e,742896853,Maroantsetra,2025-10-29,2024,0.843,band,0.538,2024
04c336bb540f4473ace47465de5e8ee5,833032764,Maroantsetra,2026-06-06,,0.000,anchor,0.428,
33cb48df1a964c41b3d1ecb2749b8286,773042759,Maroantsetra,2026-06-06,2025,0.932,band,0.529,2025ID:773042759
05bc9d3c53504d8e88457fead3431f25,773042759,Maroantsetra,2026-06-06,2024,0.999,anchor,0.650,2024
e4110c66a4674856b1f49afbab86b73a,699597407,Maroantsetra,2026-06-06,2026,0.835,anchor,0.649,oy2026 ID :699
e0c4a514d1754a219e5bde2e5ef52e84,833032702,Maroantsetra,2026-06-09,2027,0.879,anchor,0.642,py2027 ID:833
06b2be14a6344ec9879978a80755d5eb,833032702,Maroantsetra,2026-06-09,2026,0.915,anchor,0.648,y2026ID:
ae3ec8fc3a774a33b19c15aa8802ed2b,742897933,Maroantsetra,2026-06-09,,0.000,anchor,0.524,
0a9c7f1ec5544635b6b02275f002a913,742896808,Maroantsetra,2025-10-28,,0.000,anchor,0.436,
edd26296dc9640759257ed599fe4fdb5,742896808,Maroantsetra,2025-10-28,2024,0.865,sideways-band,0.464,2024
560d9229e4c5432680146f4df0474a77,742896822,Maroantsetra,2025-10-28,,0.000,anchor,0.580,
4588e17b1721463a817a937e909be419,742896884,Maroantsetra,2025-10-29,2024,0.822,band,0.608,2024
047ee349d31c40b89c2937c35fe16a50,742896884,Maroantsetra,2025-10-29,2024,0.932,band,0.567,2024
b01be885161242c8b1e94fa49e5c4df7,742895618,Maroantsetra,2025-11-08,,0.000,anchor,0.486,
7b5b32a25e27478dbc9716204e45998b,742895618,Maroantsetra,2025-11-08,,0.000,anchor,0.472,
4de2e920b48c40ad8d88d9a011b68ed0,742895618,Maroantsetra,2025-11-08,,0.000,anchor,0.498,
febdfe97f2dc4a35be7ba85a7177aa18,833032946,Maroantsetra,2026-06-10,,0.000,anchor,0.445,
74f340c9b3cf4ae7af9a43aa8f18e576,833032946,Maroantsetra,2026-06-10,,0.000,anchor,0.559,
f1318c922e4c4d8c9265570a160f365a,833032946,Maroantsetra,2026-06-10,2027,0.904,anchor,0.616,py2027ID
8b774c484a3e470b8c2482fcf3a7cf6f,775759299,Maroantsetra,2026-06-10,2026,0.907,anchor,0.611,py2026ID:775
bb4ddd3739ed40e9a4fefe90929d3a2a,775759299,Maroantsetra,2026-06-10,2027,0.932,sideways-anchor,0.669,py2027ID
af29fdf52c664f70be5fc2c5b5adb651,776596880,Maroantsetra,2026-06-10,2026,0.000,band/prev,0.473,
f6834d693dc9425fa7f2f752201ae289,776596880,Maroantsetra,2026-06-10,2026,0.998,sideways-anchor,0.761,2026
0921875b3a1e4eb8ae0ff436a57f0ddf,776596880,Maroantsetra,2026-06-10,2025,0.895,anchor,0.716,2025 ID:446
358742a48847486f887f2db2807ad945,786872060,Maroantsetra,2026-06-03,2026,0.982,anchor,0.630,y2026ID
f7573e47790e4da8b40c928da04f6fed,786872060,Maroantsetra,2026-06-03,2026,0.982,anchor,0.630,y2026ID
82bf2f60cbcd4ae99b99cbe13b3c7d51,800634100,Maroantsetra,2026-06-03,2025,0.839,anchor,0.760,2025 ID:80063
684fb599a0734bac98b8e21716c12b40,800634100,Maroantsetra,2026-06-03,2026,0.998,sideways-anchor,0.815,2026
a30757108f4c4b57a40334f4ebea39ae,812862094,Maroantsetra,2026-06-03,2025,0.998,anchor,0.730,2025
3a5dd39754c54fb0a0162b444ba3b34c,812862094,Maroantsetra,2026-06-03,2026,0.916,anchor,0.698,2026 ID:
bbdc492238274a43b64c6500be1e7c92,742895560,Maroantsetra,2025-11-13,,0.000,anchor,0.546,
58c499ee249441c1b4d297bda9c70d05,905251396,Maroantsetra,2026-06-03,2026,0.998,anchor,0.746,2026
9a6fc7dd6f724abe91e003f7761ae0bb,905251396,Maroantsetra,2026-06-03,2025,0.889,sideways-anchor,0.784,2025 ID:005
322d3ef404e44dcb91374cc32b51bbeb,905251389,Maroantsetra,2026-06-03,2026,0.998,sideways-anchor,0.718,2026
64b09bbf2e55462287fbf2cf4fb11a3b,905251389,Maroantsetra,2026-06-03,2025,0.925,sideways-anchor,0.660,2025 ID:905
5f43b601de1c45629c162269df00e566,822906175,Maroantsetra,2026-06-04,2026,0.998,anchor,0.601,2026
5e318bb5d60841c99e1f002120613b54,822906175,Maroantsetra,2026-06-04,2025,0.999,band,0.547,2025
740a9017aada4b8eadd917451e2e2193,822906175,Maroantsetra,2026-06-04,2026,0.997,sideways-anchor,0.834,2026
f565aa35760d4b26af5ffef991841487,742897500,Maroantsetra,2025-09-10,,0.000,anchor,0.489,
ad770a7c62c64651bab1e823a67d73a3,742897500,Maroantsetra,2025-09-10,,0.000,anchor,0.607,
1e3de6c0187f40e6919ec04a64fda1fc,742895302,Fort-Dauphin,2026-05-15,2026,0.997,anchor,0.758,2026
a7b87734e15443e09ec29f609e07c24c,742895467,Maroantsetra,2025-11-13,,0.000,anchor,0.607,
e23f06be0bea4b14a623ff5be53c8770,742895467,Maroantsetra,2025-11-13,2025,0.992,band,0.566,2025
9c70a783c8b44253aa17750fab07da03,742896145,Maroantsetra,2025-11-26,,0.000,anchor,0.577,
33cac7641d7a4da4afe7428d2f5328ca,742896145,Maroantsetra,2025-11-26,,0.000,anchor,0.475,
34f6b5dd25d64af0be4e6a501df6dbc4,742896066,Maroantsetra,2025-12-01,,0.000,anchor,0.621,
81860c739cdb48cb9f840401d73f2d77,742896066,Maroantsetra,2025-12-01,,0.000,anchor,0.552,
0a4100008f4441ceae8ab3d07ed68d6a,699596729,Maroantsetra,2026-01-11,2025,0.972,anchor,0.719,2025ID:699
cfbaf6ec3628456a89d18f46d6932e27,699596729,Maroantsetra,2026-01-11,2024,0.999,anchor,0.759,2024
c8cde20553fb470182c75760dca66be1,699596712,Maroantsetra,2026-01-11,,0.000,anchor,0.505,
4c8d06c82a034b49bcd3654b9c874748,699596712,Maroantsetra,2026-01-11,2025,0.969,anchor,0.711,2025ID:699
9427cd030e2c44c69d3283fa60a12ddd,699596712,Maroantsetra,2026-01-11,2024,0.999,anchor,0.690,2024
ac1e8728275f4197a66d33200d11eb84,742897861,Maroantsetra,2025-09-22,,0.000,anchor,0.476,
44c7d11cb77243d083fdb93ddf93e6fb,742897861,Maroantsetra,2025-09-22,,0.000,anchor,0.481,
582557950a4f4e88996279552d891f70,833033095,Maroantsetra,2026-07-09,2026,0.998,sideways-anchor,0.858,2026
a2a06d7776b1406988d17925f36f251b,833033095,Maroantsetra,2026-07-09,2025,0.922,anchor,0.720,2025 ID:833
d588ce53e55543118fc8c733c34590b4,698771945,Maroantsetra,2026-01-14,,0.000,anchor,0.459,
389381ed16b64080a8acffa55d51d368,698771945,Maroantsetra,2026-01-14,2025,0.943,anchor,0.715,2025 ID:698
34008bfb0af145bdab2c502743502901,698771945,Maroantsetra,2026-01-14,2024,0.999,anchor,0.738,2024
b813dbfa4d1746ec9f885fa407db44f1,699596860,Maroantsetra,2026-01-19,,0.000,anchor,0.488,
3805b3dd8bd04c2097424c07c034e98c,699596901,Maroantsetra,2026-01-26,,0.000,anchor,0.463,
ac45742b30084ec692d35de35b89bdcd,699596901,Maroantsetra,2026-01-26,2025,0.948,sideways-anchor,0.744,2025 ID:699
c8ff19f48d4e4e1f838b613fc447126b,699596901,Maroantsetra,2026-01-26,2024,0.999,anchor,0.693,2024
230c3d2a230d4449bba9c51ac4e25a82,698772094,Maroantsetra,2026-01-27,,0.000,anchor,0.483,
fd22ed8963cd4c8c82d3e73867a5b770,742894789,Fort-Dauphin,2026-05-22,,0.000,anchor,0.539,
7249e5ab82d24c6593c320a946cb953d,742894789,Fort-Dauphin,2026-05-22,2027,0.910,anchor,0.714,y 2027 ID:
f2da1b02b7c64b698a948eda688f81f2,742897081,Maroantsetra,2025-10-03,,0.000,anchor,0.478,
c1c08683f2a84590915179394d4a3902,742896729,Maroantsetra,2025-10-21,2025,0.980,band,0.541,2025
efb0a81129b84e2f9bb1addf28b1763d,718551997,Maroantsetra,2025-11-13,,0.000,anchor,0.481,
ca9a4687a1c744179c7b4f368b137bae,718551997,Maroantsetra,2025-11-13,,0.000,anchor,0.492,
34b733f4f69e4472be06e77d34a5f53b,742895481,Maroantsetra,2025-11-15,,0.000,anchor,0.473,
4e1b3e45ff614f7d9136d186e3f79c76,742895481,Maroantsetra,2025-11-15,,0.000,anchor,0.576,
438e17ed88ba450c8037d6c7f838b93e,699596781,Maroantsetra,2026-01-15,2025,0.933,anchor,0.750,2025 ID:699
b0aa6a56c0474338a61f3562bd1af25c,699596781,Maroantsetra,2026-01-15,2024,0.999,sideways-anchor,0.717,2024
eb5e3258923c4a95a35e9247e4456e00,768979123,Maroantsetra,2026-07-30,2027,0.869,anchor,0.664,oy2027 ID:76
8948e8f682084a61ac29b55fbeff1fc6,768979123,Maroantsetra,2026-07-30,2026,0.893,sideways-anchor,0.688,y 2026 ID :76
2d377d578433478ebcc29bf9aecf035a,698771086,unmapped,2026-01-31,2025,0.971,band,0.505,2025
1feb283426f34623b49d7b5faee79170,698771086,unmapped,2026-01-31,2024,0.925,band,0.515,2024
